# MagicaVoxel @ Ephtracy

# group
o 

# material
mtllib Lighthouse.mtl
usemtl palette

# normals
vn -1 0 0
vn 1 0 0
vn 0 0 1
vn 0 0 -1
vn 0 -1 0
vn 0 1 0

# texcoords
vt 0.912109 0.5
vt 0.939453 0.5
vt 0.943359 0.5
vt 0.970703 0.5
vt 0.994141 0.5

# verts
v -6.1 0.1 3.5
v -6.1 0.1 1.8
v -6.1 0.2 3.5
v -6.1 0.2 1.8
v -6 0.2 3.4
v -6 0.2 1.9
v -6 0.3 3.4
v -6 0.3 1.9
v -5.9 0.3 3.3
v -5.9 0.3 2
v -5.9 0.4 3.3
v -5.9 0.4 2
v -5.8 0.4 3.2
v -5.8 0.4 2.1
v -5.8 0.5 3.2
v -5.8 0.5 2.1
v -5.7 0.1 3.9
v -5.7 0.1 3.5
v -5.7 0.2 3.9
v -5.7 0.2 3.5
v -5.7 0.5 3.1
v -5.7 0.5 2.2
v -5.7 0.6 3.1
v -5.7 0.6 2.2
v -5.6 0.2 3.8
v -5.6 0.2 3.4
v -5.6 0.3 3.8
v -5.6 0.3 3.4
v -5.6 0.6 3
v -5.6 0.6 2.3
v -5.6 0.7 3
v -5.6 0.7 2.3
v -5.5 0.1 1.8
v -5.5 0.1 1.6
v -5.5 0.2 1.9
v -5.5 0.2 1.8
v -5.5 0.3 3.7
v -5.5 0.3 3.3
v -5.5 0.3 2
v -5.5 0.3 1.9
v -5.5 0.4 3.7
v -5.5 0.4 3.3
v -5.5 0.4 2
v -5.5 0.4 1.6
v -5.5 0.7 2.9
v -5.5 0.7 2.4
v -5.5 0.8 2.9
v -5.5 0.8 2.4
v -5.4 0.4 3.6
v -5.4 0.4 3.2
v -5.4 0.4 2.1
v -5.4 0.4 1.7
v -5.4 0.5 3.6
v -5.4 0.5 3.2
v -5.4 0.5 2.1
v -5.4 0.5 1.7
v -5.3 0.5 3.5
v -5.3 0.5 3.1
v -5.3 0.5 2.2
v -5.3 0.5 1.8
v -5.3 0.6 3.5
v -5.3 0.6 3.1
v -5.3 0.6 2.2
v -5.3 0.6 1.8
v -5.2 0.6 3.4
v -5.2 0.6 3
v -5.2 0.6 2.3
v -5.2 0.6 1.9
v -5.2 0.7 3.4
v -5.2 0.7 3
v -5.2 0.7 2.3
v -5.2 0.7 1.9
v -5.1 0.7 3.3
v -5.1 0.7 2.9
v -5.1 0.7 2.4
v -5.1 0.7 2
v -5.1 0.8 3.3
v -5.1 0.8 2.9
v -5.1 0.8 2.4
v -5.1 0.8 2
v -5.1 15.4 3.4
v -5.1 15.4 1.9
v -5.1 15.6 3.4
v -5.1 15.6 1.9
v -5 0.1 4
v -5 0.1 3.9
v -5 0.1 1.6
v -5 0.1 1.2
v -5 0.2 3.9
v -5 0.2 3.8
v -5 0.3 3.8
v -5 0.3 3.7
v -5 0.4 3.7
v -5 0.4 3.6
v -5 0.4 1.7
v -5 0.4 1.6
v -5 0.5 3.6
v -5 0.5 3.5
v -5 0.5 1.8
v -5 0.5 1.7
v -5 0.6 3.5
v -5 0.6 3.4
v -5 0.6 1.9
v -5 0.6 1.8
v -5 0.7 3.4
v -5 0.7 3.3
v -5 0.7 2
v -5 0.7 1.9
v -5 0.8 3.3
v -5 0.8 2
v -5 0.9 4
v -5 0.9 1.2
v -5 11.3 4
v -5 11.3 1.2
v -5 11.6 4
v -5 11.6 1.2
v -5 15.4 3.4
v -5 15.4 1.9
v -5 15.4 1.3
v -5 15.4 1.2
v -5 15.6 4
v -5 15.6 3.4
v -5 15.6 1.9
v -5 15.6 1.3
v -4.9 15.4 4.3
v -4.9 15.4 4
v -4.9 15.4 1.3
v -4.9 15.4 1.2
v -4.9 15.4 1
v -4.9 15.6 4.3
v -4.9 15.6 4
v -4.9 15.6 1.3
v -4.9 15.6 1
v -4.8 15.4 4.6
v -4.8 15.4 4.3
v -4.8 15.4 1
v -4.8 15.4 0.7
v -4.8 15.6 4.6
v -4.8 15.6 4.3
v -4.8 15.6 1
v -4.8 15.6 0.7
v -4.7 15.4 4.9
v -4.7 15.4 4.6
v -4.7 15.4 0.7
v -4.7 15.4 0.400001
v -4.7 15.6 4.9
v -4.7 15.6 4.6
v -4.7 15.6 0.7
v -4.7 15.6 0.400001
v -4.6 0.1 5.2
v -4.6 0.1 4
v -4.6 0.1 1.2
v -4.6 0.1 0
v -4.6 0.9 5.2
v -4.6 0.9 4
v -4.6 0.9 3.6
v -4.6 0.9 1.6
v -4.6 0.9 1.2
v -4.6 0.9 0
v -4.6 1.7 4
v -4.6 1.7 3.6
v -4.6 1.7 1.6
v -4.6 1.7 1.2
v -4.6 11.3 5.2
v -4.6 11.3 4
v -4.6 11.3 1.2
v -4.6 11.3 0
v -4.6 11.6 5.2
v -4.6 11.6 4
v -4.6 11.6 1.2
v -4.6 11.6 0
v -4.6 15.4 5.2
v -4.6 15.4 5.1
v -4.6 15.4 4.9
v -4.6 15.4 4
v -4.6 15.4 1.2
v -4.6 15.4 0.400001
v -4.6 15.4 0.2
v -4.6 15.4 0
v -4.6 15.6 5.1
v -4.6 15.6 4.9
v -4.6 15.6 0.400001
v -4.6 15.6 0.2
v -4.5 15.4 5.3
v -4.5 15.4 5.2
v -4.5 15.4 5.1
v -4.5 15.4 0.2
v -4.5 15.4 0
v -4.5 15.6 5.3
v -4.5 15.6 5.1
v -4.5 15.6 0.2
v -4.5 15.6 0
v -4.4 15.4 5.5
v -4.4 15.4 5.3
v -4.4 15.4 0
v -4.4 15.4 -0.2
v -4.4 15.6 5.5
v -4.4 15.6 5.3
v -4.4 15.6 0
v -4.4 15.6 -0.2
v -4.3 15.4 5.7
v -4.3 15.4 5.5
v -4.3 15.4 -0.2
v -4.3 15.4 -0.4
v -4.3 15.6 5.7
v -4.3 15.6 5.5
v -4.3 15.6 -0.2
v -4.3 15.6 -0.4
v -4.2 0.1 6
v -4.2 0.1 5.2
v -4.2 0.1 0
v -4.2 0.1 -0.8
v -4.2 0.9 6
v -4.2 0.9 5.2
v -4.2 0.9 4
v -4.2 0.9 1.2
v -4.2 0.9 0
v -4.2 0.9 -0.8
v -4.2 1.7 5.2
v -4.2 1.7 4
v -4.2 1.7 3.6
v -4.2 1.7 1.6
v -4.2 1.7 1.2
v -4.2 1.7 0
v -4.2 2.5 4
v -4.2 2.5 3.6
v -4.2 2.5 1.6
v -4.2 2.5 1.2
v -4.2 3.3 4
v -4.2 3.3 1.2
v -4.2 11.3 6
v -4.2 11.3 5.2
v -4.2 11.3 0
v -4.2 11.3 -0.8
v -4.2 11.6 6
v -4.2 11.6 5.2
v -4.2 11.6 0
v -4.2 11.6 -0.8
v -4.2 15.4 6
v -4.2 15.4 5.8
v -4.2 15.4 5.7
v -4.2 15.4 5.2
v -4.2 15.4 0
v -4.2 15.4 -0.4
v -4.2 15.4 -0.5
v -4.2 15.4 -0.8
v -4.2 15.6 5.8
v -4.2 15.6 5.7
v -4.2 15.6 -0.4
v -4.2 15.6 -0.5
v -4.1 15.4 6
v -4.1 15.4 5.8
v -4.1 15.4 -0.5
v -4.1 15.4 -0.7
v -4.1 15.6 6
v -4.1 15.6 5.8
v -4.1 15.6 -0.5
v -4.1 15.6 -0.7
v -4 15.4 6.1
v -4 15.4 6
v -4 15.4 -0.7
v -4 15.4 -0.8
v -4 15.6 6.1
v -4 15.6 6
v -4 15.6 -0.7
v -4 15.6 -0.8
v -3.9 15.4 6.3
v -3.9 15.4 6.1
v -3.9 15.4 -0.8
v -3.9 15.4 -1
v -3.9 15.6 6.3
v -3.9 15.6 6.1
v -3.9 15.6 -0.8
v -3.9 15.6 -1
v -3.8 0.1 6.4
v -3.8 0.1 6
v -3.8 0.1 -0.8
v -3.8 0.1 -1.2
v -3.8 0.9 6.4
v -3.8 0.9 6
v -3.8 0.9 5.6
v -3.8 0.9 5.2
v -3.8 0.9 0
v -3.8 0.9 -0.4
v -3.8 0.9 -0.8
v -3.8 0.9 -1.2
v -3.8 1.7 5.6
v -3.8 1.7 5.2
v -3.8 1.7 4.8
v -3.8 1.7 4
v -3.8 1.7 1.2
v -3.8 1.7 0.400001
v -3.8 1.7 0
v -3.8 1.7 -0.4
v -3.8 2.5 4.8
v -3.8 2.5 4
v -3.8 2.5 1.2
v -3.8 2.5 0.400001
v -3.8 3.3 4.8
v -3.8 3.3 4
v -3.8 3.3 1.2
v -3.8 3.3 0.400001
v -3.8 4.1 4
v -3.8 4.1 1.2
v -3.8 11.3 6.4
v -3.8 11.3 6
v -3.8 11.3 -0.8
v -3.8 11.3 -1.2
v -3.8 11.6 6.4
v -3.8 11.6 6
v -3.8 11.6 -0.8
v -3.8 11.6 -1.2
v -3.8 15.4 6.3
v -3.8 15.4 6
v -3.8 15.4 -0.8
v -3.8 15.4 -1
v -3.8 15.4 -1.1
v -3.8 15.4 -1.2
v -3.8 15.6 6.4
v -3.8 15.6 6.3
v -3.8 15.6 -1
v -3.8 15.6 -1.1
v -3.7 15.4 6.5
v -3.7 15.4 6.4
v -3.7 15.4 -1.1
v -3.7 15.4 -1.2
v -3.7 15.6 6.5
v -3.7 15.6 6.4
v -3.7 15.6 -1.1
v -3.7 15.6 -1.2
v -3.6 15.4 6.6
v -3.6 15.4 6.5
v -3.6 15.4 -1.2
v -3.6 15.4 -1.3
v -3.6 15.6 6.6
v -3.6 15.6 6.5
v -3.6 15.6 -1.2
v -3.6 15.6 -1.3
v -3.5 15.4 6.7
v -3.5 15.4 6.6
v -3.5 15.4 -1.3
v -3.5 15.4 -1.4
v -3.5 15.6 6.7
v -3.5 15.6 6.6
v -3.5 15.6 -1.3
v -3.5 15.6 -1.4
v -3.4 0.1 6.8
v -3.4 0.1 6.4
v -3.4 0.1 -1.2
v -3.4 0.1 -1.6
v -3.4 0.9 6.8
v -3.4 0.9 6.4
v -3.4 0.9 5.6
v -3.4 0.9 -0.4
v -3.4 0.9 -1.2
v -3.4 0.9 -1.6
v -3.4 1.7 6.4
v -3.4 1.7 5.6
v -3.4 1.7 4.8
v -3.4 1.7 0.400001
v -3.4 1.7 -0.4
v -3.4 1.7 -1.2
v -3.4 2.5 5.6
v -3.4 2.5 4.8
v -3.4 2.5 0.400001
v -3.4 2.5 -0.4
v -3.4 3.3 5.6
v -3.4 3.3 4.8
v -3.4 3.3 4
v -3.4 3.3 1.2
v -3.4 3.3 0.400001
v -3.4 3.3 -0.4
v -3.4 4.1 4.8
v -3.4 4.1 4
v -3.4 4.1 1.2
v -3.4 4.1 0.400001
v -3.4 4.9 4
v -3.4 4.9 1.2
v -3.4 5.7 4
v -3.4 5.7 1.2
v -3.4 6.5 4
v -3.4 6.5 1.2
v -3.4 7.3 4
v -3.4 7.3 1.2
v -3.4 8.1 4
v -3.4 8.1 1.2
v -3.4 8.9 4
v -3.4 8.9 1.2
v -3.4 9.7 4
v -3.4 9.7 1.2
v -3.4 10.5 4
v -3.4 10.5 1.2
v -3.4 11.3 6.8
v -3.4 11.3 6.4
v -3.4 11.3 4
v -3.4 11.3 1.2
v -3.4 11.3 -1.2
v -3.4 11.3 -1.6
v -3.4 11.6 6.8
v -3.4 11.6 6.4
v -3.4 11.6 -1.2
v -3.4 11.6 -1.6
v -3.4 15.4 6.7
v -3.4 15.4 6.4
v -3.4 15.4 -1.2
v -3.4 15.4 -1.4
v -3.4 15.4 -1.5
v -3.4 15.4 -1.6
v -3.4 15.6 6.8
v -3.4 15.6 6.7
v -3.4 15.6 -1.4
v -3.4 15.6 -1.5
v -3.3 15.4 6.9
v -3.3 15.4 6.8
v -3.3 15.4 -1.5
v -3.3 15.4 -1.6
v -3.3 15.6 6.9
v -3.3 15.6 6.8
v -3.3 15.6 -1.5
v -3.3 15.6 -1.6
v -3.2 15.4 7
v -3.2 15.4 6.9
v -3.2 15.4 -1.6
v -3.2 15.4 -1.7
v -3.2 15.6 7
v -3.2 15.6 6.9
v -3.2 15.6 -1.6
v -3.2 15.6 -1.7
v -3.1 15.4 7.1
v -3.1 15.4 7
v -3.1 15.4 -1.7
v -3.1 15.4 -1.8
v -3.1 15.6 7.1
v -3.1 15.6 7
v -3.1 15.6 -1.7
v -3.1 15.6 -1.8
v -3 0.1 7.2
v -3 0.1 6.8
v -3 0.1 -1.6
v -3 0.1 -2
v -3 0.9 7.2
v -3 0.9 6.8
v -3 0.9 6.4
v -3 0.9 -1.2
v -3 0.9 -1.6
v -3 0.9 -2
v -3 1.7 6.8
v -3 1.7 6.4
v -3 1.7 6
v -3 1.7 5.6
v -3 1.7 -0.4
v -3 1.7 -0.8
v -3 1.7 -1.2
v -3 1.7 -1.6
v -3 2.5 6
v -3 2.5 5.6
v -3 2.5 -0.4
v -3 2.5 -0.8
v -3 3.3 6
v -3 3.3 5.6
v -3 3.3 4.8
v -3 3.3 0.400001
v -3 3.3 -0.4
v -3 3.3 -0.8
v -3 4.1 5.6
v -3 4.1 4.8
v -3 4.1 4
v -3 4.1 1.2
v -3 4.1 0.400001
v -3 4.1 -0.4
v -3 4.9 4.8
v -3 4.9 4
v -3 4.9 1.2
v -3 4.9 0.400001
v -3 5.7 4.8
v -3 5.7 4
v -3 5.7 1.2
v -3 5.7 0.400001
v -3 6.5 4.8
v -3 6.5 4
v -3 6.5 1.2
v -3 6.5 0.400001
v -3 7.3 4.8
v -3 7.3 4
v -3 7.3 1.2
v -3 7.3 0.400001
v -3 8.1 4.8
v -3 8.1 4
v -3 8.1 1.2
v -3 8.1 0.400001
v -3 8.9 4.8
v -3 8.9 4
v -3 8.9 1.2
v -3 8.9 0.400001
v -3 9.7 4.8
v -3 9.7 4
v -3 9.7 1.2
v -3 9.7 0.400001
v -3 10.5 4.8
v -3 10.5 4
v -3 10.5 1.2
v -3 10.5 0.400001
v -3 11.3 7.2
v -3 11.3 6.8
v -3 11.3 4.8
v -3 11.3 4
v -3 11.3 1.2
v -3 11.3 0.400001
v -3 11.3 -1.6
v -3 11.3 -2
v -3 11.6 7.2
v -3 11.6 6.8
v -3 11.6 -1.6
v -3 11.6 -2
v -3 15.4 7.1
v -3 15.4 6.8
v -3 15.4 -1.6
v -3 15.4 -1.8
v -3 15.4 -1.9
v -3 15.4 -2
v -3 15.6 7.2
v -3 15.6 7.1
v -3 15.6 -1.8
v -3 15.6 -1.9
v -2.9 15.4 7.3
v -2.9 15.4 7.2
v -2.9 15.4 -1.9
v -2.9 15.4 -2
v -2.9 15.6 7.3
v -2.9 15.6 7.2
v -2.9 15.6 -1.9
v -2.9 15.6 -2
v -2.7 15.4 7.4
v -2.7 15.4 7.3
v -2.7 15.4 -2
v -2.7 15.4 -2.1
v -2.7 15.6 7.4
v -2.7 15.6 7.3
v -2.7 15.6 -2
v -2.7 15.6 -2.1
v -2.6 0.1 7.6
v -2.6 0.1 7.2
v -2.6 0.1 -2
v -2.6 0.1 -2.4
v -2.6 0.9 7.6
v -2.6 0.9 7.2
v -2.6 0.9 -2
v -2.6 0.9 -2.4
v -2.6 1.7 6.4
v -2.6 1.7 6
v -2.6 1.7 -0.8
v -2.6 1.7 -1.2
v -2.6 2.5 6.4
v -2.6 2.5 6
v -2.6 2.5 -0.8
v -2.6 2.5 -1.2
v -2.6 3.3 6.4
v -2.6 3.3 6
v -2.6 3.3 5.6
v -2.6 3.3 -0.4
v -2.6 3.3 -0.8
v -2.6 3.3 -1.2
v -2.6 4.1 6
v -2.6 4.1 5.6
v -2.6 4.1 5.2
v -2.6 4.1 4.8
v -2.6 4.1 0.400001
v -2.6 4.1 0
v -2.6 4.1 -0.4
v -2.6 4.1 -0.8
v -2.6 4.9 5.2
v -2.6 4.9 4.8
v -2.6 4.9 0.400001
v -2.6 4.9 0
v -2.6 5.7 5.2
v -2.6 5.7 4.8
v -2.6 5.7 0.400001
v -2.6 5.7 0
v -2.6 6.5 5.2
v -2.6 6.5 4.8
v -2.6 6.5 0.400001
v -2.6 6.5 0
v -2.6 7.3 5.2
v -2.6 7.3 4.8
v -2.6 7.3 0.400001
v -2.6 7.3 0
v -2.6 8.1 5.2
v -2.6 8.1 4.8
v -2.6 8.1 0.400001
v -2.6 8.1 0
v -2.6 8.9 5.2
v -2.6 8.9 4.8
v -2.6 8.9 0.400001
v -2.6 8.9 0
v -2.6 9.7 5.2
v -2.6 9.7 4.8
v -2.6 9.7 0.400001
v -2.6 9.7 0
v -2.6 10.5 5.2
v -2.6 10.5 4.8
v -2.6 10.5 0.400001
v -2.6 10.5 0
v -2.6 11.3 7.6
v -2.6 11.3 7.2
v -2.6 11.3 5.2
v -2.6 11.3 4.8
v -2.6 11.3 0.400001
v -2.6 11.3 0
v -2.6 11.3 -2
v -2.6 11.3 -2.4
v -2.6 11.6 7.6
v -2.6 11.6 7.2
v -2.6 11.6 -2
v -2.6 11.6 -2.4
v -2.6 15.4 7.6
v -2.6 15.4 7.5
v -2.6 15.4 7.4
v -2.6 15.4 7.2
v -2.6 15.4 -2
v -2.6 15.4 -2.1
v -2.6 15.4 -2.2
v -2.6 15.4 -2.4
v -2.6 15.6 7.5
v -2.6 15.6 7.4
v -2.6 15.6 -2.1
v -2.6 15.6 -2.2
v -2.4 15.4 7.6
v -2.4 15.4 7.5
v -2.4 15.4 -2.2
v -2.4 15.4 -2.3
v -2.4 15.6 7.6
v -2.4 15.6 7.5
v -2.4 15.6 -2.2
v -2.4 15.6 -2.3
v -2.3 15.4 7.7
v -2.3 15.4 7.6
v -2.3 15.4 -2.3
v -2.3 15.4 -2.4
v -2.3 15.6 7.7
v -2.3 15.6 7.6
v -2.3 15.6 -2.3
v -2.3 15.6 -2.4
v -2.2 0.9 7.2
v -2.2 0.9 6.8
v -2.2 0.9 -1.6
v -2.2 0.9 -2
v -2.2 1.7 7.2
v -2.2 1.7 6.8
v -2.2 1.7 6.4
v -2.2 1.7 -1.2
v -2.2 1.7 -1.6
v -2.2 1.7 -2
v -2.2 2.5 6.8
v -2.2 2.5 6.4
v -2.2 2.5 -1.2
v -2.2 2.5 -1.6
v -2.2 3.3 6.8
v -2.2 3.3 6.4
v -2.2 3.3 6
v -2.2 3.3 -0.8
v -2.2 3.3 -1.2
v -2.2 3.3 -1.6
v -2.2 4.1 6.4
v -2.2 4.1 6
v -2.2 4.1 5.6
v -2.2 4.1 5.2
v -2.2 4.1 0
v -2.2 4.1 -0.4
v -2.2 4.1 -0.8
v -2.2 4.1 -1.2
v -2.2 4.9 5.6
v -2.2 4.9 5.2
v -2.2 4.9 0
v -2.2 4.9 -0.4
v -2.2 5.7 5.6
v -2.2 5.7 5.2
v -2.2 5.7 0
v -2.2 5.7 -0.4
v -2.2 6.5 5.6
v -2.2 6.5 5.2
v -2.2 6.5 0
v -2.2 6.5 -0.4
v -2.2 7.3 5.6
v -2.2 7.3 5.2
v -2.2 7.3 0
v -2.2 7.3 -0.4
v -2.2 8.1 5.6
v -2.2 8.1 5.2
v -2.2 8.1 0
v -2.2 8.1 -0.4
v -2.2 8.9 5.6
v -2.2 8.9 5.2
v -2.2 8.9 0
v -2.2 8.9 -0.4
v -2.2 9.7 5.6
v -2.2 9.7 5.2
v -2.2 9.7 0
v -2.2 9.7 -0.4
v -2.2 10.5 5.6
v -2.2 10.5 5.2
v -2.2 10.5 0
v -2.2 10.5 -0.4
v -2.2 11.3 5.6
v -2.2 11.3 5.2
v -2.2 11.3 0
v -2.2 11.3 -0.4
v -2.1 15.4 7.8
v -2.1 15.4 7.7
v -2.1 15.4 -2.4
v -2.1 15.4 -2.5
v -2.1 15.6 7.8
v -2.1 15.6 7.7
v -2.1 15.6 -2.4
v -2.1 15.6 -2.5
v -1.9 15.4 7.9
v -1.9 15.4 7.8
v -1.9 15.4 -2.5
v -1.9 15.4 -2.6
v -1.9 15.6 7.9
v -1.9 15.6 7.8
v -1.9 15.6 -2.5
v -1.9 15.6 -2.6
v -1.8 0.1 8
v -1.8 0.1 7.6
v -1.8 0.1 -2.4
v -1.8 0.1 -2.8
v -1.8 0.9 8
v -1.8 0.9 7.6
v -1.8 0.9 7.2
v -1.8 0.9 -2
v -1.8 0.9 -2.4
v -1.8 0.9 -2.8
v -1.8 1.7 7.6
v -1.8 1.7 7.2
v -1.8 1.7 -2
v -1.8 1.7 -2.4
v -1.8 4.1 6
v -1.8 4.1 5.6
v -1.8 4.1 -0.4
v -1.8 4.1 -0.8
v -1.8 4.9 6
v -1.8 4.9 5.6
v -1.8 4.9 -0.4
v -1.8 4.9 -0.8
v -1.8 5.7 6
v -1.8 5.7 5.6
v -1.8 5.7 -0.4
v -1.8 5.7 -0.8
v -1.8 6.5 6
v -1.8 6.5 5.6
v -1.8 6.5 -0.4
v -1.8 6.5 -0.8
v -1.8 7.3 6
v -1.8 7.3 5.6
v -1.8 7.3 -0.4
v -1.8 7.3 -0.8
v -1.8 8.1 6
v -1.8 8.1 5.6
v -1.8 8.1 -0.4
v -1.8 8.1 -0.8
v -1.8 8.9 6
v -1.8 8.9 5.6
v -1.8 8.9 -0.4
v -1.8 8.9 -0.8
v -1.8 9.7 6
v -1.8 9.7 5.6
v -1.8 9.7 -0.4
v -1.8 9.7 -0.8
v -1.8 10.5 6
v -1.8 10.5 5.6
v -1.8 10.5 -0.4
v -1.8 10.5 -0.8
v -1.8 11.3 8
v -1.8 11.3 7.6
v -1.8 11.3 6
v -1.8 11.3 5.6
v -1.8 11.3 -0.4
v -1.8 11.3 -0.8
v -1.8 11.3 -2.4
v -1.8 11.3 -2.8
v -1.8 11.6 8
v -1.8 11.6 7.6
v -1.8 11.6 -2.4
v -1.8 11.6 -2.8
v -1.8 15.4 8
v -1.8 15.4 7.9
v -1.8 15.4 7.6
v -1.8 15.4 -2.4
v -1.8 15.4 -2.6
v -1.8 15.4 -2.8
v -1.7 15.4 8
v -1.7 15.4 7.9
v -1.7 15.4 -2.6
v -1.7 15.4 -2.7
v -1.7 15.6 8
v -1.7 15.6 7.9
v -1.7 15.6 -2.6
v -1.7 15.6 -2.7
v -1.5 15.4 8.1
v -1.5 15.4 8
v -1.5 15.4 -2.7
v -1.5 15.4 -2.8
v -1.5 15.6 8.1
v -1.5 15.6 8
v -1.5 15.6 -2.7
v -1.5 15.6 -2.8
v -1.4 1.7 7.2
v -1.4 1.7 6.8
v -1.4 1.7 -1.6
v -1.4 1.7 -2
v -1.4 2.5 7.2
v -1.4 2.5 6.8
v -1.4 2.5 -1.6
v -1.4 2.5 -2
v -1.4 3.3 7.2
v -1.4 3.3 6.8
v -1.4 3.3 6.4
v -1.4 3.3 -1.2
v -1.4 3.3 -1.6
v -1.4 3.3 -2
v -1.4 4.1 6.8
v -1.4 4.1 6.4
v -1.4 4.1 6
v -1.4 4.1 -0.8
v -1.4 4.1 -1.2
v -1.4 4.1 -1.6
v -1.4 4.9 6.4
v -1.4 4.9 6
v -1.4 4.9 -0.8
v -1.4 4.9 -1.2
v -1.4 5.7 6.4
v -1.4 5.7 6
v -1.4 5.7 -0.8
v -1.4 5.7 -1.2
v -1.4 6.5 6.4
v -1.4 6.5 6
v -1.4 6.5 -0.8
v -1.4 6.5 -1.2
v -1.4 7.3 6.4
v -1.4 7.3 6
v -1.4 7.3 -0.8
v -1.4 7.3 -1.2
v -1.4 8.1 6.4
v -1.4 8.1 6
v -1.4 8.1 -0.8
v -1.4 8.1 -1.2
v -1.4 8.9 6.4
v -1.4 8.9 6
v -1.4 8.9 -0.8
v -1.4 8.9 -1.2
v -1.4 9.7 6.4
v -1.4 9.7 6
v -1.4 9.7 -0.8
v -1.4 9.7 -1.2
v -1.4 10.5 6.4
v -1.4 10.5 6
v -1.4 10.5 -0.8
v -1.4 10.5 -1.2
v -1.4 11.3 6.4
v -1.4 11.3 6
v -1.4 11.3 -0.8
v -1.4 11.3 -1.2
v -1.2 15.4 8.2
v -1.2 15.4 8.1
v -1.2 15.4 -2.8
v -1.2 15.4 -2.9
v -1.2 15.6 8.2
v -1.2 15.6 8.1
v -1.2 15.6 -2.8
v -1.2 15.6 -2.9
v -0.9 15.4 8.3
v -0.9 15.4 8.2
v -0.9 15.4 -2.9
v -0.9 15.4 -3
v -0.9 15.6 8.3
v -0.9 15.6 8.2
v -0.9 15.6 -2.9
v -0.9 15.6 -3
v -0.6 0.1 8.4
v -0.6 0.1 8
v -0.6 0.1 -2.8
v -0.6 0.1 -3.2
v -0.6 0.9 8.4
v -0.6 0.9 8
v -0.6 0.9 7.6
v -0.6 0.9 -2.4
v -0.6 0.9 -2.8
v -0.6 0.9 -3.2
v -0.6 1.7 8
v -0.6 1.7 7.6
v -0.6 1.7 7.2
v -0.6 1.7 -2
v -0.6 1.7 -2.4
v -0.6 1.7 -2.8
v -0.6 2.5 7.6
v -0.6 2.5 7.2
v -0.6 2.5 -2
v -0.6 2.5 -2.4
v -0.6 3.3 7.6
v -0.6 3.3 7.2
v -0.6 3.3 6.8
v -0.6 3.3 -1.6
v -0.6 3.3 -2
v -0.6 3.3 -2.4
v -0.6 4.1 7.2
v -0.6 4.1 6.8
v -0.6 4.1 6.4
v -0.6 4.1 -1.2
v -0.6 4.1 -1.6
v -0.6 4.1 -2
v -0.6 4.9 6.8
v -0.6 4.9 6.4
v -0.6 4.9 -1.2
v -0.6 4.9 -1.6
v -0.6 5.7 6.8
v -0.6 5.7 6.4
v -0.6 5.7 -1.2
v -0.6 5.7 -1.6
v -0.6 6.5 6.8
v -0.6 6.5 6.4
v -0.6 6.5 -1.2
v -0.6 6.5 -1.6
v -0.6 7.3 6.8
v -0.6 7.3 6.4
v -0.6 7.3 -1.2
v -0.6 7.3 -1.6
v -0.6 8.1 6.8
v -0.6 8.1 6.4
v -0.6 8.1 -1.2
v -0.6 8.1 -1.6
v -0.6 8.9 6.8
v -0.6 8.9 6.4
v -0.6 8.9 -1.2
v -0.6 8.9 -1.6
v -0.6 9.7 6.8
v -0.6 9.7 6.4
v -0.6 9.7 -1.2
v -0.6 9.7 -1.6
v -0.6 10.5 6.8
v -0.6 10.5 6.4
v -0.6 10.5 -1.2
v -0.6 10.5 -1.6
v -0.6 11.3 8.4
v -0.6 11.3 8
v -0.6 11.3 6.8
v -0.6 11.3 6.4
v -0.6 11.3 -1.2
v -0.6 11.3 -1.6
v -0.6 11.3 -2.8
v -0.6 11.3 -3.2
v -0.6 11.6 8.4
v -0.6 11.6 8
v -0.6 11.6 -2.8
v -0.6 11.6 -3.2
v -0.6 15.4 8.3
v -0.6 15.4 8
v -0.6 15.4 -2.8
v -0.6 15.4 -3
v -0.6 15.4 -3.1
v -0.6 15.4 -3.2
v -0.6 15.6 8.4
v -0.6 15.6 8.3
v -0.6 15.6 -3
v -0.6 15.6 -3.1
v 0 15.4 8.5
v 0 15.4 8.4
v 0 15.4 -3.1
v 0 15.4 -3.2
v 0 15.6 8.5
v 0 15.6 8.4
v 0 15.6 -3.1
v 0 15.6 -3.2
v 1.8 0.9 5.6
v 1.8 0.9 5.2
v 1.8 0.9 0
v 1.8 0.9 -0.4
v 1.8 1.7 5.6
v 1.8 1.7 5.2
v 1.8 1.7 0
v 1.8 1.7 -0.4
v 1.8 2.5 5.6
v 1.8 2.5 5.2
v 1.8 2.5 0
v 1.8 2.5 -0.4
v 1.8 3.3 5.6
v 1.8 3.3 5.2
v 1.8 3.3 0
v 1.8 3.3 -0.4
v 1.8 4.1 5.6
v 1.8 4.1 5.2
v 1.8 4.1 0
v 1.8 4.1 -0.4
v 1.8 4.9 5.6
v 1.8 4.9 5.2
v 1.8 4.9 0
v 1.8 4.9 -0.4
v 1.8 5.7 5.6
v 1.8 5.7 5.2
v 1.8 5.7 0
v 1.8 5.7 -0.4
v 1.8 6.5 5.6
v 1.8 6.5 5.2
v 1.8 6.5 0
v 1.8 6.5 -0.4
v 1.8 7.3 5.6
v 1.8 7.3 5.2
v 1.8 7.3 0
v 1.8 7.3 -0.4
v 1.8 8.1 5.6
v 1.8 8.1 5.2
v 1.8 8.1 0
v 1.8 8.1 -0.4
v 1.8 8.9 5.6
v 1.8 8.9 5.2
v 1.8 8.9 0
v 1.8 8.9 -0.4
v 1.8 9.7 5.6
v 1.8 9.7 5.2
v 1.8 9.7 0
v 1.8 9.7 -0.4
v 1.8 10.5 5.6
v 1.8 10.5 5.2
v 1.8 10.5 0
v 1.8 10.5 -0.4
v 1.8 11.3 5.6
v 1.8 11.3 5.2
v 1.8 11.3 0
v 1.8 11.3 -0.4
v 1.8 11.6 5.6
v 1.8 11.6 5.2
v 1.8 11.6 0
v 1.8 11.6 -0.4
v 2 11.6 -2.4
v 2 11.6 -2.8
v 2 15.3 -2.4
v 2 15.3 -2.8
v 2.2 11.6 7.9
v 2.2 11.6 7.5
v 2.2 15.3 7.9
v 2.2 15.3 7.5
v 2.6 0.9 5.2
v 2.6 0.9 4.8
v 2.6 0.9 0.400001
v 2.6 0.9 0
v 2.6 1.7 5.2
v 2.6 1.7 4.8
v 2.6 1.7 0.400001
v 2.6 1.7 0
v 2.6 2.5 5.2
v 2.6 2.5 4.8
v 2.6 2.5 0.400001
v 2.6 2.5 0
v 2.6 3.3 5.2
v 2.6 3.3 4.8
v 2.6 3.3 0.400001
v 2.6 3.3 0
v 2.6 4.1 5.2
v 2.6 4.1 4.8
v 2.6 4.1 0.400001
v 2.6 4.1 0
v 2.6 4.9 5.2
v 2.6 4.9 4.8
v 2.6 4.9 0.400001
v 2.6 4.9 0
v 2.6 5.7 5.2
v 2.6 5.7 4.8
v 2.6 5.7 0.400001
v 2.6 5.7 0
v 2.6 6.5 5.2
v 2.6 6.5 4.8
v 2.6 6.5 0.400001
v 2.6 6.5 0
v 2.6 7.3 5.2
v 2.6 7.3 4.8
v 2.6 7.3 0.400001
v 2.6 7.3 0
v 2.6 8.1 5.2
v 2.6 8.1 4.8
v 2.6 8.1 0.400001
v 2.6 8.1 0
v 2.6 8.9 5.2
v 2.6 8.9 4.8
v 2.6 8.9 0.400001
v 2.6 8.9 0
v 2.6 9.7 5.2
v 2.6 9.7 4.8
v 2.6 9.7 0.400001
v 2.6 9.7 0
v 2.6 10.5 5.2
v 2.6 10.5 4.8
v 2.6 10.5 0.400001
v 2.6 10.5 0
v 2.6 11.3 5.2
v 2.6 11.3 4.8
v 2.6 11.3 0.400001
v 2.6 11.3 0
v 2.6 11.6 5.2
v 2.6 11.6 4.8
v 2.6 11.6 0.400001
v 2.6 11.6 0
v 3 0.9 4.8
v 3 0.9 4.4
v 3 0.9 0.8
v 3 0.9 0.400001
v 3 1.7 4.8
v 3 1.7 4.4
v 3 1.7 0.8
v 3 1.7 0.400001
v 3 2.5 4.8
v 3 2.5 4.4
v 3 2.5 0.8
v 3 2.5 0.400001
v 3 3.3 4.8
v 3 3.3 4.4
v 3 3.3 0.8
v 3 3.3 0.400001
v 3 4.1 4.8
v 3 4.1 4.4
v 3 4.1 0.8
v 3 4.1 0.400001
v 3 4.9 4.8
v 3 4.9 4.4
v 3 4.9 0.8
v 3 4.9 0.400001
v 3 5.7 4.8
v 3 5.7 4.4
v 3 5.7 0.8
v 3 5.7 0.400001
v 3 6.5 4.8
v 3 6.5 4.4
v 3 6.5 0.8
v 3 6.5 0.400001
v 3 7.3 4.8
v 3 7.3 4.4
v 3 7.3 0.8
v 3 7.3 0.400001
v 3 8.1 4.8
v 3 8.1 4.4
v 3 8.1 0.8
v 3 8.1 0.400001
v 3 8.9 4.8
v 3 8.9 4.4
v 3 8.9 0.8
v 3 8.9 0.400001
v 3 9.7 4.8
v 3 9.7 4.4
v 3 9.7 0.8
v 3 9.7 0.400001
v 3 10.5 4.8
v 3 10.5 4.4
v 3 10.5 0.8
v 3 10.5 0.400001
v 3 11.3 4.8
v 3 11.3 4.4
v 3 11.3 0.8
v 3 11.3 0.400001
v 3 11.6 4.8
v 3 11.6 4.4
v 3 11.6 0.8
v 3 11.6 0.400001
v 3.3 11.6 -1.9
v 3.3 11.6 -2.4
v 3.3 15.3 -1.9
v 3.3 15.3 -2.4
v 3.4 0.9 4.4
v 3.4 0.9 3.6
v 3.4 0.9 1.6
v 3.4 0.9 0.8
v 3.4 1.7 4.4
v 3.4 1.7 3.6
v 3.4 1.7 1.6
v 3.4 1.7 0.8
v 3.4 2.5 4.4
v 3.4 2.5 3.6
v 3.4 2.5 1.6
v 3.4 2.5 0.8
v 3.4 3.3 4.4
v 3.4 3.3 3.6
v 3.4 3.3 1.6
v 3.4 3.3 0.8
v 3.4 4.1 4.4
v 3.4 4.1 3.6
v 3.4 4.1 1.6
v 3.4 4.1 0.8
v 3.4 4.9 4.4
v 3.4 4.9 3.6
v 3.4 4.9 1.6
v 3.4 4.9 0.8
v 3.4 5.7 4.4
v 3.4 5.7 3.6
v 3.4 5.7 1.6
v 3.4 5.7 0.8
v 3.4 6.5 4.4
v 3.4 6.5 3.6
v 3.4 6.5 1.6
v 3.4 6.5 0.8
v 3.4 7.3 4.4
v 3.4 7.3 3.6
v 3.4 7.3 1.6
v 3.4 7.3 0.8
v 3.4 8.1 4.4
v 3.4 8.1 3.6
v 3.4 8.1 1.6
v 3.4 8.1 0.8
v 3.4 8.9 4.4
v 3.4 8.9 3.6
v 3.4 8.9 1.6
v 3.4 8.9 0.8
v 3.4 9.7 4.4
v 3.4 9.7 3.6
v 3.4 9.7 1.6
v 3.4 9.7 0.8
v 3.4 10.5 4.4
v 3.4 10.5 3.6
v 3.4 10.5 1.6
v 3.4 10.5 0.8
v 3.4 11.3 4.4
v 3.4 11.3 3.6
v 3.4 11.3 1.6
v 3.4 11.3 0.8
v 3.4 11.6 7.5
v 3.4 11.6 7.1
v 3.4 11.6 4.4
v 3.4 11.6 3.6
v 3.4 11.6 1.6
v 3.4 11.6 0.8
v 3.4 15.3 7.5
v 3.4 15.3 7.1
v 3.7 0.9 3
v 3.7 0.9 2.9
v 3.7 0.9 2.3
v 3.7 0.9 2.2
v 3.7 1 2.9
v 3.7 1 2.3
v 3.7 1.1 2.9
v 3.7 1.1 2.3
v 3.7 1.2 2.9
v 3.7 1.2 2.3
v 3.7 1.3 2.9
v 3.7 1.3 2.3
v 3.7 1.4 2.9
v 3.7 1.4 2.3
v 3.7 1.5 2.9
v 3.7 1.5 2.3
v 3.7 1.6 2.9
v 3.7 1.6 2.3
v 3.7 1.7 2.9
v 3.7 1.7 2.3
v 3.7 1.8 2.9
v 3.7 1.8 2.3
v 3.7 1.9 2.9
v 3.7 1.9 2.3
v 3.7 2 2.9
v 3.7 2 2.3
v 3.7 2.1 2.9
v 3.7 2.1 2.3
v 3.7 2.2 2.9
v 3.7 2.2 2.3
v 3.7 2.3 2.9
v 3.7 2.3 2.3
v 3.7 2.4 2.9
v 3.7 2.4 2.3
v 3.7 2.5 2.9
v 3.7 2.5 2.3
v 3.7 2.6 2.9
v 3.7 2.6 2.3
v 3.7 2.7 2.9
v 3.7 2.7 2.3
v 3.7 2.8 2.9
v 3.7 2.8 2.3
v 3.7 2.9 2.9
v 3.7 2.9 2.3
v 3.7 3 2.9
v 3.7 3 2.3
v 3.7 3.1 2.9
v 3.7 3.1 2.3
v 3.7 3.2 2.9
v 3.7 3.2 2.3
v 3.7 3.3 2.9
v 3.7 3.3 2.3
v 3.7 3.4 2.9
v 3.7 3.4 2.3
v 3.7 3.5 2.9
v 3.7 3.5 2.3
v 3.7 3.6 2.9
v 3.7 3.6 2.3
v 3.7 3.7 2.9
v 3.7 3.7 2.3
v 3.7 3.8 2.9
v 3.7 3.8 2.3
v 3.7 3.9 2.9
v 3.7 3.9 2.3
v 3.7 4 2.9
v 3.7 4 2.3
v 3.7 4.1 2.9
v 3.7 4.1 2.3
v 3.7 4.2 2.9
v 3.7 4.2 2.3
v 3.7 4.3 2.9
v 3.7 4.3 2.3
v 3.7 4.4 2.9
v 3.7 4.4 2.8
v 3.7 4.4 2.7
v 3.7 4.4 2.3
v 3.7 4.5 2.9
v 3.7 4.5 2.8
v 3.7 4.5 2.7
v 3.7 4.5 2.3
v 3.7 4.6 2.9
v 3.7 4.6 2.3
v 3.7 4.7 2.9
v 3.7 4.7 2.3
v 3.7 4.8 2.9
v 3.7 4.8 2.3
v 3.7 4.9 2.9
v 3.7 4.9 2.3
v 3.7 5 2.9
v 3.7 5 2.3
v 3.7 5.1 2.9
v 3.7 5.1 2.3
v 3.7 5.2 2.9
v 3.7 5.2 2.6
v 3.7 5.2 2.5
v 3.7 5.2 2.3
v 3.7 5.3 2.9
v 3.7 5.3 2.6
v 3.7 5.3 2.5
v 3.7 5.3 2.3
v 3.7 5.4 2.9
v 3.7 5.4 2.3
v 3.7 5.5 2.9
v 3.7 5.5 2.3
v 3.7 5.6 2.9
v 3.7 5.6 2.3
v 3.7 5.7 2.9
v 3.7 5.7 2.3
v 3.7 5.8 2.9
v 3.7 5.8 2.3
v 3.7 5.9 2.9
v 3.7 5.9 2.3
v 3.7 6 2.9
v 3.7 6 2.3
v 3.7 6.1 2.9
v 3.7 6.1 2.3
v 3.7 6.2 2.9
v 3.7 6.2 2.3
v 3.7 6.3 2.9
v 3.7 6.3 2.3
v 3.7 6.4 2.9
v 3.7 6.4 2.3
v 3.7 6.5 2.9
v 3.7 6.5 2.3
v 3.7 6.6 2.9
v 3.7 6.6 2.3
v 3.7 6.7 2.9
v 3.7 6.7 2.3
v 3.7 6.8 2.9
v 3.7 6.8 2.3
v 3.7 6.9 2.9
v 3.7 6.9 2.3
v 3.7 7 2.9
v 3.7 7 2.3
v 3.7 7.1 2.9
v 3.7 7.1 2.3
v 3.7 7.2 2.9
v 3.7 7.2 2.3
v 3.7 7.3 2.9
v 3.7 7.3 2.3
v 3.7 7.4 2.9
v 3.7 7.4 2.5
v 3.7 7.4 2.4
v 3.7 7.4 2.3
v 3.7 7.5 2.9
v 3.7 7.5 2.5
v 3.7 7.5 2.4
v 3.7 7.5 2.3
v 3.7 7.6 2.9
v 3.7 7.6 2.3
v 3.7 7.7 2.9
v 3.7 7.7 2.3
v 3.7 7.8 2.9
v 3.7 7.8 2.3
v 3.7 7.9 2.9
v 3.7 7.9 2.3
v 3.7 8 2.9
v 3.7 8 2.3
v 3.7 8.1 2.9
v 3.7 8.1 2.3
v 3.7 8.2 2.9
v 3.7 8.2 2.3
v 3.7 8.3 2.9
v 3.7 8.3 2.3
v 3.7 8.4 2.9
v 3.7 8.4 2.3
v 3.7 8.5 2.9
v 3.7 8.5 2.3
v 3.7 8.6 2.9
v 3.7 8.6 2.3
v 3.7 8.7 2.9
v 3.7 8.7 2.3
v 3.7 8.8 2.9
v 3.7 8.8 2.3
v 3.7 8.9 2.9
v 3.7 8.9 2.3
v 3.7 9 2.9
v 3.7 9 2.8
v 3.7 9 2.7
v 3.7 9 2.3
v 3.7 9.1 2.9
v 3.7 9.1 2.8
v 3.7 9.1 2.7
v 3.7 9.1 2.3
v 3.7 9.2 2.9
v 3.7 9.2 2.3
v 3.7 9.3 2.9
v 3.7 9.3 2.3
v 3.7 9.4 2.9
v 3.7 9.4 2.6
v 3.7 9.4 2.5
v 3.7 9.4 2.3
v 3.7 9.5 2.9
v 3.7 9.5 2.6
v 3.7 9.5 2.5
v 3.7 9.5 2.3
v 3.7 9.6 2.9
v 3.7 9.6 2.3
v 3.7 9.7 2.9
v 3.7 9.7 2.3
v 3.7 9.8 2.9
v 3.7 9.8 2.3
v 3.7 9.9 2.9
v 3.7 9.9 2.3
v 3.7 10 2.9
v 3.7 10 2.3
v 3.7 10.1 2.9
v 3.7 10.1 2.3
v 3.7 10.2 2.9
v 3.7 10.2 2.3
v 3.7 10.3 2.9
v 3.7 10.3 2.3
v 3.7 10.4 2.9
v 3.7 10.4 2.3
v 3.7 10.5 2.9
v 3.7 10.5 2.3
v 3.7 10.6 2.9
v 3.7 10.6 2.3
v 3.7 10.7 2.9
v 3.7 10.7 2.3
v 3.7 10.8 2.9
v 3.7 10.8 2.3
v 3.7 10.9 2.9
v 3.7 10.9 2.3
v 3.7 11 2.9
v 3.7 11 2.3
v 3.7 11.1 2.9
v 3.7 11.1 2.3
v 3.7 11.2 2.9
v 3.7 11.2 2.3
v 3.7 11.3 2.9
v 3.7 11.3 2.3
v 3.7 11.4 2.9
v 3.7 11.4 2.3
v 3.7 11.5 2.9
v 3.7 11.5 2.3
v 3.7 12 3
v 3.7 12 2.9
v 3.7 12 2.3
v 3.7 12 2.2
v 3.7 12.1 3
v 3.7 12.1 2.9
v 3.7 12.1 2.3
v 3.7 12.1 2.2
v 3.8 0.9 2.9
v 3.8 0.9 2.3
v 3.8 1 2.9
v 3.8 1 2.3
v 3.8 1.1 2.9
v 3.8 1.1 2.3
v 3.8 1.2 2.9
v 3.8 1.2 2.3
v 3.8 1.3 2.9
v 3.8 1.3 2.3
v 3.8 1.4 2.9
v 3.8 1.4 2.3
v 3.8 1.5 2.9
v 3.8 1.5 2.3
v 3.8 1.6 2.9
v 3.8 1.6 2.3
v 3.8 1.7 2.9
v 3.8 1.7 2.3
v 3.8 1.8 2.9
v 3.8 1.8 2.3
v 3.8 1.9 2.9
v 3.8 1.9 2.3
v 3.8 2 2.9
v 3.8 2 2.3
v 3.8 2.1 2.9
v 3.8 2.1 2.3
v 3.8 2.2 2.9
v 3.8 2.2 2.3
v 3.8 2.3 2.9
v 3.8 2.3 2.3
v 3.8 2.4 2.9
v 3.8 2.4 2.3
v 3.8 2.5 2.9
v 3.8 2.5 2.3
v 3.8 2.6 2.9
v 3.8 2.6 2.3
v 3.8 2.7 2.9
v 3.8 2.7 2.3
v 3.8 2.8 2.9
v 3.8 2.8 2.3
v 3.8 2.9 2.9
v 3.8 2.9 2.3
v 3.8 3 2.9
v 3.8 3 2.3
v 3.8 3.1 2.9
v 3.8 3.1 2.3
v 3.8 3.2 2.9
v 3.8 3.2 2.3
v 3.8 3.3 2.9
v 3.8 3.3 2.3
v 3.8 3.3 2.2
v 3.8 3.3 1.6
v 3.8 3.4 2.9
v 3.8 3.4 2.3
v 3.8 3.5 2.9
v 3.8 3.5 2.3
v 3.8 3.6 2.9
v 3.8 3.6 2.3
v 3.8 3.7 2.9
v 3.8 3.7 2.3
v 3.8 3.8 2.9
v 3.8 3.8 2.3
v 3.8 3.9 2.9
v 3.8 3.9 2.3
v 3.8 4 2.9
v 3.8 4 2.3
v 3.8 4.1 2.9
v 3.8 4.1 2.3
v 3.8 4.1 2.2
v 3.8 4.1 1.6
v 3.8 4.2 2.9
v 3.8 4.2 2.3
v 3.8 4.3 2.9
v 3.8 4.3 2.3
v 3.8 4.4 2.9
v 3.8 4.4 2.8
v 3.8 4.4 2.7
v 3.8 4.4 2.3
v 3.8 4.5 2.9
v 3.8 4.5 2.8
v 3.8 4.5 2.7
v 3.8 4.5 2.3
v 3.8 4.6 2.9
v 3.8 4.6 2.3
v 3.8 4.7 2.9
v 3.8 4.7 2.3
v 3.8 4.8 2.9
v 3.8 4.8 2.3
v 3.8 4.9 2.9
v 3.8 4.9 2.3
v 3.8 4.9 2.2
v 3.8 4.9 1.6
v 3.8 5 2.9
v 3.8 5 2.3
v 3.8 5.1 2.9
v 3.8 5.1 2.3
v 3.8 5.2 2.9
v 3.8 5.2 2.6
v 3.8 5.2 2.5
v 3.8 5.2 2.3
v 3.8 5.3 2.9
v 3.8 5.3 2.6
v 3.8 5.3 2.5
v 3.8 5.3 2.3
v 3.8 5.4 2.9
v 3.8 5.4 2.3
v 3.8 5.5 2.9
v 3.8 5.5 2.3
v 3.8 5.6 2.9
v 3.8 5.6 2.3
v 3.8 5.7 2.9
v 3.8 5.7 2.3
v 3.8 5.7 2.2
v 3.8 5.7 1.6
v 3.8 5.8 2.9
v 3.8 5.8 2.3
v 3.8 5.9 2.9
v 3.8 5.9 2.3
v 3.8 6 2.9
v 3.8 6 2.3
v 3.8 6.1 2.9
v 3.8 6.1 2.3
v 3.8 6.2 2.9
v 3.8 6.2 2.3
v 3.8 6.3 2.9
v 3.8 6.3 2.3
v 3.8 6.4 2.9
v 3.8 6.4 2.3
v 3.8 6.5 2.9
v 3.8 6.5 2.3
v 3.8 6.5 2.2
v 3.8 6.5 1.6
v 3.8 6.6 2.9
v 3.8 6.6 2.3
v 3.8 6.7 2.9
v 3.8 6.7 2.3
v 3.8 6.8 2.9
v 3.8 6.8 2.3
v 3.8 6.9 2.9
v 3.8 6.9 2.3
v 3.8 7 2.9
v 3.8 7 2.3
v 3.8 7.1 2.9
v 3.8 7.1 2.3
v 3.8 7.2 2.9
v 3.8 7.2 2.3
v 3.8 7.3 2.9
v 3.8 7.3 2.3
v 3.8 7.3 2.2
v 3.8 7.3 1.6
v 3.8 7.4 2.9
v 3.8 7.4 2.5
v 3.8 7.4 2.4
v 3.8 7.4 2.3
v 3.8 7.5 2.9
v 3.8 7.5 2.5
v 3.8 7.5 2.4
v 3.8 7.5 2.3
v 3.8 7.6 2.9
v 3.8 7.6 2.3
v 3.8 7.7 2.9
v 3.8 7.7 2.3
v 3.8 7.8 2.9
v 3.8 7.8 2.3
v 3.8 7.9 2.9
v 3.8 7.9 2.3
v 3.8 8 2.9
v 3.8 8 2.3
v 3.8 8.1 2.9
v 3.8 8.1 2.3
v 3.8 8.1 2.2
v 3.8 8.1 1.6
v 3.8 8.2 2.9
v 3.8 8.2 2.3
v 3.8 8.3 2.9
v 3.8 8.3 2.3
v 3.8 8.4 2.9
v 3.8 8.4 2.3
v 3.8 8.5 2.9
v 3.8 8.5 2.3
v 3.8 8.6 2.9
v 3.8 8.6 2.3
v 3.8 8.7 2.9
v 3.8 8.7 2.3
v 3.8 8.8 2.9
v 3.8 8.8 2.3
v 3.8 8.9 2.9
v 3.8 8.9 2.3
v 3.8 8.9 2.2
v 3.8 8.9 1.6
v 3.8 9 2.9
v 3.8 9 2.8
v 3.8 9 2.7
v 3.8 9 2.3
v 3.8 9.1 2.9
v 3.8 9.1 2.8
v 3.8 9.1 2.7
v 3.8 9.1 2.3
v 3.8 9.2 2.9
v 3.8 9.2 2.3
v 3.8 9.3 2.9
v 3.8 9.3 2.3
v 3.8 9.4 2.9
v 3.8 9.4 2.6
v 3.8 9.4 2.5
v 3.8 9.4 2.3
v 3.8 9.5 2.9
v 3.8 9.5 2.6
v 3.8 9.5 2.5
v 3.8 9.5 2.3
v 3.8 9.6 2.9
v 3.8 9.6 2.3
v 3.8 9.7 2.9
v 3.8 9.7 2.3
v 3.8 9.7 2.2
v 3.8 9.7 1.6
v 3.8 9.8 2.9
v 3.8 9.8 2.3
v 3.8 9.9 2.9
v 3.8 9.9 2.3
v 3.8 10 2.9
v 3.8 10 2.3
v 3.8 10.1 2.9
v 3.8 10.1 2.3
v 3.8 10.2 2.9
v 3.8 10.2 2.3
v 3.8 10.3 2.9
v 3.8 10.3 2.3
v 3.8 10.4 2.9
v 3.8 10.4 2.3
v 3.8 10.5 2.9
v 3.8 10.5 2.3
v 3.8 10.5 2.2
v 3.8 10.5 1.6
v 3.8 10.6 2.9
v 3.8 10.6 2.3
v 3.8 10.7 2.9
v 3.8 10.7 2.3
v 3.8 10.8 2.9
v 3.8 10.8 2.3
v 3.8 10.9 2.9
v 3.8 10.9 2.3
v 3.8 11 2.9
v 3.8 11 2.3
v 3.8 11.1 2.9
v 3.8 11.1 2.3
v 3.8 11.2 2.9
v 3.8 11.2 2.3
v 3.8 11.3 3.6
v 3.8 11.3 3
v 3.8 11.3 2.9
v 3.8 11.3 2.3
v 3.8 11.3 2.2
v 3.8 11.3 1.6
v 3.8 11.4 2.9
v 3.8 11.4 2.3
v 3.8 11.5 2.9
v 3.8 11.5 2.3
v 3.8 11.6 3.6
v 3.8 11.6 3
v 3.8 11.6 2.9
v 3.8 11.6 2.3
v 3.8 11.6 2.2
v 3.8 11.6 1.6
v 3.9 0.9 3.6
v 3.9 0.9 3
v 3.9 0.9 2.2
v 3.9 0.9 1.6
v 3.9 1.7 3.6
v 3.9 1.7 3
v 3.9 1.7 2.2
v 3.9 1.7 1.6
v 3.9 2.5 3.6
v 3.9 2.5 3
v 3.9 2.5 2.2
v 3.9 2.5 1.6
v 3.9 3.3 3.6
v 3.9 3.3 3
v 3.9 3.3 2.2
v 3.9 3.3 1.6
v 3.9 4.1 3.6
v 3.9 4.1 3
v 3.9 4.9 3.6
v 3.9 4.9 3
v 3.9 5.7 3.6
v 3.9 5.7 3
v 3.9 6.5 3.6
v 3.9 6.5 3
v 3.9 7.3 3.6
v 3.9 7.3 3
v 3.9 8.1 3.6
v 3.9 8.1 3
v 3.9 8.9 3.6
v 3.9 8.9 3
v 3.9 9.7 3.6
v 3.9 9.7 3
v 3.9 10.5 3.6
v 3.9 10.5 3
v 3.9 11.3 3.6
v 3.9 11.3 3
v 4.2 11.6 7.1
v 4.2 11.6 6.7
v 4.2 11.6 -1.5
v 4.2 11.6 -1.9
v 4.2 15.3 7.1
v 4.2 15.3 6.7
v 4.2 15.3 -1.5
v 4.2 15.3 -1.9
v 4.6 11.6 6.7
v 4.6 11.6 6.3
v 4.6 11.6 -1.1
v 4.6 11.6 -1.5
v 4.6 15.3 6.7
v 4.6 15.3 6.3
v 4.6 15.3 -1.1
v 4.6 15.3 -1.5
v 5 11.6 6.3
v 5 11.6 5.9
v 5 11.6 -0.7
v 5 11.6 -1.1
v 5 15.3 6.3
v 5 15.3 5.9
v 5 15.3 -0.7
v 5 15.3 -1.1
v 5.4 11.6 5.9
v 5.4 11.6 5.1
v 5.4 11.6 0.1
v 5.4 11.6 -0.7
v 5.4 15.3 5.9
v 5.4 15.3 5.1
v 5.4 15.3 0.1
v 5.4 15.3 -0.7
v 5.8 11.6 5.1
v 5.8 11.6 3.8
v 5.8 11.6 1.3
v 5.8 11.6 0.1
v 5.8 15.3 5.1
v 5.8 15.3 3.8
v 5.8 15.3 1.3
v 5.8 15.3 0.1
v 6.2 11.6 3.8
v 6.2 11.6 1.3
v 6.2 15.3 3.8
v 6.2 15.3 1.3
v -4.6 11.6 3.9
v -4.6 11.6 1.3
v -4.6 15.3 3.9
v -4.6 15.3 1.3
v -4.2 11.6 5.1
v -4.2 11.6 3.9
v -4.2 11.6 1.3
v -4.2 11.6 0.1
v -4.2 15.3 5.1
v -4.2 15.3 3.9
v -4.2 15.3 1.3
v -4.2 15.3 0.1
v -3.8 11.6 5.9
v -3.8 11.6 5.1
v -3.8 11.6 0.1
v -3.8 11.6 -0.7
v -3.8 15.3 5.9
v -3.8 15.3 5.1
v -3.8 15.3 0.1
v -3.8 15.3 -0.7
v -3.4 11.6 6.3
v -3.4 11.6 5.9
v -3.4 11.6 -0.7
v -3.4 11.6 -1.1
v -3.4 15.3 6.3
v -3.4 15.3 5.9
v -3.4 15.3 -0.7
v -3.4 15.3 -1.1
v -3 11.6 -1.1
v -3 11.6 -1.5
v -3 15.3 -1.1
v -3 15.3 -1.5
v -2.9 11.6 6.8
v -2.9 11.6 6.3
v -2.9 15.3 6.8
v -2.9 15.3 6.3
v -2.6 11.6 -1.5
v -2.6 11.6 -1.9
v -2.6 15.3 -1.5
v -2.6 15.3 -1.9
v -2.5 11.6 7.2
v -2.5 11.6 6.8
v -2.5 15.3 7.2
v -2.5 15.3 6.8
v -2.2 2.5 3.6
v -2.2 2.5 1.6
v -2.2 3.3 3.6
v -2.2 3.3 1.6
v -2.2 4.1 3.6
v -2.2 4.1 1.6
v -2.2 4.9 3.6
v -2.2 4.9 1.6
v -2.2 5.7 3.6
v -2.2 5.7 1.6
v -2.2 6.5 3.6
v -2.2 6.5 1.6
v -2.2 7.3 3.6
v -2.2 7.3 1.6
v -2.2 8.1 3.6
v -2.2 8.1 1.6
v -2.2 8.9 3.6
v -2.2 8.9 1.6
v -2.2 9.7 3.6
v -2.2 9.7 1.6
v -2.2 10.5 3.6
v -2.2 10.5 1.6
v -2.2 11.3 3.6
v -2.2 11.3 1.6
v -2.2 11.6 3.6
v -2.2 11.6 1.6
v -1.8 0.9 4.4
v -1.8 0.9 3.6
v -1.8 0.9 1.6
v -1.8 0.9 0.8
v -1.8 1.7 4.4
v -1.8 1.7 3.6
v -1.8 1.7 1.6
v -1.8 1.7 0.8
v -1.8 2.5 4.4
v -1.8 2.5 3.6
v -1.8 2.5 1.6
v -1.8 2.5 0.8
v -1.8 3.3 4.4
v -1.8 3.3 3.6
v -1.8 3.3 1.6
v -1.8 3.3 0.8
v -1.8 4.1 4.4
v -1.8 4.1 3.6
v -1.8 4.1 1.6
v -1.8 4.1 0.8
v -1.8 4.9 4.4
v -1.8 4.9 3.6
v -1.8 4.9 1.6
v -1.8 4.9 0.8
v -1.8 5.7 4.4
v -1.8 5.7 3.6
v -1.8 5.7 1.6
v -1.8 5.7 0.8
v -1.8 6.5 4.4
v -1.8 6.5 3.6
v -1.8 6.5 1.6
v -1.8 6.5 0.8
v -1.8 7.3 4.4
v -1.8 7.3 3.6
v -1.8 7.3 1.6
v -1.8 7.3 0.8
v -1.8 8.1 4.4
v -1.8 8.1 3.6
v -1.8 8.1 1.6
v -1.8 8.1 0.8
v -1.8 8.9 4.4
v -1.8 8.9 3.6
v -1.8 8.9 1.6
v -1.8 8.9 0.8
v -1.8 9.7 4.4
v -1.8 9.7 3.6
v -1.8 9.7 1.6
v -1.8 9.7 0.8
v -1.8 10.5 4.4
v -1.8 10.5 3.6
v -1.8 10.5 1.6
v -1.8 10.5 0.8
v -1.8 11.3 4.4
v -1.8 11.3 3.6
v -1.8 11.3 1.6
v -1.8 11.3 0.8
v -1.8 11.6 4.4
v -1.8 11.6 3.6
v -1.8 11.6 1.6
v -1.8 11.6 0.8
v -1.7 11.6 7.6
v -1.7 11.6 7.2
v -1.7 11.6 -1.9
v -1.7 11.6 -2.4
v -1.7 15.3 7.6
v -1.7 15.3 7.2
v -1.7 15.3 -1.9
v -1.7 15.3 -2.4
v -1.4 0.9 4.8
v -1.4 0.9 4.4
v -1.4 0.9 0.8
v -1.4 0.9 0.400001
v -1.4 1.7 4.8
v -1.4 1.7 4.4
v -1.4 1.7 0.8
v -1.4 1.7 0.400001
v -1.4 2.5 4.8
v -1.4 2.5 4.4
v -1.4 2.5 0.8
v -1.4 2.5 0.400001
v -1.4 3.3 4.8
v -1.4 3.3 4.4
v -1.4 3.3 0.8
v -1.4 3.3 0.400001
v -1.4 4.1 4.8
v -1.4 4.1 4.4
v -1.4 4.1 0.8
v -1.4 4.1 0.400001
v -1.4 4.9 4.8
v -1.4 4.9 4.4
v -1.4 4.9 0.8
v -1.4 4.9 0.400001
v -1.4 5.7 4.8
v -1.4 5.7 4.4
v -1.4 5.7 0.8
v -1.4 5.7 0.400001
v -1.4 6.5 4.8
v -1.4 6.5 4.4
v -1.4 6.5 0.8
v -1.4 6.5 0.400001
v -1.4 7.3 4.8
v -1.4 7.3 4.4
v -1.4 7.3 0.8
v -1.4 7.3 0.400001
v -1.4 8.1 4.8
v -1.4 8.1 4.4
v -1.4 8.1 0.8
v -1.4 8.1 0.400001
v -1.4 8.9 4.8
v -1.4 8.9 4.4
v -1.4 8.9 0.8
v -1.4 8.9 0.400001
v -1.4 9.7 4.8
v -1.4 9.7 4.4
v -1.4 9.7 0.8
v -1.4 9.7 0.400001
v -1.4 10.5 4.8
v -1.4 10.5 4.4
v -1.4 10.5 0.8
v -1.4 10.5 0.400001
v -1.4 11.3 4.8
v -1.4 11.3 4.4
v -1.4 11.3 0.8
v -1.4 11.3 0.400001
v -1.4 11.6 4.8
v -1.4 11.6 4.4
v -1.4 11.6 0.8
v -1.4 11.6 0.400001
v -1 0.9 5.2
v -1 0.9 4.8
v -1 0.9 0.400001
v -1 0.9 0
v -1 1.7 5.2
v -1 1.7 4.8
v -1 1.7 0.400001
v -1 1.7 0
v -1 2.5 5.2
v -1 2.5 4.8
v -1 2.5 0.400001
v -1 2.5 0
v -1 3.3 5.2
v -1 3.3 4.8
v -1 3.3 0.400001
v -1 3.3 0
v -1 4.1 5.2
v -1 4.1 4.8
v -1 4.1 0.400001
v -1 4.1 0
v -1 4.9 5.2
v -1 4.9 4.8
v -1 4.9 0.400001
v -1 4.9 0
v -1 5.7 5.2
v -1 5.7 4.8
v -1 5.7 0.400001
v -1 5.7 0
v -1 6.5 5.2
v -1 6.5 4.8
v -1 6.5 0.400001
v -1 6.5 0
v -1 7.3 5.2
v -1 7.3 4.8
v -1 7.3 0.400001
v -1 7.3 0
v -1 8.1 5.2
v -1 8.1 4.8
v -1 8.1 0.400001
v -1 8.1 0
v -1 8.9 5.2
v -1 8.9 4.8
v -1 8.9 0.400001
v -1 8.9 0
v -1 9.7 5.2
v -1 9.7 4.8
v -1 9.7 0.400001
v -1 9.7 0
v -1 10.5 5.2
v -1 10.5 4.8
v -1 10.5 0.400001
v -1 10.5 0
v -1 11.3 5.2
v -1 11.3 4.8
v -1 11.3 0.400001
v -1 11.3 0
v -1 11.6 5.2
v -1 11.6 4.8
v -1 11.6 0.400001
v -1 11.6 0
v -0.6 11.6 7.9
v -0.6 11.6 7.6
v -0.6 15.3 7.9
v -0.6 15.3 7.6
v -0.5 11.6 -2.4
v -0.5 11.6 -2.8
v -0.5 15.3 -2.4
v -0.5 15.3 -2.8
v -0.2 0.9 5.6
v -0.2 0.9 5.2
v -0.2 0.9 0
v -0.2 0.9 -0.4
v -0.2 1.7 5.6
v -0.2 1.7 5.2
v -0.2 1.7 0
v -0.2 1.7 -0.4
v -0.2 2.5 5.6
v -0.2 2.5 5.2
v -0.2 2.5 0
v -0.2 2.5 -0.4
v -0.2 3.3 5.6
v -0.2 3.3 5.2
v -0.2 3.3 0
v -0.2 3.3 -0.4
v -0.2 4.1 5.6
v -0.2 4.1 5.2
v -0.2 4.1 0
v -0.2 4.1 -0.4
v -0.2 4.9 5.6
v -0.2 4.9 5.2
v -0.2 4.9 0
v -0.2 4.9 -0.4
v -0.2 5.7 5.6
v -0.2 5.7 5.2
v -0.2 5.7 0
v -0.2 5.7 -0.4
v -0.2 6.5 5.6
v -0.2 6.5 5.2
v -0.2 6.5 0
v -0.2 6.5 -0.4
v -0.2 7.3 5.6
v -0.2 7.3 5.2
v -0.2 7.3 0
v -0.2 7.3 -0.4
v -0.2 8.1 5.6
v -0.2 8.1 5.2
v -0.2 8.1 0
v -0.2 8.1 -0.4
v -0.2 8.9 5.6
v -0.2 8.9 5.2
v -0.2 8.9 0
v -0.2 8.9 -0.4
v -0.2 9.7 5.6
v -0.2 9.7 5.2
v -0.2 9.7 0
v -0.2 9.7 -0.4
v -0.2 10.5 5.6
v -0.2 10.5 5.2
v -0.2 10.5 0
v -0.2 10.5 -0.4
v -0.2 11.3 5.6
v -0.2 11.3 5.2
v -0.2 11.3 0
v -0.2 11.3 -0.4
v -0.2 11.6 5.6
v -0.2 11.6 5.2
v -0.2 11.6 0
v -0.2 11.6 -0.4
v 1.5 15.4 8.5
v 1.5 15.4 8.4
v 1.5 15.4 -3.1
v 1.5 15.4 -3.2
v 1.5 15.6 8.5
v 1.5 15.6 8.4
v 1.5 15.6 -3.1
v 1.5 15.6 -3.2
v 2.1 15.4 8.4
v 2.1 15.4 8.3
v 2.1 15.4 -3
v 2.1 15.4 -3.1
v 2.1 15.6 8.4
v 2.1 15.6 8.3
v 2.1 15.6 -3
v 2.1 15.6 -3.1
v 2.2 0.1 8.4
v 2.2 0.1 8
v 2.2 0.1 -2.8
v 2.2 0.1 -3.2
v 2.2 0.9 8.4
v 2.2 0.9 8
v 2.2 0.9 7.6
v 2.2 0.9 -2.4
v 2.2 0.9 -2.8
v 2.2 0.9 -3.2
v 2.2 1.7 8
v 2.2 1.7 7.6
v 2.2 1.7 7.2
v 2.2 1.7 -2
v 2.2 1.7 -2.4
v 2.2 1.7 -2.8
v 2.2 2.5 7.6
v 2.2 2.5 7.2
v 2.2 2.5 -2
v 2.2 2.5 -2.4
v 2.2 3.3 7.6
v 2.2 3.3 7.2
v 2.2 3.3 6.8
v 2.2 3.3 -1.6
v 2.2 3.3 -2
v 2.2 3.3 -2.4
v 2.2 4.1 7.2
v 2.2 4.1 6.8
v 2.2 4.1 6.4
v 2.2 4.1 -1.2
v 2.2 4.1 -1.6
v 2.2 4.1 -2
v 2.2 4.9 6.8
v 2.2 4.9 6.4
v 2.2 4.9 -1.2
v 2.2 4.9 -1.6
v 2.2 5.7 6.8
v 2.2 5.7 6.4
v 2.2 5.7 -1.2
v 2.2 5.7 -1.6
v 2.2 6.5 6.8
v 2.2 6.5 6.4
v 2.2 6.5 -1.2
v 2.2 6.5 -1.6
v 2.2 7.3 6.8
v 2.2 7.3 6.4
v 2.2 7.3 -1.2
v 2.2 7.3 -1.6
v 2.2 8.1 6.8
v 2.2 8.1 6.4
v 2.2 8.1 -1.2
v 2.2 8.1 -1.6
v 2.2 8.9 6.8
v 2.2 8.9 6.4
v 2.2 8.9 -1.2
v 2.2 8.9 -1.6
v 2.2 9.7 6.8
v 2.2 9.7 6.4
v 2.2 9.7 -1.2
v 2.2 9.7 -1.6
v 2.2 10.5 6.8
v 2.2 10.5 6.4
v 2.2 10.5 -1.2
v 2.2 10.5 -1.6
v 2.2 11.3 8.4
v 2.2 11.3 8
v 2.2 11.3 6.8
v 2.2 11.3 6.4
v 2.2 11.3 -1.2
v 2.2 11.3 -1.6
v 2.2 11.3 -2.8
v 2.2 11.3 -3.2
v 2.2 11.6 8.4
v 2.2 11.6 8
v 2.2 11.6 -2.8
v 2.2 11.6 -3.2
v 2.2 15.4 8.4
v 2.2 15.4 8.3
v 2.2 15.4 8
v 2.2 15.4 -2.8
v 2.2 15.4 -3
v 2.2 15.4 -3.2
v 2.4 15.4 8.3
v 2.4 15.4 8.2
v 2.4 15.4 -2.9
v 2.4 15.4 -3
v 2.4 15.6 8.3
v 2.4 15.6 8.2
v 2.4 15.6 -2.9
v 2.4 15.6 -3
v 2.7 15.4 8.2
v 2.7 15.4 8.1
v 2.7 15.4 -2.8
v 2.7 15.4 -2.9
v 2.7 15.6 8.2
v 2.7 15.6 8.1
v 2.7 15.6 -2.8
v 2.7 15.6 -2.9
v 3 1.7 7.2
v 3 1.7 6.8
v 3 1.7 -1.6
v 3 1.7 -2
v 3 2.5 7.2
v 3 2.5 6.8
v 3 2.5 -1.6
v 3 2.5 -2
v 3 3.3 7.2
v 3 3.3 6.8
v 3 3.3 6.4
v 3 3.3 -1.2
v 3 3.3 -1.6
v 3 3.3 -2
v 3 4.1 6.8
v 3 4.1 6.4
v 3 4.1 6
v 3 4.1 -0.8
v 3 4.1 -1.2
v 3 4.1 -1.6
v 3 4.9 6.4
v 3 4.9 6
v 3 4.9 -0.8
v 3 4.9 -1.2
v 3 5.7 6.4
v 3 5.7 6
v 3 5.7 -0.8
v 3 5.7 -1.2
v 3 6.5 6.4
v 3 6.5 6
v 3 6.5 -0.8
v 3 6.5 -1.2
v 3 7.3 6.4
v 3 7.3 6
v 3 7.3 -0.8
v 3 7.3 -1.2
v 3 8.1 6.4
v 3 8.1 6
v 3 8.1 -0.8
v 3 8.1 -1.2
v 3 8.9 6.4
v 3 8.9 6
v 3 8.9 -0.8
v 3 8.9 -1.2
v 3 9.7 6.4
v 3 9.7 6
v 3 9.7 -0.8
v 3 9.7 -1.2
v 3 10.5 6.4
v 3 10.5 6
v 3 10.5 -0.8
v 3 10.5 -1.2
v 3 11.3 6.4
v 3 11.3 6
v 3 11.3 -0.8
v 3 11.3 -1.2
v 3 15.4 8.1
v 3 15.4 8
v 3 15.4 -2.7
v 3 15.4 -2.8
v 3 15.6 8.1
v 3 15.6 8
v 3 15.6 -2.7
v 3 15.6 -2.8
v 3.2 15.4 8
v 3.2 15.4 7.9
v 3.2 15.4 -2.6
v 3.2 15.4 -2.7
v 3.2 15.6 8
v 3.2 15.6 7.9
v 3.2 15.6 -2.6
v 3.2 15.6 -2.7
v 3.4 0.1 8
v 3.4 0.1 7.6
v 3.4 0.1 -2.4
v 3.4 0.1 -2.8
v 3.4 0.9 8
v 3.4 0.9 7.6
v 3.4 0.9 7.2
v 3.4 0.9 -2
v 3.4 0.9 -2.4
v 3.4 0.9 -2.8
v 3.4 1.7 7.6
v 3.4 1.7 7.2
v 3.4 1.7 -2
v 3.4 1.7 -2.4
v 3.4 4.1 6
v 3.4 4.1 5.6
v 3.4 4.1 -0.4
v 3.4 4.1 -0.8
v 3.4 4.9 6
v 3.4 4.9 5.6
v 3.4 4.9 -0.4
v 3.4 4.9 -0.8
v 3.4 5.7 6
v 3.4 5.7 5.6
v 3.4 5.7 -0.4
v 3.4 5.7 -0.8
v 3.4 6.5 6
v 3.4 6.5 5.6
v 3.4 6.5 -0.4
v 3.4 6.5 -0.8
v 3.4 7.3 6
v 3.4 7.3 5.6
v 3.4 7.3 -0.4
v 3.4 7.3 -0.8
v 3.4 8.1 6
v 3.4 8.1 5.6
v 3.4 8.1 -0.4
v 3.4 8.1 -0.8
v 3.4 8.9 6
v 3.4 8.9 5.6
v 3.4 8.9 -0.4
v 3.4 8.9 -0.8
v 3.4 9.7 6
v 3.4 9.7 5.6
v 3.4 9.7 -0.4
v 3.4 9.7 -0.8
v 3.4 10.5 6
v 3.4 10.5 5.6
v 3.4 10.5 -0.4
v 3.4 10.5 -0.8
v 3.4 11.3 8
v 3.4 11.3 7.6
v 3.4 11.3 6
v 3.4 11.3 5.6
v 3.4 11.3 -0.4
v 3.4 11.3 -0.8
v 3.4 11.3 -2.4
v 3.4 11.3 -2.8
v 3.4 11.6 8
v 3.4 11.6 7.6
v 3.4 11.6 -2.4
v 3.4 11.6 -2.8
v 3.4 15.4 8
v 3.4 15.4 7.9
v 3.4 15.4 7.8
v 3.4 15.4 7.6
v 3.4 15.4 -2.4
v 3.4 15.4 -2.5
v 3.4 15.4 -2.6
v 3.4 15.4 -2.8
v 3.4 15.6 7.9
v 3.4 15.6 7.8
v 3.4 15.6 -2.5
v 3.4 15.6 -2.6
v 3.6 15.4 7.8
v 3.6 15.4 7.7
v 3.6 15.4 -2.4
v 3.6 15.4 -2.5
v 3.6 15.6 7.8
v 3.6 15.6 7.7
v 3.6 15.6 -2.4
v 3.6 15.6 -2.5
v 3.8 0.9 7.2
v 3.8 0.9 6.8
v 3.8 0.9 -1.6
v 3.8 0.9 -2
v 3.8 1.7 7.2
v 3.8 1.7 6.8
v 3.8 1.7 6.4
v 3.8 1.7 -1.2
v 3.8 1.7 -1.6
v 3.8 1.7 -2
v 3.8 2.5 6.8
v 3.8 2.5 6.4
v 3.8 2.5 -1.2
v 3.8 2.5 -1.6
v 3.8 3.3 6.8
v 3.8 3.3 6.4
v 3.8 3.3 6
v 3.8 3.3 -0.8
v 3.8 3.3 -1.2
v 3.8 3.3 -1.6
v 3.8 4.1 6.4
v 3.8 4.1 6
v 3.8 4.1 5.6
v 3.8 4.1 5.2
v 3.8 4.1 0
v 3.8 4.1 -0.4
v 3.8 4.1 -0.8
v 3.8 4.1 -1.2
v 3.8 4.9 5.6
v 3.8 4.9 5.2
v 3.8 4.9 0
v 3.8 4.9 -0.4
v 3.8 5.7 5.6
v 3.8 5.7 5.2
v 3.8 5.7 0
v 3.8 5.7 -0.4
v 3.8 6.5 5.6
v 3.8 6.5 5.2
v 3.8 6.5 0
v 3.8 6.5 -0.4
v 3.8 7.3 5.6
v 3.8 7.3 5.2
v 3.8 7.3 0
v 3.8 7.3 -0.4
v 3.8 8.1 5.6
v 3.8 8.1 5.2
v 3.8 8.1 0
v 3.8 8.1 -0.4
v 3.8 8.9 5.6
v 3.8 8.9 5.2
v 3.8 8.9 0
v 3.8 8.9 -0.4
v 3.8 9.7 5.6
v 3.8 9.7 5.2
v 3.8 9.7 0
v 3.8 9.7 -0.4
v 3.8 10.5 5.6
v 3.8 10.5 5.2
v 3.8 10.5 0
v 3.8 10.5 -0.4
v 3.8 11.3 5.6
v 3.8 11.3 5.2
v 3.8 11.3 0
v 3.8 11.3 -0.4
v 3.8 11.6 3
v 3.8 11.6 2.9
v 3.8 11.6 2.3
v 3.8 11.6 2.2
v 3.8 12 3
v 3.8 12 2.9
v 3.8 12 2.3
v 3.8 12 2.2
v 3.8 15.4 7.7
v 3.8 15.4 7.6
v 3.8 15.4 -2.3
v 3.8 15.4 -2.4
v 3.8 15.6 7.7
v 3.8 15.6 7.6
v 3.8 15.6 -2.3
v 3.8 15.6 -2.4
v 3.9 12 3
v 3.9 12 2.9
v 3.9 12 2.3
v 3.9 12 2.2
v 3.9 12.1 3
v 3.9 12.1 2.9
v 3.9 12.1 2.3
v 3.9 12.1 2.2
v 3.9 15.4 7.6
v 3.9 15.4 7.5
v 3.9 15.4 -2.2
v 3.9 15.4 -2.3
v 3.9 15.6 7.6
v 3.9 15.6 7.5
v 3.9 15.6 -2.2
v 3.9 15.6 -2.3
v 4.1 15.4 7.5
v 4.1 15.4 7.4
v 4.1 15.4 -2.1
v 4.1 15.4 -2.2
v 4.1 15.6 7.5
v 4.1 15.6 7.4
v 4.1 15.6 -2.1
v 4.1 15.6 -2.2
v 4.2 0.1 7.6
v 4.2 0.1 7.2
v 4.2 0.1 -2
v 4.2 0.1 -2.4
v 4.2 0.9 7.6
v 4.2 0.9 7.2
v 4.2 0.9 -2
v 4.2 0.9 -2.4
v 4.2 1.7 6.4
v 4.2 1.7 6
v 4.2 1.7 -0.8
v 4.2 1.7 -1.2
v 4.2 2.5 6.4
v 4.2 2.5 6
v 4.2 2.5 -0.8
v 4.2 2.5 -1.2
v 4.2 3.3 6.4
v 4.2 3.3 6
v 4.2 3.3 5.6
v 4.2 3.3 -0.4
v 4.2 3.3 -0.8
v 4.2 3.3 -1.2
v 4.2 4.1 6
v 4.2 4.1 5.6
v 4.2 4.1 5.2
v 4.2 4.1 4.8
v 4.2 4.1 0.400001
v 4.2 4.1 0
v 4.2 4.1 -0.4
v 4.2 4.1 -0.8
v 4.2 4.9 5.2
v 4.2 4.9 4.8
v 4.2 4.9 0.400001
v 4.2 4.9 0
v 4.2 5.7 5.2
v 4.2 5.7 4.8
v 4.2 5.7 0.400001
v 4.2 5.7 0
v 4.2 6.5 5.2
v 4.2 6.5 4.8
v 4.2 6.5 0.400001
v 4.2 6.5 0
v 4.2 7.3 5.2
v 4.2 7.3 4.8
v 4.2 7.3 0.400001
v 4.2 7.3 0
v 4.2 8.1 5.2
v 4.2 8.1 4.8
v 4.2 8.1 0.400001
v 4.2 8.1 0
v 4.2 8.9 5.2
v 4.2 8.9 4.8
v 4.2 8.9 0.400001
v 4.2 8.9 0
v 4.2 9.7 5.2
v 4.2 9.7 4.8
v 4.2 9.7 0.400001
v 4.2 9.7 0
v 4.2 10.5 5.2
v 4.2 10.5 4.8
v 4.2 10.5 0.400001
v 4.2 10.5 0
v 4.2 11.3 7.6
v 4.2 11.3 7.2
v 4.2 11.3 5.2
v 4.2 11.3 4.8
v 4.2 11.3 0.400001
v 4.2 11.3 0
v 4.2 11.3 -2
v 4.2 11.3 -2.4
v 4.2 11.6 7.6
v 4.2 11.6 7.2
v 4.2 11.6 -2
v 4.2 11.6 -2.4
v 4.2 15.4 7.6
v 4.2 15.4 7.4
v 4.2 15.4 7.3
v 4.2 15.4 7.2
v 4.2 15.4 -2.1
v 4.2 15.4 -2.4
v 4.2 15.6 7.4
v 4.2 15.6 7.3
v 4.2 15.6 -2
v 4.2 15.6 -2.1
v 4.4 15.4 7.3
v 4.4 15.4 7.2
v 4.4 15.4 -1.9
v 4.4 15.4 -2
v 4.4 15.6 7.3
v 4.4 15.6 7.2
v 4.4 15.6 -1.9
v 4.4 15.6 -2
v 4.5 15.4 7.2
v 4.5 15.4 7.1
v 4.5 15.4 -1.8
v 4.5 15.4 -1.9
v 4.5 15.6 7.2
v 4.5 15.6 7.1
v 4.5 15.6 -1.8
v 4.5 15.6 -1.9
v 4.6 0.1 7.2
v 4.6 0.1 6.8
v 4.6 0.1 -1.6
v 4.6 0.1 -2
v 4.6 0.9 7.2
v 4.6 0.9 6.8
v 4.6 0.9 6.4
v 4.6 0.9 -1.2
v 4.6 0.9 -1.6
v 4.6 0.9 -2
v 4.6 1.7 6.8
v 4.6 1.7 6.4
v 4.6 1.7 6
v 4.6 1.7 5.6
v 4.6 1.7 -0.4
v 4.6 1.7 -0.8
v 4.6 1.7 -1.2
v 4.6 1.7 -1.6
v 4.6 2.5 6
v 4.6 2.5 5.6
v 4.6 2.5 -0.4
v 4.6 2.5 -0.8
v 4.6 3.3 6
v 4.6 3.3 5.6
v 4.6 3.3 4.8
v 4.6 3.3 0.400001
v 4.6 3.3 -0.4
v 4.6 3.3 -0.8
v 4.6 4.1 5.6
v 4.6 4.1 4.8
v 4.6 4.1 4
v 4.6 4.1 1.2
v 4.6 4.1 0.400001
v 4.6 4.1 -0.4
v 4.6 4.9 4.8
v 4.6 4.9 4
v 4.6 4.9 1.2
v 4.6 4.9 0.400001
v 4.6 5.7 4.8
v 4.6 5.7 4
v 4.6 5.7 1.2
v 4.6 5.7 0.400001
v 4.6 6.5 4.8
v 4.6 6.5 4
v 4.6 6.5 1.2
v 4.6 6.5 0.400001
v 4.6 7.3 4.8
v 4.6 7.3 4
v 4.6 7.3 1.2
v 4.6 7.3 0.400001
v 4.6 8.1 4.8
v 4.6 8.1 4
v 4.6 8.1 1.2
v 4.6 8.1 0.400001
v 4.6 8.9 4.8
v 4.6 8.9 4
v 4.6 8.9 1.2
v 4.6 8.9 0.400001
v 4.6 9.7 4.8
v 4.6 9.7 4
v 4.6 9.7 1.2
v 4.6 9.7 0.400001
v 4.6 10.5 4.8
v 4.6 10.5 4
v 4.6 10.5 1.2
v 4.6 10.5 0.400001
v 4.6 11.3 7.2
v 4.6 11.3 6.8
v 4.6 11.3 4.8
v 4.6 11.3 4
v 4.6 11.3 1.2
v 4.6 11.3 0.400001
v 4.6 11.3 -1.6
v 4.6 11.3 -2
v 4.6 11.6 7.2
v 4.6 11.6 6.8
v 4.6 11.6 -1.6
v 4.6 11.6 -2
v 4.6 15.4 7.2
v 4.6 15.4 7.1
v 4.6 15.4 7
v 4.6 15.4 6.8
v 4.6 15.4 -1.6
v 4.6 15.4 -1.7
v 4.6 15.4 -1.8
v 4.6 15.4 -2
v 4.6 15.6 7.1
v 4.6 15.6 7
v 4.6 15.6 -1.7
v 4.6 15.6 -1.8
v 4.7 15.4 7
v 4.7 15.4 6.9
v 4.7 15.4 -1.6
v 4.7 15.4 -1.7
v 4.7 15.6 7
v 4.7 15.6 6.9
v 4.7 15.6 -1.6
v 4.7 15.6 -1.7
v 4.8 15.4 6.9
v 4.8 15.4 6.8
v 4.8 15.4 -1.5
v 4.8 15.4 -1.6
v 4.8 15.6 6.9
v 4.8 15.6 6.8
v 4.8 15.6 -1.5
v 4.8 15.6 -1.6
v 4.9 15.4 6.8
v 4.9 15.4 6.7
v 4.9 15.4 -1.4
v 4.9 15.4 -1.5
v 4.9 15.6 6.8
v 4.9 15.6 6.7
v 4.9 15.6 -1.4
v 4.9 15.6 -1.5
v 5 0.1 6.8
v 5 0.1 6.4
v 5 0.1 -1.2
v 5 0.1 -1.6
v 5 0.9 6.8
v 5 0.9 6.4
v 5 0.9 5.6
v 5 0.9 -0.4
v 5 0.9 -1.2
v 5 0.9 -1.6
v 5 1.7 6.4
v 5 1.7 5.6
v 5 1.7 4.8
v 5 1.7 0.400001
v 5 1.7 -0.4
v 5 1.7 -1.2
v 5 2.5 5.6
v 5 2.5 4.8
v 5 2.5 0.400001
v 5 2.5 -0.4
v 5 3.3 5.6
v 5 3.3 4.8
v 5 3.3 4
v 5 3.3 1.2
v 5 3.3 0.400001
v 5 3.3 -0.4
v 5 4.1 4.8
v 5 4.1 4
v 5 4.1 1.2
v 5 4.1 0.400001
v 5 4.9 4
v 5 4.9 1.2
v 5 5.7 4
v 5 5.7 1.2
v 5 6.5 4
v 5 6.5 1.2
v 5 7.3 4
v 5 7.3 1.2
v 5 8.1 4
v 5 8.1 1.2
v 5 8.9 4
v 5 8.9 1.2
v 5 9.7 4
v 5 9.7 1.2
v 5 10.5 4
v 5 10.5 1.2
v 5 11.3 6.8
v 5 11.3 6.4
v 5 11.3 4
v 5 11.3 1.2
v 5 11.3 -1.2
v 5 11.3 -1.6
v 5 11.6 6.8
v 5 11.6 6.4
v 5 11.6 -1.2
v 5 11.6 -1.6
v 5 15.4 6.8
v 5 15.4 6.7
v 5 15.4 6.6
v 5 15.4 6.4
v 5 15.4 -1.2
v 5 15.4 -1.3
v 5 15.4 -1.4
v 5 15.4 -1.6
v 5 15.6 6.7
v 5 15.6 6.6
v 5 15.6 -1.3
v 5 15.6 -1.4
v 5.1 15.4 6.6
v 5.1 15.4 6.5
v 5.1 15.4 -1.2
v 5.1 15.4 -1.3
v 5.1 15.6 6.6
v 5.1 15.6 6.5
v 5.1 15.6 -1.2
v 5.1 15.6 -1.3
v 5.2 15.4 6.5
v 5.2 15.4 6.4
v 5.2 15.4 -1.1
v 5.2 15.4 -1.2
v 5.2 15.6 6.5
v 5.2 15.6 6.4
v 5.2 15.6 -1.1
v 5.2 15.6 -1.2
v 5.3 15.4 6.4
v 5.3 15.4 6.3
v 5.3 15.4 -1
v 5.3 15.4 -1.1
v 5.3 15.6 6.4
v 5.3 15.6 6.3
v 5.3 15.6 -1
v 5.3 15.6 -1.1
v 5.4 0.1 6.4
v 5.4 0.1 6
v 5.4 0.1 -0.8
v 5.4 0.1 -1.2
v 5.4 0.9 6.4
v 5.4 0.9 6
v 5.4 0.9 5.6
v 5.4 0.9 5.2
v 5.4 0.9 0
v 5.4 0.9 -0.4
v 5.4 0.9 -0.8
v 5.4 0.9 -1.2
v 5.4 1.7 5.6
v 5.4 1.7 5.2
v 5.4 1.7 4.8
v 5.4 1.7 4
v 5.4 1.7 1.2
v 5.4 1.7 0.400001
v 5.4 1.7 0
v 5.4 1.7 -0.4
v 5.4 2.5 4.8
v 5.4 2.5 4
v 5.4 2.5 1.2
v 5.4 2.5 0.400001
v 5.4 3.3 4.8
v 5.4 3.3 4
v 5.4 3.3 1.2
v 5.4 3.3 0.400001
v 5.4 4.1 4
v 5.4 4.1 1.2
v 5.4 11.3 6.4
v 5.4 11.3 6
v 5.4 11.3 -0.8
v 5.4 11.3 -1.2
v 5.4 11.6 6.4
v 5.4 11.6 6
v 5.4 11.6 -0.8
v 5.4 11.6 -1.2
v 5.4 15.4 6.4
v 5.4 15.4 6.3
v 5.4 15.4 6.1
v 5.4 15.4 6
v 5.4 15.4 -1
v 5.4 15.4 -1.2
v 5.4 15.6 6.3
v 5.4 15.6 6.1
v 5.4 15.6 -0.8
v 5.4 15.6 -1
v 5.5 15.4 6.1
v 5.5 15.4 6
v 5.5 15.4 -0.7
v 5.5 15.4 -0.8
v 5.5 15.6 6.1
v 5.5 15.6 6
v 5.5 15.6 -0.7
v 5.5 15.6 -0.8
v 5.6 15.4 6
v 5.6 15.4 5.8
v 5.6 15.4 -0.5
v 5.6 15.4 -0.7
v 5.6 15.6 6
v 5.6 15.6 5.8
v 5.6 15.6 -0.5
v 5.6 15.6 -0.7
v 5.7 15.4 5.8
v 5.7 15.4 5.7
v 5.7 15.4 -0.4
v 5.7 15.4 -0.5
v 5.7 15.6 5.8
v 5.7 15.6 5.7
v 5.7 15.6 -0.4
v 5.7 15.6 -0.5
v 5.8 0.1 6
v 5.8 0.1 5.2
v 5.8 0.1 0
v 5.8 0.1 -0.8
v 5.8 0.9 6
v 5.8 0.9 5.2
v 5.8 0.9 4
v 5.8 0.9 1.2
v 5.8 0.9 0
v 5.8 0.9 -0.8
v 5.8 1.7 5.2
v 5.8 1.7 4
v 5.8 1.7 1.2
v 5.8 1.7 0
v 5.8 2.5 4
v 5.8 2.5 1.2
v 5.8 3.3 4
v 5.8 3.3 1.2
v 5.8 11.3 6
v 5.8 11.3 5.2
v 5.8 11.3 0
v 5.8 11.3 -0.8
v 5.8 11.6 6
v 5.8 11.6 5.2
v 5.8 11.6 0
v 5.8 11.6 -0.8
v 5.8 15.4 6
v 5.8 15.4 5.7
v 5.8 15.4 5.5
v 5.8 15.4 5.2
v 5.8 15.4 0
v 5.8 15.4 -0.2
v 5.8 15.4 -0.4
v 5.8 15.4 -0.8
v 5.8 15.6 5.7
v 5.8 15.6 5.5
v 5.8 15.6 -0.2
v 5.8 15.6 -0.4
v 5.9 15.4 5.5
v 5.9 15.4 5.3
v 5.9 15.4 0
v 5.9 15.4 -0.2
v 5.9 15.6 5.5
v 5.9 15.6 5.3
v 5.9 15.6 0
v 5.9 15.6 -0.2
v 6 15.4 5.3
v 6 15.4 5.2
v 6 15.4 5.1
v 6 15.4 0.2
v 6 15.4 0
v 6 15.6 5.3
v 6 15.6 5.1
v 6 15.6 0.2
v 6 15.6 0
v 6.1 15.4 5.1
v 6.1 15.4 4.9
v 6.1 15.4 0.400001
v 6.1 15.4 0.2
v 6.1 15.6 5.1
v 6.1 15.6 4.9
v 6.1 15.6 0.400001
v 6.1 15.6 0.2
v 6.2 0.1 5.2
v 6.2 0.1 4
v 6.2 0.1 1.2
v 6.2 0.1 0
v 6.2 0.9 5.2
v 6.2 0.9 4
v 6.2 0.9 1.2
v 6.2 0.9 0
v 6.2 1.7 4
v 6.2 1.7 1.2
v 6.2 11.3 5.2
v 6.2 11.3 4
v 6.2 11.3 1.2
v 6.2 11.3 0
v 6.2 11.6 5.2
v 6.2 11.6 4
v 6.2 11.6 1.2
v 6.2 11.6 0
v 6.2 15.4 5.2
v 6.2 15.4 4.9
v 6.2 15.4 4.6
v 6.2 15.4 4
v 6.2 15.4 1.2
v 6.2 15.4 0.7
v 6.2 15.4 0.400001
v 6.2 15.4 0
v 6.2 15.6 4.9
v 6.2 15.6 4.6
v 6.2 15.6 0.7
v 6.2 15.6 0.400001
v 6.3 15.4 4.6
v 6.3 15.4 4.3
v 6.3 15.4 1
v 6.3 15.4 0.7
v 6.3 15.6 4.6
v 6.3 15.6 4.3
v 6.3 15.6 1
v 6.3 15.6 0.7
v 6.4 15.4 4.3
v 6.4 15.4 4
v 6.4 15.4 1.3
v 6.4 15.4 1.2
v 6.4 15.4 1
v 6.4 15.6 4.3
v 6.4 15.6 4
v 6.4 15.6 1.3
v 6.4 15.6 1
v 6.5 15.4 4
v 6.5 15.4 3.4
v 6.5 15.4 1.9
v 6.5 15.4 1.3
v 6.5 15.6 4
v 6.5 15.6 3.4
v 6.5 15.6 1.9
v 6.5 15.6 1.3
v 6.6 0.1 4
v 6.6 0.1 1.2
v 6.6 0.9 4
v 6.6 0.9 1.2
v 6.6 11.3 4
v 6.6 11.3 1.2
v 6.6 11.6 4
v 6.6 11.6 1.2
v 6.6 15.4 4
v 6.6 15.4 3.4
v 6.6 15.4 1.9
v 6.6 15.4 1.2
v 6.6 15.6 3.4
v 6.6 15.6 1.9
v 0 15.4 8.5
v 0 15.6 8.5
v 1.5 15.4 8.5
v 1.5 15.6 8.5
v -0.6 0.1 8.4
v -0.6 0.9 8.4
v -0.6 11.3 8.4
v -0.6 11.6 8.4
v -0.6 15.6 8.4
v 0 15.4 8.4
v 0 15.6 8.4
v 1.5 15.4 8.4
v 1.5 15.6 8.4
v 2.1 15.4 8.4
v 2.1 15.6 8.4
v 2.2 0.1 8.4
v 2.2 0.9 8.4
v 2.2 11.3 8.4
v 2.2 11.6 8.4
v 2.2 15.4 8.4
v -0.9 15.4 8.3
v -0.9 15.6 8.3
v -0.6 15.4 8.3
v -0.6 15.6 8.3
v 2.1 15.4 8.3
v 2.1 15.6 8.3
v 2.2 15.4 8.3
v 2.4 15.4 8.3
v 2.4 15.6 8.3
v -1.2 15.4 8.2
v -1.2 15.6 8.2
v -0.9 15.4 8.2
v -0.9 15.6 8.2
v 2.4 15.4 8.2
v 2.4 15.6 8.2
v 2.7 15.4 8.2
v 2.7 15.6 8.2
v -1.5 15.4 8.1
v -1.5 15.6 8.1
v -1.2 15.4 8.1
v -1.2 15.6 8.1
v 2.7 15.4 8.1
v 2.7 15.6 8.1
v 3 15.4 8.1
v 3 15.6 8.1
v -1.8 0.1 8
v -1.8 0.9 8
v -1.8 11.3 8
v -1.8 11.6 8
v -1.8 15.4 8
v -1.7 15.4 8
v -1.7 15.6 8
v -1.5 15.4 8
v -1.5 15.6 8
v -0.6 0.1 8
v -0.6 0.9 8
v -0.6 1.7 8
v -0.6 11.3 8
v -0.6 11.6 8
v -0.6 15.4 8
v 2.2 0.1 8
v 2.2 0.9 8
v 2.2 1.7 8
v 2.2 11.3 8
v 2.2 11.6 8
v 2.2 15.4 8
v 3 15.4 8
v 3 15.6 8
v 3.2 15.4 8
v 3.2 15.6 8
v 3.4 0.1 8
v 3.4 0.9 8
v 3.4 11.3 8
v 3.4 11.6 8
v 3.4 15.4 8
v -1.9 15.4 7.9
v -1.9 15.6 7.9
v -1.8 15.4 7.9
v -1.7 15.4 7.9
v -1.7 15.6 7.9
v 3.2 15.4 7.9
v 3.2 15.6 7.9
v 3.4 15.4 7.9
v 3.4 15.6 7.9
v -2.1 15.4 7.8
v -2.1 15.6 7.8
v -1.9 15.4 7.8
v -1.9 15.6 7.8
v 3.4 15.4 7.8
v 3.4 15.6 7.8
v 3.6 15.4 7.8
v 3.6 15.6 7.8
v -2.3 15.4 7.7
v -2.3 15.6 7.7
v -2.1 15.4 7.7
v -2.1 15.6 7.7
v 3.6 15.4 7.7
v 3.6 15.6 7.7
v 3.8 15.4 7.7
v 3.8 15.6 7.7
v -2.6 0.1 7.6
v -2.6 0.9 7.6
v -2.6 11.3 7.6
v -2.6 11.6 7.6
v -2.6 15.4 7.6
v -2.4 15.4 7.6
v -2.4 15.6 7.6
v -2.3 15.4 7.6
v -2.3 15.6 7.6
v -1.8 0.1 7.6
v -1.8 0.9 7.6
v -1.8 1.7 7.6
v -1.8 11.3 7.6
v -1.8 11.6 7.6
v -1.8 15.4 7.6
v -0.6 0.9 7.6
v -0.6 1.7 7.6
v -0.6 2.5 7.6
v -0.6 3.3 7.6
v 2.2 0.9 7.6
v 2.2 1.7 7.6
v 2.2 2.5 7.6
v 2.2 3.3 7.6
v 3.4 0.1 7.6
v 3.4 0.9 7.6
v 3.4 1.7 7.6
v 3.4 11.3 7.6
v 3.4 11.6 7.6
v 3.4 15.4 7.6
v 3.8 15.4 7.6
v 3.8 15.6 7.6
v 3.9 15.4 7.6
v 3.9 15.6 7.6
v 4.2 0.1 7.6
v 4.2 0.9 7.6
v 4.2 11.3 7.6
v 4.2 11.6 7.6
v 4.2 15.4 7.6
v -2.6 15.4 7.5
v -2.6 15.6 7.5
v -2.4 15.4 7.5
v -2.4 15.6 7.5
v 3.9 15.4 7.5
v 3.9 15.6 7.5
v 4.1 15.4 7.5
v 4.1 15.6 7.5
v -2.7 15.4 7.4
v -2.7 15.6 7.4
v -2.6 15.4 7.4
v -2.6 15.6 7.4
v 4.1 15.4 7.4
v 4.1 15.6 7.4
v 4.2 15.4 7.4
v 4.2 15.6 7.4
v -2.9 15.4 7.3
v -2.9 15.6 7.3
v -2.7 15.4 7.3
v -2.7 15.6 7.3
v 4.2 15.4 7.3
v 4.2 15.6 7.3
v 4.4 15.4 7.3
v 4.4 15.6 7.3
v -3 0.1 7.2
v -3 0.9 7.2
v -3 11.3 7.2
v -3 11.6 7.2
v -3 15.6 7.2
v -2.9 15.4 7.2
v -2.9 15.6 7.2
v -2.6 0.1 7.2
v -2.6 0.9 7.2
v -2.6 11.3 7.2
v -2.6 11.6 7.2
v -2.6 15.4 7.2
v -2.2 0.9 7.2
v -2.2 1.7 7.2
v -1.8 0.9 7.2
v -1.8 1.7 7.2
v -1.4 1.7 7.2
v -1.4 2.5 7.2
v -1.4 3.3 7.2
v -0.6 1.7 7.2
v -0.6 2.5 7.2
v -0.6 3.3 7.2
v -0.6 4.1 7.2
v 2.2 1.7 7.2
v 2.2 2.5 7.2
v 2.2 3.3 7.2
v 2.2 4.1 7.2
v 3 1.7 7.2
v 3 2.5 7.2
v 3 3.3 7.2
v 3.4 0.9 7.2
v 3.4 1.7 7.2
v 3.8 0.9 7.2
v 3.8 1.7 7.2
v 4.2 0.1 7.2
v 4.2 0.9 7.2
v 4.2 11.3 7.2
v 4.2 11.6 7.2
v 4.2 15.4 7.2
v 4.4 15.4 7.2
v 4.4 15.6 7.2
v 4.5 15.4 7.2
v 4.5 15.6 7.2
v 4.6 0.1 7.2
v 4.6 0.9 7.2
v 4.6 11.3 7.2
v 4.6 11.6 7.2
v 4.6 15.4 7.2
v -3.1 15.4 7.1
v -3.1 15.6 7.1
v -3 15.4 7.1
v -3 15.6 7.1
v 4.5 15.4 7.1
v 4.5 15.6 7.1
v 4.6 15.4 7.1
v 4.6 15.6 7.1
v -3.2 15.4 7
v -3.2 15.6 7
v -3.1 15.4 7
v -3.1 15.6 7
v 4.6 15.4 7
v 4.6 15.6 7
v 4.7 15.4 7
v 4.7 15.6 7
v -3.3 15.4 6.9
v -3.3 15.6 6.9
v -3.2 15.4 6.9
v -3.2 15.6 6.9
v 4.7 15.4 6.9
v 4.7 15.6 6.9
v 4.8 15.4 6.9
v 4.8 15.6 6.9
v -3.4 0.1 6.8
v -3.4 0.9 6.8
v -3.4 11.3 6.8
v -3.4 11.6 6.8
v -3.4 15.6 6.8
v -3.3 15.4 6.8
v -3.3 15.6 6.8
v -3 0.1 6.8
v -3 0.9 6.8
v -3 1.7 6.8
v -3 11.3 6.8
v -3 11.6 6.8
v -3 15.4 6.8
v -2.2 0.9 6.8
v -2.2 1.7 6.8
v -2.2 2.5 6.8
v -2.2 3.3 6.8
v -1.4 1.7 6.8
v -1.4 2.5 6.8
v -1.4 3.3 6.8
v -1.4 4.1 6.8
v -0.6 3.3 6.8
v -0.6 4.1 6.8
v -0.6 4.9 6.8
v -0.6 5.7 6.8
v -0.6 6.5 6.8
v -0.6 7.3 6.8
v -0.6 8.1 6.8
v -0.6 8.9 6.8
v -0.6 9.7 6.8
v -0.6 10.5 6.8
v -0.6 11.3 6.8
v 2.2 3.3 6.8
v 2.2 4.1 6.8
v 2.2 4.9 6.8
v 2.2 5.7 6.8
v 2.2 6.5 6.8
v 2.2 7.3 6.8
v 2.2 8.1 6.8
v 2.2 8.9 6.8
v 2.2 9.7 6.8
v 2.2 10.5 6.8
v 2.2 11.3 6.8
v 3 1.7 6.8
v 3 2.5 6.8
v 3 3.3 6.8
v 3 4.1 6.8
v 3.8 0.9 6.8
v 3.8 1.7 6.8
v 3.8 2.5 6.8
v 3.8 3.3 6.8
v 4.6 0.1 6.8
v 4.6 0.9 6.8
v 4.6 1.7 6.8
v 4.6 11.3 6.8
v 4.6 11.6 6.8
v 4.6 15.4 6.8
v 4.8 15.4 6.8
v 4.8 15.6 6.8
v 4.9 15.4 6.8
v 4.9 15.6 6.8
v 5 0.1 6.8
v 5 0.9 6.8
v 5 11.3 6.8
v 5 11.6 6.8
v 5 15.4 6.8
v -3.5 15.4 6.7
v -3.5 15.6 6.7
v -3.4 15.4 6.7
v -3.4 15.6 6.7
v 4.9 15.4 6.7
v 4.9 15.6 6.7
v 5 15.4 6.7
v 5 15.6 6.7
v -3.6 15.4 6.6
v -3.6 15.6 6.6
v -3.5 15.4 6.6
v -3.5 15.6 6.6
v 5 15.4 6.6
v 5 15.6 6.6
v 5.1 15.4 6.6
v 5.1 15.6 6.6
v -3.7 15.4 6.5
v -3.7 15.6 6.5
v -3.6 15.4 6.5
v -3.6 15.6 6.5
v 5.1 15.4 6.5
v 5.1 15.6 6.5
v 5.2 15.4 6.5
v 5.2 15.6 6.5
v -3.8 0.1 6.4
v -3.8 0.9 6.4
v -3.8 11.3 6.4
v -3.8 11.6 6.4
v -3.8 15.6 6.4
v -3.7 15.4 6.4
v -3.7 15.6 6.4
v -3.4 0.1 6.4
v -3.4 0.9 6.4
v -3.4 1.7 6.4
v -3.4 11.3 6.4
v -3.4 11.6 6.4
v -3.4 15.4 6.4
v -3 0.9 6.4
v -3 1.7 6.4
v -2.6 1.7 6.4
v -2.6 2.5 6.4
v -2.6 3.3 6.4
v -2.2 1.7 6.4
v -2.2 2.5 6.4
v -2.2 3.3 6.4
v -2.2 4.1 6.4
v -1.4 3.3 6.4
v -1.4 4.1 6.4
v -1.4 4.9 6.4
v -1.4 5.7 6.4
v -1.4 6.5 6.4
v -1.4 7.3 6.4
v -1.4 8.1 6.4
v -1.4 8.9 6.4
v -1.4 9.7 6.4
v -1.4 10.5 6.4
v -1.4 11.3 6.4
v -0.6 4.1 6.4
v -0.6 4.9 6.4
v -0.6 5.7 6.4
v -0.6 6.5 6.4
v -0.6 7.3 6.4
v -0.6 8.1 6.4
v -0.6 8.9 6.4
v -0.6 9.7 6.4
v -0.6 10.5 6.4
v -0.6 11.3 6.4
v 2.2 4.1 6.4
v 2.2 4.9 6.4
v 2.2 5.7 6.4
v 2.2 6.5 6.4
v 2.2 7.3 6.4
v 2.2 8.1 6.4
v 2.2 8.9 6.4
v 2.2 9.7 6.4
v 2.2 10.5 6.4
v 2.2 11.3 6.4
v 3 3.3 6.4
v 3 4.1 6.4
v 3 4.9 6.4
v 3 5.7 6.4
v 3 6.5 6.4
v 3 7.3 6.4
v 3 8.1 6.4
v 3 8.9 6.4
v 3 9.7 6.4
v 3 10.5 6.4
v 3 11.3 6.4
v 3.8 1.7 6.4
v 3.8 2.5 6.4
v 3.8 3.3 6.4
v 3.8 4.1 6.4
v 4.2 1.7 6.4
v 4.2 2.5 6.4
v 4.2 3.3 6.4
v 4.6 0.9 6.4
v 4.6 1.7 6.4
v 5 0.1 6.4
v 5 0.9 6.4
v 5 1.7 6.4
v 5 11.3 6.4
v 5 11.6 6.4
v 5 15.4 6.4
v 5.2 15.4 6.4
v 5.2 15.6 6.4
v 5.3 15.4 6.4
v 5.3 15.6 6.4
v 5.4 0.1 6.4
v 5.4 0.9 6.4
v 5.4 11.3 6.4
v 5.4 11.6 6.4
v 5.4 15.4 6.4
v -3.9 15.4 6.3
v -3.9 15.6 6.3
v -3.8 15.4 6.3
v -3.8 15.6 6.3
v 5.3 15.4 6.3
v 5.3 15.6 6.3
v 5.4 15.4 6.3
v 5.4 15.6 6.3
v -4 15.4 6.1
v -4 15.6 6.1
v -3.9 15.4 6.1
v -3.9 15.6 6.1
v 5.4 15.4 6.1
v 5.4 15.6 6.1
v 5.5 15.4 6.1
v 5.5 15.6 6.1
v -4.2 0.1 6
v -4.2 0.9 6
v -4.2 11.3 6
v -4.2 11.6 6
v -4.2 15.4 6
v -4.1 15.4 6
v -4.1 15.6 6
v -4 15.4 6
v -4 15.6 6
v -3.8 0.1 6
v -3.8 0.9 6
v -3.8 11.3 6
v -3.8 11.6 6
v -3.8 15.4 6
v -3 1.7 6
v -3 2.5 6
v -3 3.3 6
v -2.6 1.7 6
v -2.6 2.5 6
v -2.6 3.3 6
v -2.6 4.1 6
v -2.2 3.3 6
v -2.2 4.1 6
v -1.8 4.1 6
v -1.8 4.9 6
v -1.8 5.7 6
v -1.8 6.5 6
v -1.8 7.3 6
v -1.8 8.1 6
v -1.8 8.9 6
v -1.8 9.7 6
v -1.8 10.5 6
v -1.8 11.3 6
v -1.4 4.1 6
v -1.4 4.9 6
v -1.4 5.7 6
v -1.4 6.5 6
v -1.4 7.3 6
v -1.4 8.1 6
v -1.4 8.9 6
v -1.4 9.7 6
v -1.4 10.5 6
v -1.4 11.3 6
v 3 4.1 6
v 3 4.9 6
v 3 5.7 6
v 3 6.5 6
v 3 7.3 6
v 3 8.1 6
v 3 8.9 6
v 3 9.7 6
v 3 10.5 6
v 3 11.3 6
v 3.4 4.1 6
v 3.4 4.9 6
v 3.4 5.7 6
v 3.4 6.5 6
v 3.4 7.3 6
v 3.4 8.1 6
v 3.4 8.9 6
v 3.4 9.7 6
v 3.4 10.5 6
v 3.4 11.3 6
v 3.8 3.3 6
v 3.8 4.1 6
v 4.2 1.7 6
v 4.2 2.5 6
v 4.2 3.3 6
v 4.2 4.1 6
v 4.6 1.7 6
v 4.6 2.5 6
v 4.6 3.3 6
v 5.4 0.1 6
v 5.4 0.9 6
v 5.4 11.3 6
v 5.4 11.6 6
v 5.4 15.4 6
v 5.5 15.4 6
v 5.5 15.6 6
v 5.6 15.4 6
v 5.6 15.6 6
v 5.8 0.1 6
v 5.8 0.9 6
v 5.8 11.3 6
v 5.8 11.6 6
v 5.8 15.4 6
v -4.2 15.4 5.8
v -4.2 15.6 5.8
v -4.1 15.4 5.8
v -4.1 15.6 5.8
v 5.6 15.4 5.8
v 5.6 15.6 5.8
v 5.7 15.4 5.8
v 5.7 15.6 5.8
v -4.3 15.4 5.7
v -4.3 15.6 5.7
v -4.2 15.4 5.7
v -4.2 15.6 5.7
v 5.7 15.4 5.7
v 5.7 15.6 5.7
v 5.8 15.4 5.7
v 5.8 15.6 5.7
v -3.8 0.9 5.6
v -3.8 1.7 5.6
v -3.4 0.9 5.6
v -3.4 1.7 5.6
v -3.4 2.5 5.6
v -3.4 3.3 5.6
v -3 1.7 5.6
v -3 2.5 5.6
v -3 3.3 5.6
v -3 4.1 5.6
v -2.6 3.3 5.6
v -2.6 4.1 5.6
v -2.2 4.1 5.6
v -2.2 4.9 5.6
v -2.2 5.7 5.6
v -2.2 6.5 5.6
v -2.2 7.3 5.6
v -2.2 8.1 5.6
v -2.2 8.9 5.6
v -2.2 9.7 5.6
v -2.2 10.5 5.6
v -2.2 11.3 5.6
v -1.8 4.1 5.6
v -1.8 4.9 5.6
v -1.8 5.7 5.6
v -1.8 6.5 5.6
v -1.8 7.3 5.6
v -1.8 8.1 5.6
v -1.8 8.9 5.6
v -1.8 9.7 5.6
v -1.8 10.5 5.6
v -1.8 11.3 5.6
v 3.4 4.1 5.6
v 3.4 4.9 5.6
v 3.4 5.7 5.6
v 3.4 6.5 5.6
v 3.4 7.3 5.6
v 3.4 8.1 5.6
v 3.4 8.9 5.6
v 3.4 9.7 5.6
v 3.4 10.5 5.6
v 3.4 11.3 5.6
v 3.8 4.1 5.6
v 3.8 4.9 5.6
v 3.8 5.7 5.6
v 3.8 6.5 5.6
v 3.8 7.3 5.6
v 3.8 8.1 5.6
v 3.8 8.9 5.6
v 3.8 9.7 5.6
v 3.8 10.5 5.6
v 3.8 11.3 5.6
v 4.2 3.3 5.6
v 4.2 4.1 5.6
v 4.6 1.7 5.6
v 4.6 2.5 5.6
v 4.6 3.3 5.6
v 4.6 4.1 5.6
v 5 0.9 5.6
v 5 1.7 5.6
v 5 2.5 5.6
v 5 3.3 5.6
v 5.4 0.9 5.6
v 5.4 1.7 5.6
v -4.4 15.4 5.5
v -4.4 15.6 5.5
v -4.3 15.4 5.5
v -4.3 15.6 5.5
v 5.8 15.4 5.5
v 5.8 15.6 5.5
v 5.9 15.4 5.5
v 5.9 15.6 5.5
v -4.5 15.4 5.3
v -4.5 15.6 5.3
v -4.4 15.4 5.3
v -4.4 15.6 5.3
v 5.9 15.4 5.3
v 5.9 15.6 5.3
v 6 15.4 5.3
v 6 15.6 5.3
v -4.6 0.1 5.2
v -4.6 0.9 5.2
v -4.6 11.3 5.2
v -4.6 11.6 5.2
v -4.6 15.4 5.2
v -4.5 15.4 5.2
v -4.2 0.1 5.2
v -4.2 0.9 5.2
v -4.2 1.7 5.2
v -4.2 11.3 5.2
v -4.2 11.6 5.2
v -4.2 15.4 5.2
v -3.8 0.9 5.2
v -3.8 1.7 5.2
v -2.6 4.1 5.2
v -2.6 4.9 5.2
v -2.6 5.7 5.2
v -2.6 6.5 5.2
v -2.6 7.3 5.2
v -2.6 8.1 5.2
v -2.6 8.9 5.2
v -2.6 9.7 5.2
v -2.6 10.5 5.2
v -2.6 11.3 5.2
v -2.2 4.1 5.2
v -2.2 4.9 5.2
v -2.2 5.7 5.2
v -2.2 6.5 5.2
v -2.2 7.3 5.2
v -2.2 8.1 5.2
v -2.2 8.9 5.2
v -2.2 9.7 5.2
v -2.2 10.5 5.2
v -2.2 11.3 5.2
v 3.8 4.1 5.2
v 3.8 4.9 5.2
v 3.8 5.7 5.2
v 3.8 6.5 5.2
v 3.8 7.3 5.2
v 3.8 8.1 5.2
v 3.8 8.9 5.2
v 3.8 9.7 5.2
v 3.8 10.5 5.2
v 3.8 11.3 5.2
v 4.2 4.1 5.2
v 4.2 4.9 5.2
v 4.2 5.7 5.2
v 4.2 6.5 5.2
v 4.2 7.3 5.2
v 4.2 8.1 5.2
v 4.2 8.9 5.2
v 4.2 9.7 5.2
v 4.2 10.5 5.2
v 4.2 11.3 5.2
v 5.4 0.9 5.2
v 5.4 1.7 5.2
v 5.8 0.1 5.2
v 5.8 0.9 5.2
v 5.8 1.7 5.2
v 5.8 11.3 5.2
v 5.8 11.6 5.2
v 5.8 15.4 5.2
v 6 15.4 5.2
v 6.2 0.1 5.2
v 6.2 0.9 5.2
v 6.2 11.3 5.2
v 6.2 11.6 5.2
v 6.2 15.4 5.2
v -4.6 15.4 5.1
v -4.6 15.6 5.1
v -4.5 15.4 5.1
v -4.5 15.6 5.1
v 6 15.4 5.1
v 6 15.6 5.1
v 6.1 15.4 5.1
v 6.1 15.6 5.1
v -4.7 15.4 4.9
v -4.7 15.6 4.9
v -4.6 15.4 4.9
v -4.6 15.6 4.9
v 6.1 15.4 4.9
v 6.1 15.6 4.9
v 6.2 15.4 4.9
v 6.2 15.6 4.9
v -3.8 1.7 4.8
v -3.8 2.5 4.8
v -3.8 3.3 4.8
v -3.4 1.7 4.8
v -3.4 2.5 4.8
v -3.4 3.3 4.8
v -3.4 4.1 4.8
v -3 3.3 4.8
v -3 4.1 4.8
v -3 4.9 4.8
v -3 5.7 4.8
v -3 6.5 4.8
v -3 7.3 4.8
v -3 8.1 4.8
v -3 8.9 4.8
v -3 9.7 4.8
v -3 10.5 4.8
v -3 11.3 4.8
v -2.6 4.1 4.8
v -2.6 4.9 4.8
v -2.6 5.7 4.8
v -2.6 6.5 4.8
v -2.6 7.3 4.8
v -2.6 8.1 4.8
v -2.6 8.9 4.8
v -2.6 9.7 4.8
v -2.6 10.5 4.8
v -2.6 11.3 4.8
v 4.2 4.1 4.8
v 4.2 4.9 4.8
v 4.2 5.7 4.8
v 4.2 6.5 4.8
v 4.2 7.3 4.8
v 4.2 8.1 4.8
v 4.2 8.9 4.8
v 4.2 9.7 4.8
v 4.2 10.5 4.8
v 4.2 11.3 4.8
v 4.6 3.3 4.8
v 4.6 4.1 4.8
v 4.6 4.9 4.8
v 4.6 5.7 4.8
v 4.6 6.5 4.8
v 4.6 7.3 4.8
v 4.6 8.1 4.8
v 4.6 8.9 4.8
v 4.6 9.7 4.8
v 4.6 10.5 4.8
v 4.6 11.3 4.8
v 5 1.7 4.8
v 5 2.5 4.8
v 5 3.3 4.8
v 5 4.1 4.8
v 5.4 1.7 4.8
v 5.4 2.5 4.8
v 5.4 3.3 4.8
v -4.8 15.4 4.6
v -4.8 15.6 4.6
v -4.7 15.4 4.6
v -4.7 15.6 4.6
v 6.2 15.4 4.6
v 6.2 15.6 4.6
v 6.3 15.4 4.6
v 6.3 15.6 4.6
v -4.9 15.4 4.3
v -4.9 15.6 4.3
v -4.8 15.4 4.3
v -4.8 15.6 4.3
v 6.3 15.4 4.3
v 6.3 15.6 4.3
v 6.4 15.4 4.3
v 6.4 15.6 4.3
v -5 0.1 4
v -5 0.9 4
v -5 11.3 4
v -5 11.6 4
v -5 15.6 4
v -4.9 15.4 4
v -4.9 15.6 4
v -4.6 0.1 4
v -4.6 0.9 4
v -4.6 1.7 4
v -4.6 11.3 4
v -4.6 11.6 4
v -4.6 15.4 4
v -4.2 0.9 4
v -4.2 1.7 4
v -4.2 2.5 4
v -4.2 3.3 4
v -3.8 1.7 4
v -3.8 2.5 4
v -3.8 3.3 4
v -3.8 4.1 4
v -3.4 3.3 4
v -3.4 4.1 4
v -3.4 4.9 4
v -3.4 5.7 4
v -3.4 6.5 4
v -3.4 7.3 4
v -3.4 8.1 4
v -3.4 8.9 4
v -3.4 9.7 4
v -3.4 10.5 4
v -3.4 11.3 4
v -3 4.1 4
v -3 4.9 4
v -3 5.7 4
v -3 6.5 4
v -3 7.3 4
v -3 8.1 4
v -3 8.9 4
v -3 9.7 4
v -3 10.5 4
v -3 11.3 4
v 4.6 4.1 4
v 4.6 4.9 4
v 4.6 5.7 4
v 4.6 6.5 4
v 4.6 7.3 4
v 4.6 8.1 4
v 4.6 8.9 4
v 4.6 9.7 4
v 4.6 10.5 4
v 4.6 11.3 4
v 5 3.3 4
v 5 4.1 4
v 5 4.9 4
v 5 5.7 4
v 5 6.5 4
v 5 7.3 4
v 5 8.1 4
v 5 8.9 4
v 5 9.7 4
v 5 10.5 4
v 5 11.3 4
v 5.4 1.7 4
v 5.4 2.5 4
v 5.4 3.3 4
v 5.4 4.1 4
v 5.8 0.9 4
v 5.8 1.7 4
v 5.8 2.5 4
v 5.8 3.3 4
v 6.2 0.1 4
v 6.2 0.9 4
v 6.2 1.7 4
v 6.2 11.3 4
v 6.2 11.6 4
v 6.2 15.4 4
v 6.4 15.4 4
v 6.4 15.6 4
v 6.5 15.4 4
v 6.5 15.6 4
v 6.6 0.1 4
v 6.6 0.9 4
v 6.6 11.3 4
v 6.6 11.6 4
v 6.6 15.4 4
v -5.7 0.1 3.9
v -5.7 0.2 3.9
v -5 0.1 3.9
v -5 0.2 3.9
v -5.6 0.2 3.8
v -5.6 0.3 3.8
v -5 0.2 3.8
v -5 0.3 3.8
v -5.5 0.3 3.7
v -5.5 0.4 3.7
v -5 0.3 3.7
v -5 0.4 3.7
v -5.4 0.4 3.6
v -5.4 0.5 3.6
v -5 0.4 3.6
v -5 0.5 3.6
v -6.1 0.1 3.5
v -6.1 0.2 3.5
v -5.7 0.1 3.5
v -5.7 0.2 3.5
v -5.3 0.5 3.5
v -5.3 0.6 3.5
v -5 0.5 3.5
v -5 0.6 3.5
v -6 0.2 3.4
v -6 0.3 3.4
v -5.6 0.2 3.4
v -5.6 0.3 3.4
v -5.2 0.6 3.4
v -5.2 0.7 3.4
v -5.1 15.4 3.4
v -5.1 15.6 3.4
v -5 0.6 3.4
v -5 0.7 3.4
v -5 15.4 3.4
v -5 15.6 3.4
v 6.5 15.4 3.4
v 6.5 15.6 3.4
v 6.6 15.4 3.4
v 6.6 15.6 3.4
v -5.9 0.3 3.3
v -5.9 0.4 3.3
v -5.5 0.3 3.3
v -5.5 0.4 3.3
v -5.1 0.7 3.3
v -5.1 0.8 3.3
v -5 0.7 3.3
v -5 0.8 3.3
v -5.8 0.4 3.2
v -5.8 0.5 3.2
v -5.4 0.4 3.2
v -5.4 0.5 3.2
v -5.7 0.5 3.1
v -5.7 0.6 3.1
v -5.3 0.5 3.1
v -5.3 0.6 3.1
v -5.6 0.6 3
v -5.6 0.7 3
v -5.2 0.6 3
v -5.2 0.7 3
v 3.7 0.9 3
v 3.7 12 3
v 3.7 12.1 3
v 3.8 0.9 3
v 3.8 1.7 3
v 3.8 2.5 3
v 3.8 3.3 3
v 3.8 4.1 3
v 3.8 4.9 3
v 3.8 5.7 3
v 3.8 6.5 3
v 3.8 7.3 3
v 3.8 8.1 3
v 3.8 8.9 3
v 3.8 9.7 3
v 3.8 10.5 3
v 3.8 11.3 3
v 3.8 11.6 3
v 3.8 12 3
v 3.9 0.9 3
v 3.9 1.7 3
v 3.9 2.5 3
v 3.9 3.3 3
v 3.9 4.1 3
v 3.9 4.9 3
v 3.9 5.7 3
v 3.9 6.5 3
v 3.9 7.3 3
v 3.9 8.1 3
v 3.9 8.9 3
v 3.9 9.7 3
v 3.9 10.5 3
v 3.9 11.3 3
v 3.9 12 3
v 3.9 12.1 3
v -5.5 0.7 2.9
v -5.5 0.8 2.9
v -5.1 0.7 2.9
v -5.1 0.8 2.9
v 3.7 4.4 2.7
v 3.7 4.5 2.7
v 3.7 9 2.7
v 3.7 9.1 2.7
v 3.8 4.4 2.7
v 3.8 4.5 2.7
v 3.8 9 2.7
v 3.8 9.1 2.7
v 3.7 5.2 2.5
v 3.7 5.3 2.5
v 3.7 9.4 2.5
v 3.7 9.5 2.5
v 3.8 5.2 2.5
v 3.8 5.3 2.5
v 3.8 9.4 2.5
v 3.8 9.5 2.5
v 3.7 7.4 2.4
v 3.7 7.5 2.4
v 3.8 7.4 2.4
v 3.8 7.5 2.4
v 3.7 0.9 2.3
v 3.7 1 2.3
v 3.7 1.1 2.3
v 3.7 1.2 2.3
v 3.7 1.3 2.3
v 3.7 1.4 2.3
v 3.7 1.5 2.3
v 3.7 1.6 2.3
v 3.7 1.7 2.3
v 3.7 1.8 2.3
v 3.7 1.9 2.3
v 3.7 2 2.3
v 3.7 2.1 2.3
v 3.7 2.2 2.3
v 3.7 2.3 2.3
v 3.7 2.4 2.3
v 3.7 2.5 2.3
v 3.7 2.6 2.3
v 3.7 2.7 2.3
v 3.7 2.8 2.3
v 3.7 2.9 2.3
v 3.7 3 2.3
v 3.7 3.1 2.3
v 3.7 3.2 2.3
v 3.7 3.3 2.3
v 3.7 3.4 2.3
v 3.7 3.5 2.3
v 3.7 3.6 2.3
v 3.7 3.7 2.3
v 3.7 3.8 2.3
v 3.7 3.9 2.3
v 3.7 4 2.3
v 3.7 4.1 2.3
v 3.7 4.2 2.3
v 3.7 4.3 2.3
v 3.7 4.4 2.3
v 3.7 4.5 2.3
v 3.7 4.6 2.3
v 3.7 4.7 2.3
v 3.7 4.8 2.3
v 3.7 4.9 2.3
v 3.7 5 2.3
v 3.7 5.1 2.3
v 3.7 5.2 2.3
v 3.7 5.3 2.3
v 3.7 5.4 2.3
v 3.7 5.5 2.3
v 3.7 5.6 2.3
v 3.7 5.7 2.3
v 3.7 5.8 2.3
v 3.7 5.9 2.3
v 3.7 6 2.3
v 3.7 6.1 2.3
v 3.7 6.2 2.3
v 3.7 6.3 2.3
v 3.7 6.4 2.3
v 3.7 6.5 2.3
v 3.7 6.6 2.3
v 3.7 6.7 2.3
v 3.7 6.8 2.3
v 3.7 6.9 2.3
v 3.7 7 2.3
v 3.7 7.1 2.3
v 3.7 7.2 2.3
v 3.7 7.3 2.3
v 3.7 7.4 2.3
v 3.7 7.5 2.3
v 3.7 7.6 2.3
v 3.7 7.7 2.3
v 3.7 7.8 2.3
v 3.7 7.9 2.3
v 3.7 8 2.3
v 3.7 8.1 2.3
v 3.7 8.2 2.3
v 3.7 8.3 2.3
v 3.7 8.4 2.3
v 3.7 8.5 2.3
v 3.7 8.6 2.3
v 3.7 8.7 2.3
v 3.7 8.8 2.3
v 3.7 8.9 2.3
v 3.7 9 2.3
v 3.7 9.1 2.3
v 3.7 9.2 2.3
v 3.7 9.3 2.3
v 3.7 9.4 2.3
v 3.7 9.5 2.3
v 3.7 9.6 2.3
v 3.7 9.7 2.3
v 3.7 9.8 2.3
v 3.7 9.9 2.3
v 3.7 10 2.3
v 3.7 10.1 2.3
v 3.7 10.2 2.3
v 3.7 10.3 2.3
v 3.7 10.4 2.3
v 3.7 10.5 2.3
v 3.7 10.6 2.3
v 3.7 10.7 2.3
v 3.7 10.8 2.3
v 3.7 10.9 2.3
v 3.7 11 2.3
v 3.7 11.1 2.3
v 3.7 11.2 2.3
v 3.7 11.3 2.3
v 3.7 11.4 2.3
v 3.7 11.5 2.3
v 3.7 12 2.3
v 3.7 12.1 2.3
v 3.8 0.9 2.3
v 3.8 1 2.3
v 3.8 1.1 2.3
v 3.8 1.2 2.3
v 3.8 1.3 2.3
v 3.8 1.4 2.3
v 3.8 1.5 2.3
v 3.8 1.6 2.3
v 3.8 1.7 2.3
v 3.8 1.8 2.3
v 3.8 1.9 2.3
v 3.8 2 2.3
v 3.8 2.1 2.3
v 3.8 2.2 2.3
v 3.8 2.3 2.3
v 3.8 2.4 2.3
v 3.8 2.5 2.3
v 3.8 2.6 2.3
v 3.8 2.7 2.3
v 3.8 2.8 2.3
v 3.8 2.9 2.3
v 3.8 3 2.3
v 3.8 3.1 2.3
v 3.8 3.2 2.3
v 3.8 3.3 2.3
v 3.8 3.4 2.3
v 3.8 3.5 2.3
v 3.8 3.6 2.3
v 3.8 3.7 2.3
v 3.8 3.8 2.3
v 3.8 3.9 2.3
v 3.8 4 2.3
v 3.8 4.1 2.3
v 3.8 4.2 2.3
v 3.8 4.3 2.3
v 3.8 4.4 2.3
v 3.8 4.5 2.3
v 3.8 4.6 2.3
v 3.8 4.7 2.3
v 3.8 4.8 2.3
v 3.8 4.9 2.3
v 3.8 5 2.3
v 3.8 5.1 2.3
v 3.8 5.2 2.3
v 3.8 5.3 2.3
v 3.8 5.4 2.3
v 3.8 5.5 2.3
v 3.8 5.6 2.3
v 3.8 5.7 2.3
v 3.8 5.8 2.3
v 3.8 5.9 2.3
v 3.8 6 2.3
v 3.8 6.1 2.3
v 3.8 6.2 2.3
v 3.8 6.3 2.3
v 3.8 6.4 2.3
v 3.8 6.5 2.3
v 3.8 6.6 2.3
v 3.8 6.7 2.3
v 3.8 6.8 2.3
v 3.8 6.9 2.3
v 3.8 7 2.3
v 3.8 7.1 2.3
v 3.8 7.2 2.3
v 3.8 7.3 2.3
v 3.8 7.4 2.3
v 3.8 7.5 2.3
v 3.8 7.6 2.3
v 3.8 7.7 2.3
v 3.8 7.8 2.3
v 3.8 7.9 2.3
v 3.8 8 2.3
v 3.8 8.1 2.3
v 3.8 8.2 2.3
v 3.8 8.3 2.3
v 3.8 8.4 2.3
v 3.8 8.5 2.3
v 3.8 8.6 2.3
v 3.8 8.7 2.3
v 3.8 8.8 2.3
v 3.8 8.9 2.3
v 3.8 9 2.3
v 3.8 9.1 2.3
v 3.8 9.2 2.3
v 3.8 9.3 2.3
v 3.8 9.4 2.3
v 3.8 9.5 2.3
v 3.8 9.6 2.3
v 3.8 9.7 2.3
v 3.8 9.8 2.3
v 3.8 9.9 2.3
v 3.8 10 2.3
v 3.8 10.1 2.3
v 3.8 10.2 2.3
v 3.8 10.3 2.3
v 3.8 10.4 2.3
v 3.8 10.5 2.3
v 3.8 10.6 2.3
v 3.8 10.7 2.3
v 3.8 10.8 2.3
v 3.8 10.9 2.3
v 3.8 11 2.3
v 3.8 11.1 2.3
v 3.8 11.2 2.3
v 3.8 11.3 2.3
v 3.8 11.4 2.3
v 3.8 11.5 2.3
v 3.8 11.6 2.3
v 3.8 12 2.3
v 3.9 12 2.3
v 3.9 12.1 2.3
v -4.6 0.9 1.6
v -4.6 1.7 1.6
v -4.2 1.7 1.6
v -4.2 2.5 1.6
v -2.2 2.5 1.6
v -2.2 3.3 1.6
v -2.2 4.1 1.6
v -2.2 4.9 1.6
v -2.2 5.7 1.6
v -2.2 6.5 1.6
v -2.2 7.3 1.6
v -2.2 8.1 1.6
v -2.2 8.9 1.6
v -2.2 9.7 1.6
v -2.2 10.5 1.6
v -2.2 11.3 1.6
v -2.2 11.6 1.6
v -1.8 0.9 1.6
v -1.8 1.7 1.6
v -1.8 2.5 1.6
v -1.8 3.3 1.6
v -1.8 4.1 1.6
v -1.8 4.9 1.6
v -1.8 5.7 1.6
v -1.8 6.5 1.6
v -1.8 7.3 1.6
v -1.8 8.1 1.6
v -1.8 8.9 1.6
v -1.8 9.7 1.6
v -1.8 10.5 1.6
v -1.8 11.3 1.6
v -1.8 11.6 1.6
v 3.4 0.9 1.6
v 3.4 1.7 1.6
v 3.4 2.5 1.6
v 3.4 3.3 1.6
v 3.4 4.1 1.6
v 3.4 4.9 1.6
v 3.4 5.7 1.6
v 3.4 6.5 1.6
v 3.4 7.3 1.6
v 3.4 8.1 1.6
v 3.4 8.9 1.6
v 3.4 9.7 1.6
v 3.4 10.5 1.6
v 3.4 11.3 1.6
v 3.4 11.6 1.6
v 3.8 3.3 1.6
v 3.8 4.1 1.6
v 3.8 4.9 1.6
v 3.8 5.7 1.6
v 3.8 6.5 1.6
v 3.8 7.3 1.6
v 3.8 8.1 1.6
v 3.8 8.9 1.6
v 3.8 9.7 1.6
v 3.8 10.5 1.6
v 3.8 11.3 1.6
v 3.8 11.6 1.6
v 3.9 0.9 1.6
v 3.9 1.7 1.6
v 3.9 2.5 1.6
v 3.9 3.3 1.6
v -4.6 11.6 1.3
v -4.6 15.3 1.3
v -4.2 11.6 1.3
v -4.2 15.3 1.3
v 5.8 11.6 1.3
v 5.8 15.3 1.3
v 6.2 11.6 1.3
v 6.2 15.3 1.3
v -1.8 0.9 0.8
v -1.8 1.7 0.8
v -1.8 2.5 0.8
v -1.8 3.3 0.8
v -1.8 4.1 0.8
v -1.8 4.9 0.8
v -1.8 5.7 0.8
v -1.8 6.5 0.8
v -1.8 7.3 0.8
v -1.8 8.1 0.8
v -1.8 8.9 0.8
v -1.8 9.7 0.8
v -1.8 10.5 0.8
v -1.8 11.3 0.8
v -1.8 11.6 0.8
v -1.4 0.9 0.8
v -1.4 1.7 0.8
v -1.4 2.5 0.8
v -1.4 3.3 0.8
v -1.4 4.1 0.8
v -1.4 4.9 0.8
v -1.4 5.7 0.8
v -1.4 6.5 0.8
v -1.4 7.3 0.8
v -1.4 8.1 0.8
v -1.4 8.9 0.8
v -1.4 9.7 0.8
v -1.4 10.5 0.8
v -1.4 11.3 0.8
v -1.4 11.6 0.8
v 3 0.9 0.8
v 3 1.7 0.8
v 3 2.5 0.8
v 3 3.3 0.8
v 3 4.1 0.8
v 3 4.9 0.8
v 3 5.7 0.8
v 3 6.5 0.8
v 3 7.3 0.8
v 3 8.1 0.8
v 3 8.9 0.8
v 3 9.7 0.8
v 3 10.5 0.8
v 3 11.3 0.8
v 3 11.6 0.8
v 3.4 0.9 0.8
v 3.4 1.7 0.8
v 3.4 2.5 0.8
v 3.4 3.3 0.8
v 3.4 4.1 0.8
v 3.4 4.9 0.8
v 3.4 5.7 0.8
v 3.4 6.5 0.8
v 3.4 7.3 0.8
v 3.4 8.1 0.8
v 3.4 8.9 0.8
v 3.4 9.7 0.8
v 3.4 10.5 0.8
v 3.4 11.3 0.8
v 3.4 11.6 0.8
v -1.4 0.9 0.400001
v -1.4 1.7 0.400001
v -1.4 2.5 0.400001
v -1.4 3.3 0.400001
v -1.4 4.1 0.400001
v -1.4 4.9 0.400001
v -1.4 5.7 0.400001
v -1.4 6.5 0.400001
v -1.4 7.3 0.400001
v -1.4 8.1 0.400001
v -1.4 8.9 0.400001
v -1.4 9.7 0.400001
v -1.4 10.5 0.400001
v -1.4 11.3 0.400001
v -1.4 11.6 0.400001
v -1 0.9 0.400001
v -1 1.7 0.400001
v -1 2.5 0.400001
v -1 3.3 0.400001
v -1 4.1 0.400001
v -1 4.9 0.400001
v -1 5.7 0.400001
v -1 6.5 0.400001
v -1 7.3 0.400001
v -1 8.1 0.400001
v -1 8.9 0.400001
v -1 9.7 0.400001
v -1 10.5 0.400001
v -1 11.3 0.400001
v -1 11.6 0.400001
v 2.6 0.9 0.400001
v 2.6 1.7 0.400001
v 2.6 2.5 0.400001
v 2.6 3.3 0.400001
v 2.6 4.1 0.400001
v 2.6 4.9 0.400001
v 2.6 5.7 0.400001
v 2.6 6.5 0.400001
v 2.6 7.3 0.400001
v 2.6 8.1 0.400001
v 2.6 8.9 0.400001
v 2.6 9.7 0.400001
v 2.6 10.5 0.400001
v 2.6 11.3 0.400001
v 2.6 11.6 0.400001
v 3 0.9 0.400001
v 3 1.7 0.400001
v 3 2.5 0.400001
v 3 3.3 0.400001
v 3 4.1 0.400001
v 3 4.9 0.400001
v 3 5.7 0.400001
v 3 6.5 0.400001
v 3 7.3 0.400001
v 3 8.1 0.400001
v 3 8.9 0.400001
v 3 9.7 0.400001
v 3 10.5 0.400001
v 3 11.3 0.400001
v 3 11.6 0.400001
v -4.2 11.6 0.1
v -4.2 15.3 0.1
v -3.8 11.6 0.1
v -3.8 15.3 0.1
v 5.4 11.6 0.1
v 5.4 15.3 0.1
v 5.8 11.6 0.1
v 5.8 15.3 0.1
v -1 0.9 0
v -1 1.7 0
v -1 2.5 0
v -1 3.3 0
v -1 4.1 0
v -1 4.9 0
v -1 5.7 0
v -1 6.5 0
v -1 7.3 0
v -1 8.1 0
v -1 8.9 0
v -1 9.7 0
v -1 10.5 0
v -1 11.3 0
v -1 11.6 0
v -0.2 0.9 0
v -0.2 1.7 0
v -0.2 2.5 0
v -0.2 3.3 0
v -0.2 4.1 0
v -0.2 4.9 0
v -0.2 5.7 0
v -0.2 6.5 0
v -0.2 7.3 0
v -0.2 8.1 0
v -0.2 8.9 0
v -0.2 9.7 0
v -0.2 10.5 0
v -0.2 11.3 0
v -0.2 11.6 0
v 1.8 0.9 0
v 1.8 1.7 0
v 1.8 2.5 0
v 1.8 3.3 0
v 1.8 4.1 0
v 1.8 4.9 0
v 1.8 5.7 0
v 1.8 6.5 0
v 1.8 7.3 0
v 1.8 8.1 0
v 1.8 8.9 0
v 1.8 9.7 0
v 1.8 10.5 0
v 1.8 11.3 0
v 1.8 11.6 0
v 2.6 0.9 0
v 2.6 1.7 0
v 2.6 2.5 0
v 2.6 3.3 0
v 2.6 4.1 0
v 2.6 4.9 0
v 2.6 5.7 0
v 2.6 6.5 0
v 2.6 7.3 0
v 2.6 8.1 0
v 2.6 8.9 0
v 2.6 9.7 0
v 2.6 10.5 0
v 2.6 11.3 0
v 2.6 11.6 0
v -0.2 0.9 -0.4
v -0.2 1.7 -0.4
v -0.2 2.5 -0.4
v -0.2 3.3 -0.4
v -0.2 4.1 -0.4
v -0.2 4.9 -0.4
v -0.2 5.7 -0.4
v -0.2 6.5 -0.4
v -0.2 7.3 -0.4
v -0.2 8.1 -0.4
v -0.2 8.9 -0.4
v -0.2 9.7 -0.4
v -0.2 10.5 -0.4
v -0.2 11.3 -0.4
v -0.2 11.6 -0.4
v 1.8 0.9 -0.4
v 1.8 1.7 -0.4
v 1.8 2.5 -0.4
v 1.8 3.3 -0.4
v 1.8 4.1 -0.4
v 1.8 4.9 -0.4
v 1.8 5.7 -0.4
v 1.8 6.5 -0.4
v 1.8 7.3 -0.4
v 1.8 8.1 -0.4
v 1.8 8.9 -0.4
v 1.8 9.7 -0.4
v 1.8 10.5 -0.4
v 1.8 11.3 -0.4
v 1.8 11.6 -0.4
v -3.8 11.6 -0.7
v -3.8 15.3 -0.7
v -3.4 11.6 -0.7
v -3.4 15.3 -0.7
v 5 11.6 -0.7
v 5 15.3 -0.7
v 5.4 11.6 -0.7
v 5.4 15.3 -0.7
v -3.4 11.6 -1.1
v -3.4 15.3 -1.1
v -3 11.6 -1.1
v -3 15.3 -1.1
v 4.6 11.6 -1.1
v 4.6 15.3 -1.1
v 5 11.6 -1.1
v 5 15.3 -1.1
v -3 11.6 -1.5
v -3 15.3 -1.5
v -2.6 11.6 -1.5
v -2.6 15.3 -1.5
v 4.2 11.6 -1.5
v 4.2 15.3 -1.5
v 4.6 11.6 -1.5
v 4.6 15.3 -1.5
v -2.6 11.6 -1.9
v -2.6 15.3 -1.9
v -1.7 11.6 -1.9
v -1.7 15.3 -1.9
v 3.3 11.6 -1.9
v 3.3 15.3 -1.9
v 4.2 11.6 -1.9
v 4.2 15.3 -1.9
v -1.7 11.6 -2.4
v -1.7 15.3 -2.4
v -0.5 11.6 -2.4
v -0.5 15.3 -2.4
v 2 11.6 -2.4
v 2 15.3 -2.4
v 3.3 11.6 -2.4
v 3.3 15.3 -2.4
v -0.5 11.6 -2.8
v -0.5 15.3 -2.8
v 2 11.6 -2.8
v 2 15.3 -2.8
v -0.6 11.6 7.9
v -0.6 15.3 7.9
v 2.2 11.6 7.9
v 2.2 15.3 7.9
v -1.7 11.6 7.6
v -1.7 15.3 7.6
v -0.6 11.6 7.6
v -0.6 15.3 7.6
v 2.2 11.6 7.5
v 2.2 15.3 7.5
v 3.4 11.6 7.5
v 3.4 15.3 7.5
v -2.5 11.6 7.2
v -2.5 15.3 7.2
v -1.7 11.6 7.2
v -1.7 15.3 7.2
v 3.4 11.6 7.1
v 3.4 15.3 7.1
v 4.2 11.6 7.1
v 4.2 15.3 7.1
v -2.9 11.6 6.8
v -2.9 15.3 6.8
v -2.5 11.6 6.8
v -2.5 15.3 6.8
v 4.2 11.6 6.7
v 4.2 15.3 6.7
v 4.6 11.6 6.7
v 4.6 15.3 6.7
v -3.4 11.6 6.3
v -3.4 15.3 6.3
v -2.9 11.6 6.3
v -2.9 15.3 6.3
v 4.6 11.6 6.3
v 4.6 15.3 6.3
v 5 11.6 6.3
v 5 15.3 6.3
v -3.8 11.6 5.9
v -3.8 15.3 5.9
v -3.4 11.6 5.9
v -3.4 15.3 5.9
v 5 11.6 5.9
v 5 15.3 5.9
v 5.4 11.6 5.9
v 5.4 15.3 5.9
v -0.2 0.9 5.6
v -0.2 1.7 5.6
v -0.2 2.5 5.6
v -0.2 3.3 5.6
v -0.2 4.1 5.6
v -0.2 4.9 5.6
v -0.2 5.7 5.6
v -0.2 6.5 5.6
v -0.2 7.3 5.6
v -0.2 8.1 5.6
v -0.2 8.9 5.6
v -0.2 9.7 5.6
v -0.2 10.5 5.6
v -0.2 11.3 5.6
v -0.2 11.6 5.6
v 1.8 0.9 5.6
v 1.8 1.7 5.6
v 1.8 2.5 5.6
v 1.8 3.3 5.6
v 1.8 4.1 5.6
v 1.8 4.9 5.6
v 1.8 5.7 5.6
v 1.8 6.5 5.6
v 1.8 7.3 5.6
v 1.8 8.1 5.6
v 1.8 8.9 5.6
v 1.8 9.7 5.6
v 1.8 10.5 5.6
v 1.8 11.3 5.6
v 1.8 11.6 5.6
v -1 0.9 5.2
v -1 1.7 5.2
v -1 2.5 5.2
v -1 3.3 5.2
v -1 4.1 5.2
v -1 4.9 5.2
v -1 5.7 5.2
v -1 6.5 5.2
v -1 7.3 5.2
v -1 8.1 5.2
v -1 8.9 5.2
v -1 9.7 5.2
v -1 10.5 5.2
v -1 11.3 5.2
v -1 11.6 5.2
v -0.2 0.9 5.2
v -0.2 1.7 5.2
v -0.2 2.5 5.2
v -0.2 3.3 5.2
v -0.2 4.1 5.2
v -0.2 4.9 5.2
v -0.2 5.7 5.2
v -0.2 6.5 5.2
v -0.2 7.3 5.2
v -0.2 8.1 5.2
v -0.2 8.9 5.2
v -0.2 9.7 5.2
v -0.2 10.5 5.2
v -0.2 11.3 5.2
v -0.2 11.6 5.2
v 1.8 0.9 5.2
v 1.8 1.7 5.2
v 1.8 2.5 5.2
v 1.8 3.3 5.2
v 1.8 4.1 5.2
v 1.8 4.9 5.2
v 1.8 5.7 5.2
v 1.8 6.5 5.2
v 1.8 7.3 5.2
v 1.8 8.1 5.2
v 1.8 8.9 5.2
v 1.8 9.7 5.2
v 1.8 10.5 5.2
v 1.8 11.3 5.2
v 1.8 11.6 5.2
v 2.6 0.9 5.2
v 2.6 1.7 5.2
v 2.6 2.5 5.2
v 2.6 3.3 5.2
v 2.6 4.1 5.2
v 2.6 4.9 5.2
v 2.6 5.7 5.2
v 2.6 6.5 5.2
v 2.6 7.3 5.2
v 2.6 8.1 5.2
v 2.6 8.9 5.2
v 2.6 9.7 5.2
v 2.6 10.5 5.2
v 2.6 11.3 5.2
v 2.6 11.6 5.2
v -4.2 11.6 5.1
v -4.2 15.3 5.1
v -3.8 11.6 5.1
v -3.8 15.3 5.1
v 5.4 11.6 5.1
v 5.4 15.3 5.1
v 5.8 11.6 5.1
v 5.8 15.3 5.1
v -1.4 0.9 4.8
v -1.4 1.7 4.8
v -1.4 2.5 4.8
v -1.4 3.3 4.8
v -1.4 4.1 4.8
v -1.4 4.9 4.8
v -1.4 5.7 4.8
v -1.4 6.5 4.8
v -1.4 7.3 4.8
v -1.4 8.1 4.8
v -1.4 8.9 4.8
v -1.4 9.7 4.8
v -1.4 10.5 4.8
v -1.4 11.3 4.8
v -1.4 11.6 4.8
v -1 0.9 4.8
v -1 1.7 4.8
v -1 2.5 4.8
v -1 3.3 4.8
v -1 4.1 4.8
v -1 4.9 4.8
v -1 5.7 4.8
v -1 6.5 4.8
v -1 7.3 4.8
v -1 8.1 4.8
v -1 8.9 4.8
v -1 9.7 4.8
v -1 10.5 4.8
v -1 11.3 4.8
v -1 11.6 4.8
v 2.6 0.9 4.8
v 2.6 1.7 4.8
v 2.6 2.5 4.8
v 2.6 3.3 4.8
v 2.6 4.1 4.8
v 2.6 4.9 4.8
v 2.6 5.7 4.8
v 2.6 6.5 4.8
v 2.6 7.3 4.8
v 2.6 8.1 4.8
v 2.6 8.9 4.8
v 2.6 9.7 4.8
v 2.6 10.5 4.8
v 2.6 11.3 4.8
v 2.6 11.6 4.8
v 3 0.9 4.8
v 3 1.7 4.8
v 3 2.5 4.8
v 3 3.3 4.8
v 3 4.1 4.8
v 3 4.9 4.8
v 3 5.7 4.8
v 3 6.5 4.8
v 3 7.3 4.8
v 3 8.1 4.8
v 3 8.9 4.8
v 3 9.7 4.8
v 3 10.5 4.8
v 3 11.3 4.8
v 3 11.6 4.8
v -1.8 0.9 4.4
v -1.8 1.7 4.4
v -1.8 2.5 4.4
v -1.8 3.3 4.4
v -1.8 4.1 4.4
v -1.8 4.9 4.4
v -1.8 5.7 4.4
v -1.8 6.5 4.4
v -1.8 7.3 4.4
v -1.8 8.1 4.4
v -1.8 8.9 4.4
v -1.8 9.7 4.4
v -1.8 10.5 4.4
v -1.8 11.3 4.4
v -1.8 11.6 4.4
v -1.4 0.9 4.4
v -1.4 1.7 4.4
v -1.4 2.5 4.4
v -1.4 3.3 4.4
v -1.4 4.1 4.4
v -1.4 4.9 4.4
v -1.4 5.7 4.4
v -1.4 6.5 4.4
v -1.4 7.3 4.4
v -1.4 8.1 4.4
v -1.4 8.9 4.4
v -1.4 9.7 4.4
v -1.4 10.5 4.4
v -1.4 11.3 4.4
v -1.4 11.6 4.4
v 3 0.9 4.4
v 3 1.7 4.4
v 3 2.5 4.4
v 3 3.3 4.4
v 3 4.1 4.4
v 3 4.9 4.4
v 3 5.7 4.4
v 3 6.5 4.4
v 3 7.3 4.4
v 3 8.1 4.4
v 3 8.9 4.4
v 3 9.7 4.4
v 3 10.5 4.4
v 3 11.3 4.4
v 3 11.6 4.4
v 3.4 0.9 4.4
v 3.4 1.7 4.4
v 3.4 2.5 4.4
v 3.4 3.3 4.4
v 3.4 4.1 4.4
v 3.4 4.9 4.4
v 3.4 5.7 4.4
v 3.4 6.5 4.4
v 3.4 7.3 4.4
v 3.4 8.1 4.4
v 3.4 8.9 4.4
v 3.4 9.7 4.4
v 3.4 10.5 4.4
v 3.4 11.3 4.4
v 3.4 11.6 4.4
v -4.6 11.6 3.9
v -4.6 15.3 3.9
v -4.2 11.6 3.9
v -4.2 15.3 3.9
v 5.8 11.6 3.8
v 5.8 15.3 3.8
v 6.2 11.6 3.8
v 6.2 15.3 3.8
v -4.6 0.9 3.6
v -4.6 1.7 3.6
v -4.2 1.7 3.6
v -4.2 2.5 3.6
v -2.2 2.5 3.6
v -2.2 3.3 3.6
v -2.2 4.1 3.6
v -2.2 4.9 3.6
v -2.2 5.7 3.6
v -2.2 6.5 3.6
v -2.2 7.3 3.6
v -2.2 8.1 3.6
v -2.2 8.9 3.6
v -2.2 9.7 3.6
v -2.2 10.5 3.6
v -2.2 11.3 3.6
v -2.2 11.6 3.6
v -1.8 0.9 3.6
v -1.8 1.7 3.6
v -1.8 2.5 3.6
v -1.8 3.3 3.6
v -1.8 4.1 3.6
v -1.8 4.9 3.6
v -1.8 5.7 3.6
v -1.8 6.5 3.6
v -1.8 7.3 3.6
v -1.8 8.1 3.6
v -1.8 8.9 3.6
v -1.8 9.7 3.6
v -1.8 10.5 3.6
v -1.8 11.3 3.6
v -1.8 11.6 3.6
v 3.4 0.9 3.6
v 3.4 1.7 3.6
v 3.4 2.5 3.6
v 3.4 3.3 3.6
v 3.4 4.1 3.6
v 3.4 4.9 3.6
v 3.4 5.7 3.6
v 3.4 6.5 3.6
v 3.4 7.3 3.6
v 3.4 8.1 3.6
v 3.4 8.9 3.6
v 3.4 9.7 3.6
v 3.4 10.5 3.6
v 3.4 11.3 3.6
v 3.4 11.6 3.6
v 3.8 11.3 3.6
v 3.8 11.6 3.6
v 3.9 0.9 3.6
v 3.9 1.7 3.6
v 3.9 2.5 3.6
v 3.9 3.3 3.6
v 3.9 4.1 3.6
v 3.9 4.9 3.6
v 3.9 5.7 3.6
v 3.9 6.5 3.6
v 3.9 7.3 3.6
v 3.9 8.1 3.6
v 3.9 8.9 3.6
v 3.9 9.7 3.6
v 3.9 10.5 3.6
v 3.9 11.3 3.6
v 3.7 0.9 2.9
v 3.7 1 2.9
v 3.7 1.1 2.9
v 3.7 1.2 2.9
v 3.7 1.3 2.9
v 3.7 1.4 2.9
v 3.7 1.5 2.9
v 3.7 1.6 2.9
v 3.7 1.7 2.9
v 3.7 1.8 2.9
v 3.7 1.9 2.9
v 3.7 2 2.9
v 3.7 2.1 2.9
v 3.7 2.2 2.9
v 3.7 2.3 2.9
v 3.7 2.4 2.9
v 3.7 2.5 2.9
v 3.7 2.6 2.9
v 3.7 2.7 2.9
v 3.7 2.8 2.9
v 3.7 2.9 2.9
v 3.7 3 2.9
v 3.7 3.1 2.9
v 3.7 3.2 2.9
v 3.7 3.3 2.9
v 3.7 3.4 2.9
v 3.7 3.5 2.9
v 3.7 3.6 2.9
v 3.7 3.7 2.9
v 3.7 3.8 2.9
v 3.7 3.9 2.9
v 3.7 4 2.9
v 3.7 4.1 2.9
v 3.7 4.2 2.9
v 3.7 4.3 2.9
v 3.7 4.4 2.9
v 3.7 4.5 2.9
v 3.7 4.6 2.9
v 3.7 4.7 2.9
v 3.7 4.8 2.9
v 3.7 4.9 2.9
v 3.7 5 2.9
v 3.7 5.1 2.9
v 3.7 5.2 2.9
v 3.7 5.3 2.9
v 3.7 5.4 2.9
v 3.7 5.5 2.9
v 3.7 5.6 2.9
v 3.7 5.7 2.9
v 3.7 5.8 2.9
v 3.7 5.9 2.9
v 3.7 6 2.9
v 3.7 6.1 2.9
v 3.7 6.2 2.9
v 3.7 6.3 2.9
v 3.7 6.4 2.9
v 3.7 6.5 2.9
v 3.7 6.6 2.9
v 3.7 6.7 2.9
v 3.7 6.8 2.9
v 3.7 6.9 2.9
v 3.7 7 2.9
v 3.7 7.1 2.9
v 3.7 7.2 2.9
v 3.7 7.3 2.9
v 3.7 7.4 2.9
v 3.7 7.5 2.9
v 3.7 7.6 2.9
v 3.7 7.7 2.9
v 3.7 7.8 2.9
v 3.7 7.9 2.9
v 3.7 8 2.9
v 3.7 8.1 2.9
v 3.7 8.2 2.9
v 3.7 8.3 2.9
v 3.7 8.4 2.9
v 3.7 8.5 2.9
v 3.7 8.6 2.9
v 3.7 8.7 2.9
v 3.7 8.8 2.9
v 3.7 8.9 2.9
v 3.7 9 2.9
v 3.7 9.1 2.9
v 3.7 9.2 2.9
v 3.7 9.3 2.9
v 3.7 9.4 2.9
v 3.7 9.5 2.9
v 3.7 9.6 2.9
v 3.7 9.7 2.9
v 3.7 9.8 2.9
v 3.7 9.9 2.9
v 3.7 10 2.9
v 3.7 10.1 2.9
v 3.7 10.2 2.9
v 3.7 10.3 2.9
v 3.7 10.4 2.9
v 3.7 10.5 2.9
v 3.7 10.6 2.9
v 3.7 10.7 2.9
v 3.7 10.8 2.9
v 3.7 10.9 2.9
v 3.7 11 2.9
v 3.7 11.1 2.9
v 3.7 11.2 2.9
v 3.7 11.3 2.9
v 3.7 11.4 2.9
v 3.7 11.5 2.9
v 3.7 12 2.9
v 3.7 12.1 2.9
v 3.8 0.9 2.9
v 3.8 1 2.9
v 3.8 1.1 2.9
v 3.8 1.2 2.9
v 3.8 1.3 2.9
v 3.8 1.4 2.9
v 3.8 1.5 2.9
v 3.8 1.6 2.9
v 3.8 1.7 2.9
v 3.8 1.8 2.9
v 3.8 1.9 2.9
v 3.8 2 2.9
v 3.8 2.1 2.9
v 3.8 2.2 2.9
v 3.8 2.3 2.9
v 3.8 2.4 2.9
v 3.8 2.5 2.9
v 3.8 2.6 2.9
v 3.8 2.7 2.9
v 3.8 2.8 2.9
v 3.8 2.9 2.9
v 3.8 3 2.9
v 3.8 3.1 2.9
v 3.8 3.2 2.9
v 3.8 3.3 2.9
v 3.8 3.4 2.9
v 3.8 3.5 2.9
v 3.8 3.6 2.9
v 3.8 3.7 2.9
v 3.8 3.8 2.9
v 3.8 3.9 2.9
v 3.8 4 2.9
v 3.8 4.1 2.9
v 3.8 4.2 2.9
v 3.8 4.3 2.9
v 3.8 4.4 2.9
v 3.8 4.5 2.9
v 3.8 4.6 2.9
v 3.8 4.7 2.9
v 3.8 4.8 2.9
v 3.8 4.9 2.9
v 3.8 5 2.9
v 3.8 5.1 2.9
v 3.8 5.2 2.9
v 3.8 5.3 2.9
v 3.8 5.4 2.9
v 3.8 5.5 2.9
v 3.8 5.6 2.9
v 3.8 5.7 2.9
v 3.8 5.8 2.9
v 3.8 5.9 2.9
v 3.8 6 2.9
v 3.8 6.1 2.9
v 3.8 6.2 2.9
v 3.8 6.3 2.9
v 3.8 6.4 2.9
v 3.8 6.5 2.9
v 3.8 6.6 2.9
v 3.8 6.7 2.9
v 3.8 6.8 2.9
v 3.8 6.9 2.9
v 3.8 7 2.9
v 3.8 7.1 2.9
v 3.8 7.2 2.9
v 3.8 7.3 2.9
v 3.8 7.4 2.9
v 3.8 7.5 2.9
v 3.8 7.6 2.9
v 3.8 7.7 2.9
v 3.8 7.8 2.9
v 3.8 7.9 2.9
v 3.8 8 2.9
v 3.8 8.1 2.9
v 3.8 8.2 2.9
v 3.8 8.3 2.9
v 3.8 8.4 2.9
v 3.8 8.5 2.9
v 3.8 8.6 2.9
v 3.8 8.7 2.9
v 3.8 8.8 2.9
v 3.8 8.9 2.9
v 3.8 9 2.9
v 3.8 9.1 2.9
v 3.8 9.2 2.9
v 3.8 9.3 2.9
v 3.8 9.4 2.9
v 3.8 9.5 2.9
v 3.8 9.6 2.9
v 3.8 9.7 2.9
v 3.8 9.8 2.9
v 3.8 9.9 2.9
v 3.8 10 2.9
v 3.8 10.1 2.9
v 3.8 10.2 2.9
v 3.8 10.3 2.9
v 3.8 10.4 2.9
v 3.8 10.5 2.9
v 3.8 10.6 2.9
v 3.8 10.7 2.9
v 3.8 10.8 2.9
v 3.8 10.9 2.9
v 3.8 11 2.9
v 3.8 11.1 2.9
v 3.8 11.2 2.9
v 3.8 11.3 2.9
v 3.8 11.4 2.9
v 3.8 11.5 2.9
v 3.8 11.6 2.9
v 3.8 12 2.9
v 3.9 12 2.9
v 3.9 12.1 2.9
v 3.7 4.4 2.8
v 3.7 4.5 2.8
v 3.7 9 2.8
v 3.7 9.1 2.8
v 3.8 4.4 2.8
v 3.8 4.5 2.8
v 3.8 9 2.8
v 3.8 9.1 2.8
v 3.7 5.2 2.6
v 3.7 5.3 2.6
v 3.7 9.4 2.6
v 3.7 9.5 2.6
v 3.8 5.2 2.6
v 3.8 5.3 2.6
v 3.8 9.4 2.6
v 3.8 9.5 2.6
v 3.7 7.4 2.5
v 3.7 7.5 2.5
v 3.8 7.4 2.5
v 3.8 7.5 2.5
v -5.5 0.7 2.4
v -5.5 0.8 2.4
v -5.1 0.7 2.4
v -5.1 0.8 2.4
v -5.6 0.6 2.3
v -5.6 0.7 2.3
v -5.2 0.6 2.3
v -5.2 0.7 2.3
v -5.7 0.5 2.2
v -5.7 0.6 2.2
v -5.3 0.5 2.2
v -5.3 0.6 2.2
v 3.7 0.9 2.2
v 3.7 12 2.2
v 3.7 12.1 2.2
v 3.8 0.9 2.2
v 3.8 1.7 2.2
v 3.8 2.5 2.2
v 3.8 3.3 2.2
v 3.8 4.1 2.2
v 3.8 4.9 2.2
v 3.8 5.7 2.2
v 3.8 6.5 2.2
v 3.8 7.3 2.2
v 3.8 8.1 2.2
v 3.8 8.9 2.2
v 3.8 9.7 2.2
v 3.8 10.5 2.2
v 3.8 11.3 2.2
v 3.8 11.6 2.2
v 3.8 12 2.2
v 3.9 0.9 2.2
v 3.9 1.7 2.2
v 3.9 2.5 2.2
v 3.9 3.3 2.2
v 3.9 12 2.2
v 3.9 12.1 2.2
v -5.8 0.4 2.1
v -5.8 0.5 2.1
v -5.4 0.4 2.1
v -5.4 0.5 2.1
v -5.9 0.3 2
v -5.9 0.4 2
v -5.5 0.3 2
v -5.5 0.4 2
v -5.1 0.7 2
v -5.1 0.8 2
v -5 0.7 2
v -5 0.8 2
v -6 0.2 1.9
v -6 0.3 1.9
v -5.5 0.2 1.9
v -5.5 0.3 1.9
v -5.2 0.6 1.9
v -5.2 0.7 1.9
v -5.1 15.4 1.9
v -5.1 15.6 1.9
v -5 0.6 1.9
v -5 0.7 1.9
v -5 15.4 1.9
v -5 15.6 1.9
v 6.5 15.4 1.9
v 6.5 15.6 1.9
v 6.6 15.4 1.9
v 6.6 15.6 1.9
v -6.1 0.1 1.8
v -6.1 0.2 1.8
v -5.5 0.1 1.8
v -5.5 0.2 1.8
v -5.3 0.5 1.8
v -5.3 0.6 1.8
v -5 0.5 1.8
v -5 0.6 1.8
v -5.4 0.4 1.7
v -5.4 0.5 1.7
v -5 0.4 1.7
v -5 0.5 1.7
v -5.5 0.1 1.6
v -5.5 0.4 1.6
v -5 0.1 1.6
v -5 0.4 1.6
v -5 15.4 1.3
v -5 15.6 1.3
v -4.9 15.4 1.3
v -4.9 15.6 1.3
v 6.4 15.4 1.3
v 6.4 15.6 1.3
v 6.5 15.4 1.3
v 6.5 15.6 1.3
v -5 0.1 1.2
v -5 0.9 1.2
v -5 11.3 1.2
v -5 11.6 1.2
v -5 15.4 1.2
v -4.9 15.4 1.2
v -4.6 0.1 1.2
v -4.6 0.9 1.2
v -4.6 1.7 1.2
v -4.6 11.3 1.2
v -4.6 11.6 1.2
v -4.6 15.4 1.2
v -4.2 0.9 1.2
v -4.2 1.7 1.2
v -4.2 2.5 1.2
v -4.2 3.3 1.2
v -3.8 1.7 1.2
v -3.8 2.5 1.2
v -3.8 3.3 1.2
v -3.8 4.1 1.2
v -3.4 3.3 1.2
v -3.4 4.1 1.2
v -3.4 4.9 1.2
v -3.4 5.7 1.2
v -3.4 6.5 1.2
v -3.4 7.3 1.2
v -3.4 8.1 1.2
v -3.4 8.9 1.2
v -3.4 9.7 1.2
v -3.4 10.5 1.2
v -3.4 11.3 1.2
v -3 4.1 1.2
v -3 4.9 1.2
v -3 5.7 1.2
v -3 6.5 1.2
v -3 7.3 1.2
v -3 8.1 1.2
v -3 8.9 1.2
v -3 9.7 1.2
v -3 10.5 1.2
v -3 11.3 1.2
v 4.6 4.1 1.2
v 4.6 4.9 1.2
v 4.6 5.7 1.2
v 4.6 6.5 1.2
v 4.6 7.3 1.2
v 4.6 8.1 1.2
v 4.6 8.9 1.2
v 4.6 9.7 1.2
v 4.6 10.5 1.2
v 4.6 11.3 1.2
v 5 3.3 1.2
v 5 4.1 1.2
v 5 4.9 1.2
v 5 5.7 1.2
v 5 6.5 1.2
v 5 7.3 1.2
v 5 8.1 1.2
v 5 8.9 1.2
v 5 9.7 1.2
v 5 10.5 1.2
v 5 11.3 1.2
v 5.4 1.7 1.2
v 5.4 2.5 1.2
v 5.4 3.3 1.2
v 5.4 4.1 1.2
v 5.8 0.9 1.2
v 5.8 1.7 1.2
v 5.8 2.5 1.2
v 5.8 3.3 1.2
v 6.2 0.1 1.2
v 6.2 0.9 1.2
v 6.2 1.7 1.2
v 6.2 11.3 1.2
v 6.2 11.6 1.2
v 6.2 15.4 1.2
v 6.4 15.4 1.2
v 6.6 0.1 1.2
v 6.6 0.9 1.2
v 6.6 11.3 1.2
v 6.6 11.6 1.2
v 6.6 15.4 1.2
v -4.9 15.4 1
v -4.9 15.6 1
v -4.8 15.4 1
v -4.8 15.6 1
v 6.3 15.4 1
v 6.3 15.6 1
v 6.4 15.4 1
v 6.4 15.6 1
v -4.8 15.4 0.7
v -4.8 15.6 0.7
v -4.7 15.4 0.7
v -4.7 15.6 0.7
v 6.2 15.4 0.7
v 6.2 15.6 0.7
v 6.3 15.4 0.7
v 6.3 15.6 0.7
v -4.7 15.4 0.400001
v -4.7 15.6 0.400001
v -4.6 15.4 0.400001
v -4.6 15.6 0.400001
v -3.8 1.7 0.400001
v -3.8 2.5 0.400001
v -3.8 3.3 0.400001
v -3.4 1.7 0.400001
v -3.4 2.5 0.400001
v -3.4 3.3 0.400001
v -3.4 4.1 0.400001
v -3 3.3 0.400001
v -3 4.1 0.400001
v -3 4.9 0.400001
v -3 5.7 0.400001
v -3 6.5 0.400001
v -3 7.3 0.400001
v -3 8.1 0.400001
v -3 8.9 0.400001
v -3 9.7 0.400001
v -3 10.5 0.400001
v -3 11.3 0.400001
v -2.6 4.1 0.400001
v -2.6 4.9 0.400001
v -2.6 5.7 0.400001
v -2.6 6.5 0.400001
v -2.6 7.3 0.400001
v -2.6 8.1 0.400001
v -2.6 8.9 0.400001
v -2.6 9.7 0.400001
v -2.6 10.5 0.400001
v -2.6 11.3 0.400001
v 4.2 4.1 0.400001
v 4.2 4.9 0.400001
v 4.2 5.7 0.400001
v 4.2 6.5 0.400001
v 4.2 7.3 0.400001
v 4.2 8.1 0.400001
v 4.2 8.9 0.400001
v 4.2 9.7 0.400001
v 4.2 10.5 0.400001
v 4.2 11.3 0.400001
v 4.6 3.3 0.400001
v 4.6 4.1 0.400001
v 4.6 4.9 0.400001
v 4.6 5.7 0.400001
v 4.6 6.5 0.400001
v 4.6 7.3 0.400001
v 4.6 8.1 0.400001
v 4.6 8.9 0.400001
v 4.6 9.7 0.400001
v 4.6 10.5 0.400001
v 4.6 11.3 0.400001
v 5 1.7 0.400001
v 5 2.5 0.400001
v 5 3.3 0.400001
v 5 4.1 0.400001
v 5.4 1.7 0.400001
v 5.4 2.5 0.400001
v 5.4 3.3 0.400001
v 6.1 15.4 0.400001
v 6.1 15.6 0.400001
v 6.2 15.4 0.400001
v 6.2 15.6 0.400001
v -4.6 15.4 0.2
v -4.6 15.6 0.2
v -4.5 15.4 0.2
v -4.5 15.6 0.2
v 6 15.4 0.2
v 6 15.6 0.2
v 6.1 15.4 0.2
v 6.1 15.6 0.2
v -4.6 0.1 0
v -4.6 0.9 0
v -4.6 11.3 0
v -4.6 11.6 0
v -4.6 15.4 0
v -4.5 15.4 0
v -4.5 15.6 0
v -4.4 15.4 0
v -4.4 15.6 0
v -4.2 0.1 0
v -4.2 0.9 0
v -4.2 1.7 0
v -4.2 11.3 0
v -4.2 11.6 0
v -4.2 15.4 0
v -3.8 0.9 0
v -3.8 1.7 0
v -2.6 4.1 0
v -2.6 4.9 0
v -2.6 5.7 0
v -2.6 6.5 0
v -2.6 7.3 0
v -2.6 8.1 0
v -2.6 8.9 0
v -2.6 9.7 0
v -2.6 10.5 0
v -2.6 11.3 0
v -2.2 4.1 0
v -2.2 4.9 0
v -2.2 5.7 0
v -2.2 6.5 0
v -2.2 7.3 0
v -2.2 8.1 0
v -2.2 8.9 0
v -2.2 9.7 0
v -2.2 10.5 0
v -2.2 11.3 0
v 3.8 4.1 0
v 3.8 4.9 0
v 3.8 5.7 0
v 3.8 6.5 0
v 3.8 7.3 0
v 3.8 8.1 0
v 3.8 8.9 0
v 3.8 9.7 0
v 3.8 10.5 0
v 3.8 11.3 0
v 4.2 4.1 0
v 4.2 4.9 0
v 4.2 5.7 0
v 4.2 6.5 0
v 4.2 7.3 0
v 4.2 8.1 0
v 4.2 8.9 0
v 4.2 9.7 0
v 4.2 10.5 0
v 4.2 11.3 0
v 5.4 0.9 0
v 5.4 1.7 0
v 5.8 0.1 0
v 5.8 0.9 0
v 5.8 1.7 0
v 5.8 11.3 0
v 5.8 11.6 0
v 5.8 15.4 0
v 5.9 15.4 0
v 5.9 15.6 0
v 6 15.4 0
v 6 15.6 0
v 6.2 0.1 0
v 6.2 0.9 0
v 6.2 11.3 0
v 6.2 11.6 0
v 6.2 15.4 0
v -4.4 15.4 -0.2
v -4.4 15.6 -0.2
v -4.3 15.4 -0.2
v -4.3 15.6 -0.2
v 5.8 15.4 -0.2
v 5.8 15.6 -0.2
v 5.9 15.4 -0.2
v 5.9 15.6 -0.2
v -4.3 15.4 -0.4
v -4.3 15.6 -0.4
v -4.2 15.4 -0.4
v -4.2 15.6 -0.4
v -3.8 0.9 -0.4
v -3.8 1.7 -0.4
v -3.4 0.9 -0.4
v -3.4 1.7 -0.4
v -3.4 2.5 -0.4
v -3.4 3.3 -0.4
v -3 1.7 -0.4
v -3 2.5 -0.4
v -3 3.3 -0.4
v -3 4.1 -0.4
v -2.6 3.3 -0.4
v -2.6 4.1 -0.4
v -2.2 4.1 -0.4
v -2.2 4.9 -0.4
v -2.2 5.7 -0.4
v -2.2 6.5 -0.4
v -2.2 7.3 -0.4
v -2.2 8.1 -0.4
v -2.2 8.9 -0.4
v -2.2 9.7 -0.4
v -2.2 10.5 -0.4
v -2.2 11.3 -0.4
v -1.8 4.1 -0.4
v -1.8 4.9 -0.4
v -1.8 5.7 -0.4
v -1.8 6.5 -0.4
v -1.8 7.3 -0.4
v -1.8 8.1 -0.4
v -1.8 8.9 -0.4
v -1.8 9.7 -0.4
v -1.8 10.5 -0.4
v -1.8 11.3 -0.4
v 3.4 4.1 -0.4
v 3.4 4.9 -0.4
v 3.4 5.7 -0.4
v 3.4 6.5 -0.4
v 3.4 7.3 -0.4
v 3.4 8.1 -0.4
v 3.4 8.9 -0.4
v 3.4 9.7 -0.4
v 3.4 10.5 -0.4
v 3.4 11.3 -0.4
v 3.8 4.1 -0.4
v 3.8 4.9 -0.4
v 3.8 5.7 -0.4
v 3.8 6.5 -0.4
v 3.8 7.3 -0.4
v 3.8 8.1 -0.4
v 3.8 8.9 -0.4
v 3.8 9.7 -0.4
v 3.8 10.5 -0.4
v 3.8 11.3 -0.4
v 4.2 3.3 -0.4
v 4.2 4.1 -0.4
v 4.6 1.7 -0.4
v 4.6 2.5 -0.4
v 4.6 3.3 -0.4
v 4.6 4.1 -0.4
v 5 0.9 -0.4
v 5 1.7 -0.4
v 5 2.5 -0.4
v 5 3.3 -0.4
v 5.4 0.9 -0.4
v 5.4 1.7 -0.4
v 5.7 15.4 -0.4
v 5.7 15.6 -0.4
v 5.8 15.4 -0.4
v 5.8 15.6 -0.4
v -4.2 15.4 -0.5
v -4.2 15.6 -0.5
v -4.1 15.4 -0.5
v -4.1 15.6 -0.5
v 5.6 15.4 -0.5
v 5.6 15.6 -0.5
v 5.7 15.4 -0.5
v 5.7 15.6 -0.5
v -4.1 15.4 -0.7
v -4.1 15.6 -0.7
v -4 15.4 -0.7
v -4 15.6 -0.7
v 5.5 15.4 -0.7
v 5.5 15.6 -0.7
v 5.6 15.4 -0.7
v 5.6 15.6 -0.7
v -4.2 0.1 -0.8
v -4.2 0.9 -0.8
v -4.2 11.3 -0.8
v -4.2 11.6 -0.8
v -4.2 15.4 -0.8
v -4 15.4 -0.8
v -4 15.6 -0.8
v -3.9 15.4 -0.8
v -3.9 15.6 -0.8
v -3.8 0.1 -0.8
v -3.8 0.9 -0.8
v -3.8 11.3 -0.8
v -3.8 11.6 -0.8
v -3.8 15.4 -0.8
v -3 1.7 -0.8
v -3 2.5 -0.8
v -3 3.3 -0.8
v -2.6 1.7 -0.8
v -2.6 2.5 -0.8
v -2.6 3.3 -0.8
v -2.6 4.1 -0.8
v -2.2 3.3 -0.8
v -2.2 4.1 -0.8
v -1.8 4.1 -0.8
v -1.8 4.9 -0.8
v -1.8 5.7 -0.8
v -1.8 6.5 -0.8
v -1.8 7.3 -0.8
v -1.8 8.1 -0.8
v -1.8 8.9 -0.8
v -1.8 9.7 -0.8
v -1.8 10.5 -0.8
v -1.8 11.3 -0.8
v -1.4 4.1 -0.8
v -1.4 4.9 -0.8
v -1.4 5.7 -0.8
v -1.4 6.5 -0.8
v -1.4 7.3 -0.8
v -1.4 8.1 -0.8
v -1.4 8.9 -0.8
v -1.4 9.7 -0.8
v -1.4 10.5 -0.8
v -1.4 11.3 -0.8
v 3 4.1 -0.8
v 3 4.9 -0.8
v 3 5.7 -0.8
v 3 6.5 -0.8
v 3 7.3 -0.8
v 3 8.1 -0.8
v 3 8.9 -0.8
v 3 9.7 -0.8
v 3 10.5 -0.8
v 3 11.3 -0.8
v 3.4 4.1 -0.8
v 3.4 4.9 -0.8
v 3.4 5.7 -0.8
v 3.4 6.5 -0.8
v 3.4 7.3 -0.8
v 3.4 8.1 -0.8
v 3.4 8.9 -0.8
v 3.4 9.7 -0.8
v 3.4 10.5 -0.8
v 3.4 11.3 -0.8
v 3.8 3.3 -0.8
v 3.8 4.1 -0.8
v 4.2 1.7 -0.8
v 4.2 2.5 -0.8
v 4.2 3.3 -0.8
v 4.2 4.1 -0.8
v 4.6 1.7 -0.8
v 4.6 2.5 -0.8
v 4.6 3.3 -0.8
v 5.4 0.1 -0.8
v 5.4 0.9 -0.8
v 5.4 11.3 -0.8
v 5.4 11.6 -0.8
v 5.4 15.6 -0.8
v 5.5 15.4 -0.8
v 5.5 15.6 -0.8
v 5.8 0.1 -0.8
v 5.8 0.9 -0.8
v 5.8 11.3 -0.8
v 5.8 11.6 -0.8
v 5.8 15.4 -0.8
v -3.9 15.4 -1
v -3.9 15.6 -1
v -3.8 15.4 -1
v -3.8 15.6 -1
v 5.3 15.4 -1
v 5.3 15.6 -1
v 5.4 15.4 -1
v 5.4 15.6 -1
v -3.8 15.4 -1.1
v -3.8 15.6 -1.1
v -3.7 15.4 -1.1
v -3.7 15.6 -1.1
v 5.2 15.4 -1.1
v 5.2 15.6 -1.1
v 5.3 15.4 -1.1
v 5.3 15.6 -1.1
v -3.8 0.1 -1.2
v -3.8 0.9 -1.2
v -3.8 11.3 -1.2
v -3.8 11.6 -1.2
v -3.8 15.4 -1.2
v -3.7 15.4 -1.2
v -3.7 15.6 -1.2
v -3.6 15.4 -1.2
v -3.6 15.6 -1.2
v -3.4 0.1 -1.2
v -3.4 0.9 -1.2
v -3.4 1.7 -1.2
v -3.4 11.3 -1.2
v -3.4 11.6 -1.2
v -3.4 15.4 -1.2
v -3 0.9 -1.2
v -3 1.7 -1.2
v -2.6 1.7 -1.2
v -2.6 2.5 -1.2
v -2.6 3.3 -1.2
v -2.2 1.7 -1.2
v -2.2 2.5 -1.2
v -2.2 3.3 -1.2
v -2.2 4.1 -1.2
v -1.4 3.3 -1.2
v -1.4 4.1 -1.2
v -1.4 4.9 -1.2
v -1.4 5.7 -1.2
v -1.4 6.5 -1.2
v -1.4 7.3 -1.2
v -1.4 8.1 -1.2
v -1.4 8.9 -1.2
v -1.4 9.7 -1.2
v -1.4 10.5 -1.2
v -1.4 11.3 -1.2
v -0.6 4.1 -1.2
v -0.6 4.9 -1.2
v -0.6 5.7 -1.2
v -0.6 6.5 -1.2
v -0.6 7.3 -1.2
v -0.6 8.1 -1.2
v -0.6 8.9 -1.2
v -0.6 9.7 -1.2
v -0.6 10.5 -1.2
v -0.6 11.3 -1.2
v 2.2 4.1 -1.2
v 2.2 4.9 -1.2
v 2.2 5.7 -1.2
v 2.2 6.5 -1.2
v 2.2 7.3 -1.2
v 2.2 8.1 -1.2
v 2.2 8.9 -1.2
v 2.2 9.7 -1.2
v 2.2 10.5 -1.2
v 2.2 11.3 -1.2
v 3 3.3 -1.2
v 3 4.1 -1.2
v 3 4.9 -1.2
v 3 5.7 -1.2
v 3 6.5 -1.2
v 3 7.3 -1.2
v 3 8.1 -1.2
v 3 8.9 -1.2
v 3 9.7 -1.2
v 3 10.5 -1.2
v 3 11.3 -1.2
v 3.8 1.7 -1.2
v 3.8 2.5 -1.2
v 3.8 3.3 -1.2
v 3.8 4.1 -1.2
v 4.2 1.7 -1.2
v 4.2 2.5 -1.2
v 4.2 3.3 -1.2
v 4.6 0.9 -1.2
v 4.6 1.7 -1.2
v 5 0.1 -1.2
v 5 0.9 -1.2
v 5 1.7 -1.2
v 5 11.3 -1.2
v 5 11.6 -1.2
v 5 15.4 -1.2
v 5.1 15.4 -1.2
v 5.1 15.6 -1.2
v 5.2 15.4 -1.2
v 5.2 15.6 -1.2
v 5.4 0.1 -1.2
v 5.4 0.9 -1.2
v 5.4 11.3 -1.2
v 5.4 11.6 -1.2
v 5.4 15.4 -1.2
v -3.6 15.4 -1.3
v -3.6 15.6 -1.3
v -3.5 15.4 -1.3
v -3.5 15.6 -1.3
v 5 15.4 -1.3
v 5 15.6 -1.3
v 5.1 15.4 -1.3
v 5.1 15.6 -1.3
v -3.5 15.4 -1.4
v -3.5 15.6 -1.4
v -3.4 15.4 -1.4
v -3.4 15.6 -1.4
v 4.9 15.4 -1.4
v 4.9 15.6 -1.4
v 5 15.4 -1.4
v 5 15.6 -1.4
v -3.4 15.4 -1.5
v -3.4 15.6 -1.5
v -3.3 15.4 -1.5
v -3.3 15.6 -1.5
v 4.8 15.4 -1.5
v 4.8 15.6 -1.5
v 4.9 15.4 -1.5
v 4.9 15.6 -1.5
v -3.4 0.1 -1.6
v -3.4 0.9 -1.6
v -3.4 11.3 -1.6
v -3.4 11.6 -1.6
v -3.4 15.4 -1.6
v -3.3 15.4 -1.6
v -3.3 15.6 -1.6
v -3.2 15.4 -1.6
v -3.2 15.6 -1.6
v -3 0.1 -1.6
v -3 0.9 -1.6
v -3 1.7 -1.6
v -3 11.3 -1.6
v -3 11.6 -1.6
v -3 15.4 -1.6
v -2.2 0.9 -1.6
v -2.2 1.7 -1.6
v -2.2 2.5 -1.6
v -2.2 3.3 -1.6
v -1.4 1.7 -1.6
v -1.4 2.5 -1.6
v -1.4 3.3 -1.6
v -1.4 4.1 -1.6
v -0.6 3.3 -1.6
v -0.6 4.1 -1.6
v -0.6 4.9 -1.6
v -0.6 5.7 -1.6
v -0.6 6.5 -1.6
v -0.6 7.3 -1.6
v -0.6 8.1 -1.6
v -0.6 8.9 -1.6
v -0.6 9.7 -1.6
v -0.6 10.5 -1.6
v -0.6 11.3 -1.6
v 2.2 3.3 -1.6
v 2.2 4.1 -1.6
v 2.2 4.9 -1.6
v 2.2 5.7 -1.6
v 2.2 6.5 -1.6
v 2.2 7.3 -1.6
v 2.2 8.1 -1.6
v 2.2 8.9 -1.6
v 2.2 9.7 -1.6
v 2.2 10.5 -1.6
v 2.2 11.3 -1.6
v 3 1.7 -1.6
v 3 2.5 -1.6
v 3 3.3 -1.6
v 3 4.1 -1.6
v 3.8 0.9 -1.6
v 3.8 1.7 -1.6
v 3.8 2.5 -1.6
v 3.8 3.3 -1.6
v 4.6 0.1 -1.6
v 4.6 0.9 -1.6
v 4.6 1.7 -1.6
v 4.6 11.3 -1.6
v 4.6 11.6 -1.6
v 4.6 15.4 -1.6
v 4.7 15.4 -1.6
v 4.7 15.6 -1.6
v 4.8 15.4 -1.6
v 4.8 15.6 -1.6
v 5 0.1 -1.6
v 5 0.9 -1.6
v 5 11.3 -1.6
v 5 11.6 -1.6
v 5 15.4 -1.6
v -3.2 15.4 -1.7
v -3.2 15.6 -1.7
v -3.1 15.4 -1.7
v -3.1 15.6 -1.7
v 4.6 15.4 -1.7
v 4.6 15.6 -1.7
v 4.7 15.4 -1.7
v 4.7 15.6 -1.7
v -3.1 15.4 -1.8
v -3.1 15.6 -1.8
v -3 15.4 -1.8
v -3 15.6 -1.8
v 4.5 15.4 -1.8
v 4.5 15.6 -1.8
v 4.6 15.4 -1.8
v 4.6 15.6 -1.8
v -3 15.4 -1.9
v -3 15.6 -1.9
v -2.9 15.4 -1.9
v -2.9 15.6 -1.9
v 4.4 15.4 -1.9
v 4.4 15.6 -1.9
v 4.5 15.4 -1.9
v 4.5 15.6 -1.9
v -3 0.1 -2
v -3 0.9 -2
v -3 11.3 -2
v -3 11.6 -2
v -3 15.4 -2
v -2.9 15.4 -2
v -2.9 15.6 -2
v -2.7 15.4 -2
v -2.7 15.6 -2
v -2.6 0.1 -2
v -2.6 0.9 -2
v -2.6 11.3 -2
v -2.6 11.6 -2
v -2.6 15.4 -2
v -2.2 0.9 -2
v -2.2 1.7 -2
v -1.8 0.9 -2
v -1.8 1.7 -2
v -1.4 1.7 -2
v -1.4 2.5 -2
v -1.4 3.3 -2
v -0.6 1.7 -2
v -0.6 2.5 -2
v -0.6 3.3 -2
v -0.6 4.1 -2
v 2.2 1.7 -2
v 2.2 2.5 -2
v 2.2 3.3 -2
v 2.2 4.1 -2
v 3 1.7 -2
v 3 2.5 -2
v 3 3.3 -2
v 3.4 0.9 -2
v 3.4 1.7 -2
v 3.8 0.9 -2
v 3.8 1.7 -2
v 4.2 0.1 -2
v 4.2 0.9 -2
v 4.2 11.3 -2
v 4.2 11.6 -2
v 4.2 15.6 -2
v 4.4 15.4 -2
v 4.4 15.6 -2
v 4.6 0.1 -2
v 4.6 0.9 -2
v 4.6 11.3 -2
v 4.6 11.6 -2
v 4.6 15.4 -2
v -2.7 15.4 -2.1
v -2.7 15.6 -2.1
v -2.6 15.4 -2.1
v -2.6 15.6 -2.1
v 4.1 15.4 -2.1
v 4.1 15.6 -2.1
v 4.2 15.4 -2.1
v 4.2 15.6 -2.1
v -2.6 15.4 -2.2
v -2.6 15.6 -2.2
v -2.4 15.4 -2.2
v -2.4 15.6 -2.2
v 3.9 15.4 -2.2
v 3.9 15.6 -2.2
v 4.1 15.4 -2.2
v 4.1 15.6 -2.2
v -2.4 15.4 -2.3
v -2.4 15.6 -2.3
v -2.3 15.4 -2.3
v -2.3 15.6 -2.3
v 3.8 15.4 -2.3
v 3.8 15.6 -2.3
v 3.9 15.4 -2.3
v 3.9 15.6 -2.3
v -2.6 0.1 -2.4
v -2.6 0.9 -2.4
v -2.6 11.3 -2.4
v -2.6 11.6 -2.4
v -2.6 15.4 -2.4
v -2.3 15.4 -2.4
v -2.3 15.6 -2.4
v -2.1 15.4 -2.4
v -2.1 15.6 -2.4
v -1.8 0.1 -2.4
v -1.8 0.9 -2.4
v -1.8 1.7 -2.4
v -1.8 11.3 -2.4
v -1.8 11.6 -2.4
v -1.8 15.4 -2.4
v -0.6 0.9 -2.4
v -0.6 1.7 -2.4
v -0.6 2.5 -2.4
v -0.6 3.3 -2.4
v 2.2 0.9 -2.4
v 2.2 1.7 -2.4
v 2.2 2.5 -2.4
v 2.2 3.3 -2.4
v 3.4 0.1 -2.4
v 3.4 0.9 -2.4
v 3.4 1.7 -2.4
v 3.4 11.3 -2.4
v 3.4 11.6 -2.4
v 3.4 15.4 -2.4
v 3.6 15.4 -2.4
v 3.6 15.6 -2.4
v 3.8 15.4 -2.4
v 3.8 15.6 -2.4
v 4.2 0.1 -2.4
v 4.2 0.9 -2.4
v 4.2 11.3 -2.4
v 4.2 11.6 -2.4
v 4.2 15.4 -2.4
v -2.1 15.4 -2.5
v -2.1 15.6 -2.5
v -1.9 15.4 -2.5
v -1.9 15.6 -2.5
v 3.4 15.4 -2.5
v 3.4 15.6 -2.5
v 3.6 15.4 -2.5
v 3.6 15.6 -2.5
v -1.9 15.4 -2.6
v -1.9 15.6 -2.6
v -1.8 15.4 -2.6
v -1.7 15.4 -2.6
v -1.7 15.6 -2.6
v 3.2 15.4 -2.6
v 3.2 15.6 -2.6
v 3.4 15.4 -2.6
v 3.4 15.6 -2.6
v -1.7 15.4 -2.7
v -1.7 15.6 -2.7
v -1.5 15.4 -2.7
v -1.5 15.6 -2.7
v 3 15.4 -2.7
v 3 15.6 -2.7
v 3.2 15.4 -2.7
v 3.2 15.6 -2.7
v -1.8 0.1 -2.8
v -1.8 0.9 -2.8
v -1.8 11.3 -2.8
v -1.8 11.6 -2.8
v -1.8 15.4 -2.8
v -1.5 15.4 -2.8
v -1.5 15.6 -2.8
v -1.2 15.4 -2.8
v -1.2 15.6 -2.8
v -0.6 0.1 -2.8
v -0.6 0.9 -2.8
v -0.6 1.7 -2.8
v -0.6 11.3 -2.8
v -0.6 11.6 -2.8
v -0.6 15.4 -2.8
v 2.2 0.1 -2.8
v 2.2 0.9 -2.8
v 2.2 1.7 -2.8
v 2.2 11.3 -2.8
v 2.2 11.6 -2.8
v 2.2 15.4 -2.8
v 2.7 15.4 -2.8
v 2.7 15.6 -2.8
v 3 15.4 -2.8
v 3 15.6 -2.8
v 3.4 0.1 -2.8
v 3.4 0.9 -2.8
v 3.4 11.3 -2.8
v 3.4 11.6 -2.8
v 3.4 15.4 -2.8
v -1.2 15.4 -2.9
v -1.2 15.6 -2.9
v -0.9 15.4 -2.9
v -0.9 15.6 -2.9
v 2.4 15.4 -2.9
v 2.4 15.6 -2.9
v 2.7 15.4 -2.9
v 2.7 15.6 -2.9
v -0.9 15.4 -3
v -0.9 15.6 -3
v -0.6 15.4 -3
v -0.6 15.6 -3
v 2.1 15.4 -3
v 2.1 15.6 -3
v 2.2 15.4 -3
v 2.4 15.4 -3
v 2.4 15.6 -3
v -0.6 15.4 -3.1
v -0.6 15.6 -3.1
v 0 15.4 -3.1
v 0 15.6 -3.1
v 1.5 15.4 -3.1
v 1.5 15.6 -3.1
v 2.1 15.4 -3.1
v 2.1 15.6 -3.1
v -0.6 0.1 -3.2
v -0.6 0.9 -3.2
v -0.6 11.3 -3.2
v -0.6 11.6 -3.2
v -0.6 15.4 -3.2
v 0 15.4 -3.2
v 0 15.6 -3.2
v 1.5 15.4 -3.2
v 1.5 15.6 -3.2
v 2.2 0.1 -3.2
v 2.2 0.9 -3.2
v 2.2 11.3 -3.2
v 2.2 11.6 -3.2
v 2.2 15.4 -3.2
v -0.6 0.1 8.4
v 2.2 0.1 8.4
v -1.8 0.1 8
v -0.6 0.1 8
v 2.2 0.1 8
v 3.4 0.1 8
v -2.6 0.1 7.6
v -1.8 0.1 7.6
v 3.4 0.1 7.6
v 4.2 0.1 7.6
v -3 0.1 7.2
v -2.6 0.1 7.2
v 4.2 0.1 7.2
v 4.6 0.1 7.2
v -3.4 0.1 6.8
v -3 0.1 6.8
v 4.6 0.1 6.8
v 5 0.1 6.8
v -3.8 0.1 6.4
v -3.4 0.1 6.4
v 5 0.1 6.4
v 5.4 0.1 6.4
v -4.2 0.1 6
v -3.8 0.1 6
v 5.4 0.1 6
v 5.8 0.1 6
v -4.6 0.1 5.2
v -4.2 0.1 5.2
v 5.8 0.1 5.2
v 6.2 0.1 5.2
v -5 0.1 4
v -4.6 0.1 4
v 6.2 0.1 4
v 6.6 0.1 4
v -5.7 0.1 3.9
v -5 0.1 3.9
v -6.1 0.1 3.5
v -5.7 0.1 3.5
v -6.1 0.1 1.8
v -5.5 0.1 1.8
v -5.5 0.1 1.6
v -5 0.1 1.6
v -5 0.1 1.2
v -4.6 0.1 1.2
v 6.2 0.1 1.2
v 6.6 0.1 1.2
v -4.6 0.1 0
v -4.2 0.1 0
v 5.8 0.1 0
v 6.2 0.1 0
v -4.2 0.1 -0.8
v -3.8 0.1 -0.8
v 5.4 0.1 -0.8
v 5.8 0.1 -0.8
v -3.8 0.1 -1.2
v -3.4 0.1 -1.2
v 5 0.1 -1.2
v 5.4 0.1 -1.2
v -3.4 0.1 -1.6
v -3 0.1 -1.6
v 4.6 0.1 -1.6
v 5 0.1 -1.6
v -3 0.1 -2
v -2.6 0.1 -2
v 4.2 0.1 -2
v 4.6 0.1 -2
v -2.6 0.1 -2.4
v -1.8 0.1 -2.4
v 3.4 0.1 -2.4
v 4.2 0.1 -2.4
v -1.8 0.1 -2.8
v -0.6 0.1 -2.8
v 2.2 0.1 -2.8
v 3.4 0.1 -2.8
v -0.6 0.1 -3.2
v 2.2 0.1 -3.2
v 3.7 1 2.9
v 3.8 1 2.9
v 3.7 1 2.3
v 3.8 1 2.3
v 3.7 1.2 2.9
v 3.8 1.2 2.9
v 3.7 1.2 2.3
v 3.8 1.2 2.3
v 3.7 1.4 2.9
v 3.8 1.4 2.9
v 3.7 1.4 2.3
v 3.8 1.4 2.3
v 3.7 1.6 2.9
v 3.8 1.6 2.9
v 3.7 1.6 2.3
v 3.8 1.6 2.3
v 3.7 1.8 2.9
v 3.8 1.8 2.9
v 3.7 1.8 2.3
v 3.8 1.8 2.3
v 3.7 2 2.9
v 3.8 2 2.9
v 3.7 2 2.3
v 3.8 2 2.3
v 3.7 2.2 2.9
v 3.8 2.2 2.9
v 3.7 2.2 2.3
v 3.8 2.2 2.3
v 3.7 2.4 2.9
v 3.8 2.4 2.9
v 3.7 2.4 2.3
v 3.8 2.4 2.3
v -4.2 2.5 3.6
v -2.2 2.5 3.6
v -4.2 2.5 1.6
v -2.2 2.5 1.6
v 3.7 2.6 2.9
v 3.8 2.6 2.9
v 3.7 2.6 2.3
v 3.8 2.6 2.3
v 3.7 2.8 2.9
v 3.8 2.8 2.9
v 3.7 2.8 2.3
v 3.8 2.8 2.3
v 3.7 3 2.9
v 3.8 3 2.9
v 3.7 3 2.3
v 3.8 3 2.3
v 3.7 3.2 2.9
v 3.8 3.2 2.9
v 3.7 3.2 2.3
v 3.8 3.2 2.3
v 3.8 3.3 2.2
v 3.9 3.3 2.2
v 3.8 3.3 1.6
v 3.9 3.3 1.6
v 3.7 3.4 2.9
v 3.8 3.4 2.9
v 3.7 3.4 2.3
v 3.8 3.4 2.3
v 3.7 3.6 2.9
v 3.8 3.6 2.9
v 3.7 3.6 2.3
v 3.8 3.6 2.3
v 3.7 3.8 2.9
v 3.8 3.8 2.9
v 3.7 3.8 2.3
v 3.8 3.8 2.3
v 3.7 4 2.9
v 3.8 4 2.9
v 3.7 4 2.3
v 3.8 4 2.3
v 3.7 4.2 2.9
v 3.8 4.2 2.9
v 3.7 4.2 2.3
v 3.8 4.2 2.3
v 3.7 4.4 2.9
v 3.8 4.4 2.9
v 3.7 4.4 2.8
v 3.8 4.4 2.8
v 3.7 4.4 2.7
v 3.8 4.4 2.7
v 3.7 4.4 2.3
v 3.8 4.4 2.3
v 3.7 4.6 2.9
v 3.8 4.6 2.9
v 3.7 4.6 2.3
v 3.8 4.6 2.3
v 3.7 4.8 2.9
v 3.8 4.8 2.9
v 3.7 4.8 2.3
v 3.8 4.8 2.3
v 3.7 5 2.9
v 3.8 5 2.9
v 3.7 5 2.3
v 3.8 5 2.3
v 3.7 5.2 2.9
v 3.8 5.2 2.9
v 3.7 5.2 2.6
v 3.8 5.2 2.6
v 3.7 5.2 2.5
v 3.8 5.2 2.5
v 3.7 5.2 2.3
v 3.8 5.2 2.3
v 3.7 5.4 2.9
v 3.8 5.4 2.9
v 3.7 5.4 2.3
v 3.8 5.4 2.3
v 3.7 5.6 2.9
v 3.8 5.6 2.9
v 3.7 5.6 2.3
v 3.8 5.6 2.3
v 3.7 5.8 2.9
v 3.8 5.8 2.9
v 3.7 5.8 2.3
v 3.8 5.8 2.3
v 3.7 6 2.9
v 3.8 6 2.9
v 3.7 6 2.3
v 3.8 6 2.3
v 3.7 6.2 2.9
v 3.8 6.2 2.9
v 3.7 6.2 2.3
v 3.8 6.2 2.3
v 3.7 6.4 2.9
v 3.8 6.4 2.9
v 3.7 6.4 2.3
v 3.8 6.4 2.3
v 3.7 6.6 2.9
v 3.8 6.6 2.9
v 3.7 6.6 2.3
v 3.8 6.6 2.3
v 3.7 6.8 2.9
v 3.8 6.8 2.9
v 3.7 6.8 2.3
v 3.8 6.8 2.3
v 3.7 7 2.9
v 3.8 7 2.9
v 3.7 7 2.3
v 3.8 7 2.3
v 3.7 7.2 2.9
v 3.8 7.2 2.9
v 3.7 7.2 2.3
v 3.8 7.2 2.3
v 3.7 7.4 2.9
v 3.8 7.4 2.9
v 3.7 7.4 2.5
v 3.8 7.4 2.5
v 3.7 7.4 2.4
v 3.8 7.4 2.4
v 3.7 7.4 2.3
v 3.8 7.4 2.3
v 3.7 7.6 2.9
v 3.8 7.6 2.9
v 3.7 7.6 2.3
v 3.8 7.6 2.3
v 3.7 7.8 2.9
v 3.8 7.8 2.9
v 3.7 7.8 2.3
v 3.8 7.8 2.3
v 3.7 8 2.9
v 3.8 8 2.9
v 3.7 8 2.3
v 3.8 8 2.3
v 3.7 8.2 2.9
v 3.8 8.2 2.9
v 3.7 8.2 2.3
v 3.8 8.2 2.3
v 3.7 8.4 2.9
v 3.8 8.4 2.9
v 3.7 8.4 2.3
v 3.8 8.4 2.3
v 3.7 8.6 2.9
v 3.8 8.6 2.9
v 3.7 8.6 2.3
v 3.8 8.6 2.3
v 3.7 8.8 2.9
v 3.8 8.8 2.9
v 3.7 8.8 2.3
v 3.8 8.8 2.3
v 3.7 9 2.9
v 3.8 9 2.9
v 3.7 9 2.8
v 3.8 9 2.8
v 3.7 9 2.7
v 3.8 9 2.7
v 3.7 9 2.3
v 3.8 9 2.3
v 3.7 9.2 2.9
v 3.8 9.2 2.9
v 3.7 9.2 2.3
v 3.8 9.2 2.3
v 3.7 9.4 2.9
v 3.8 9.4 2.9
v 3.7 9.4 2.6
v 3.8 9.4 2.6
v 3.7 9.4 2.5
v 3.8 9.4 2.5
v 3.7 9.4 2.3
v 3.8 9.4 2.3
v 3.7 9.6 2.9
v 3.8 9.6 2.9
v 3.7 9.6 2.3
v 3.8 9.6 2.3
v 3.7 9.8 2.9
v 3.8 9.8 2.9
v 3.7 9.8 2.3
v 3.8 9.8 2.3
v 3.7 10 2.9
v 3.8 10 2.9
v 3.7 10 2.3
v 3.8 10 2.3
v 3.7 10.2 2.9
v 3.8 10.2 2.9
v 3.7 10.2 2.3
v 3.8 10.2 2.3
v 3.7 10.4 2.9
v 3.8 10.4 2.9
v 3.7 10.4 2.3
v 3.8 10.4 2.3
v 3.7 10.6 2.9
v 3.8 10.6 2.9
v 3.7 10.6 2.3
v 3.8 10.6 2.3
v 3.7 10.8 2.9
v 3.8 10.8 2.9
v 3.7 10.8 2.3
v 3.8 10.8 2.3
v 3.7 11 2.9
v 3.8 11 2.9
v 3.7 11 2.3
v 3.8 11 2.3
v 3.7 11.2 2.9
v 3.8 11.2 2.9
v 3.7 11.2 2.3
v 3.8 11.2 2.3
v -0.6 11.3 8.4
v 2.2 11.3 8.4
v -1.8 11.3 8
v -0.6 11.3 8
v 2.2 11.3 8
v 3.4 11.3 8
v -2.6 11.3 7.6
v -1.8 11.3 7.6
v 3.4 11.3 7.6
v 4.2 11.3 7.6
v -3 11.3 7.2
v -2.6 11.3 7.2
v 4.2 11.3 7.2
v 4.6 11.3 7.2
v -3.4 11.3 6.8
v -3 11.3 6.8
v -0.6 11.3 6.8
v 2.2 11.3 6.8
v 4.6 11.3 6.8
v 5 11.3 6.8
v -3.8 11.3 6.4
v -3.4 11.3 6.4
v -1.4 11.3 6.4
v -0.6 11.3 6.4
v 2.2 11.3 6.4
v 3 11.3 6.4
v 5 11.3 6.4
v 5.4 11.3 6.4
v -4.2 11.3 6
v -3.8 11.3 6
v -1.8 11.3 6
v -1.4 11.3 6
v 3 11.3 6
v 3.4 11.3 6
v 5.4 11.3 6
v 5.8 11.3 6
v -2.2 11.3 5.6
v -1.8 11.3 5.6
v 3.4 11.3 5.6
v 3.8 11.3 5.6
v -4.6 11.3 5.2
v -4.2 11.3 5.2
v -2.6 11.3 5.2
v -2.2 11.3 5.2
v 3.8 11.3 5.2
v 4.2 11.3 5.2
v 5.8 11.3 5.2
v 6.2 11.3 5.2
v -3 11.3 4.8
v -2.6 11.3 4.8
v 4.2 11.3 4.8
v 4.6 11.3 4.8
v -5 11.3 4
v -4.6 11.3 4
v -3.4 11.3 4
v -3 11.3 4
v 4.6 11.3 4
v 5 11.3 4
v 6.2 11.3 4
v 6.6 11.3 4
v 3.8 11.3 3.6
v 3.9 11.3 3.6
v 3.8 11.3 3
v 3.9 11.3 3
v -5 11.3 1.2
v -4.6 11.3 1.2
v -3.4 11.3 1.2
v -3 11.3 1.2
v 4.6 11.3 1.2
v 5 11.3 1.2
v 6.2 11.3 1.2
v 6.6 11.3 1.2
v -3 11.3 0.400001
v -2.6 11.3 0.400001
v 4.2 11.3 0.400001
v 4.6 11.3 0.400001
v -4.6 11.3 0
v -4.2 11.3 0
v -2.6 11.3 0
v -2.2 11.3 0
v 3.8 11.3 0
v 4.2 11.3 0
v 5.8 11.3 0
v 6.2 11.3 0
v -2.2 11.3 -0.4
v -1.8 11.3 -0.4
v 3.4 11.3 -0.4
v 3.8 11.3 -0.4
v -4.2 11.3 -0.8
v -3.8 11.3 -0.8
v -1.8 11.3 -0.8
v -1.4 11.3 -0.8
v 3 11.3 -0.8
v 3.4 11.3 -0.8
v 5.4 11.3 -0.8
v 5.8 11.3 -0.8
v -3.8 11.3 -1.2
v -3.4 11.3 -1.2
v -1.4 11.3 -1.2
v -0.6 11.3 -1.2
v 2.2 11.3 -1.2
v 3 11.3 -1.2
v 5 11.3 -1.2
v 5.4 11.3 -1.2
v -3.4 11.3 -1.6
v -3 11.3 -1.6
v -0.6 11.3 -1.6
v 2.2 11.3 -1.6
v 4.6 11.3 -1.6
v 5 11.3 -1.6
v -3 11.3 -2
v -2.6 11.3 -2
v 4.2 11.3 -2
v 4.6 11.3 -2
v -2.6 11.3 -2.4
v -1.8 11.3 -2.4
v 3.4 11.3 -2.4
v 4.2 11.3 -2.4
v -1.8 11.3 -2.8
v -0.6 11.3 -2.8
v 2.2 11.3 -2.8
v 3.4 11.3 -2.8
v -0.6 11.3 -3.2
v 2.2 11.3 -3.2
v 3.7 11.4 2.9
v 3.8 11.4 2.9
v 3.7 11.4 2.3
v 3.8 11.4 2.3
v 3.8 12 3
v 3.9 12 3
v 3.8 12 2.9
v 3.9 12 2.9
v 3.8 12 2.3
v 3.9 12 2.3
v 3.8 12 2.2
v 3.9 12 2.2
v -0.6 15.3 7.9
v 2.2 15.3 7.9
v -1.7 15.3 7.6
v -0.6 15.3 7.6
v 2.2 15.3 7.5
v 3.4 15.3 7.5
v -2.5 15.3 7.2
v -1.7 15.3 7.2
v 3.4 15.3 7.1
v 4.2 15.3 7.1
v -2.9 15.3 6.8
v -2.5 15.3 6.8
v 4.2 15.3 6.7
v 4.6 15.3 6.7
v -3.4 15.3 6.3
v -2.9 15.3 6.3
v 4.6 15.3 6.3
v 5 15.3 6.3
v -3.8 15.3 5.9
v -3.4 15.3 5.9
v 5 15.3 5.9
v 5.4 15.3 5.9
v -4.2 15.3 5.1
v -3.8 15.3 5.1
v 5.4 15.3 5.1
v 5.8 15.3 5.1
v -4.6 15.3 3.9
v -4.2 15.3 3.9
v 5.8 15.3 3.8
v 6.2 15.3 3.8
v -4.6 15.3 1.3
v -4.2 15.3 1.3
v 5.8 15.3 1.3
v 6.2 15.3 1.3
v -4.2 15.3 0.1
v -3.8 15.3 0.1
v 5.4 15.3 0.1
v 5.8 15.3 0.1
v -3.8 15.3 -0.7
v -3.4 15.3 -0.7
v 5 15.3 -0.7
v 5.4 15.3 -0.7
v -3.4 15.3 -1.1
v -3 15.3 -1.1
v 4.6 15.3 -1.1
v 5 15.3 -1.1
v -3 15.3 -1.5
v -2.6 15.3 -1.5
v 4.2 15.3 -1.5
v 4.6 15.3 -1.5
v -2.6 15.3 -1.9
v -1.7 15.3 -1.9
v 3.3 15.3 -1.9
v 4.2 15.3 -1.9
v -1.7 15.3 -2.4
v -0.5 15.3 -2.4
v 2 15.3 -2.4
v 3.3 15.3 -2.4
v -0.5 15.3 -2.8
v 2 15.3 -2.8
v 0 15.4 8.5
v 1.5 15.4 8.5
v 0 15.4 8.4
v 1.5 15.4 8.4
v -0.9 15.4 8.3
v -0.6 15.4 8.3
v 2.2 15.4 8.3
v 2.4 15.4 8.3
v -1.2 15.4 8.2
v -0.9 15.4 8.2
v 2.4 15.4 8.2
v 2.7 15.4 8.2
v -1.5 15.4 8.1
v -1.2 15.4 8.1
v 2.7 15.4 8.1
v 3 15.4 8.1
v -1.5 15.4 8
v -0.6 15.4 8
v 2.2 15.4 8
v 3 15.4 8
v -1.9 15.4 7.9
v -1.8 15.4 7.9
v -2.1 15.4 7.8
v -1.9 15.4 7.8
v 3.4 15.4 7.8
v 3.6 15.4 7.8
v -2.3 15.4 7.7
v -2.1 15.4 7.7
v 3.6 15.4 7.7
v 3.8 15.4 7.7
v -2.3 15.4 7.6
v -1.8 15.4 7.6
v 3.4 15.4 7.6
v 3.8 15.4 7.6
v -2.7 15.4 7.4
v -2.6 15.4 7.4
v -2.9 15.4 7.3
v -2.7 15.4 7.3
v 4.2 15.4 7.3
v 4.4 15.4 7.3
v -2.9 15.4 7.2
v -2.6 15.4 7.2
v 4.2 15.4 7.2
v 4.4 15.4 7.2
v -3.1 15.4 7.1
v -3 15.4 7.1
v -3.2 15.4 7
v -3.1 15.4 7
v 4.6 15.4 7
v 4.7 15.4 7
v -3.3 15.4 6.9
v -3.2 15.4 6.9
v 4.7 15.4 6.9
v 4.8 15.4 6.9
v -3.3 15.4 6.8
v -3 15.4 6.8
v 4.6 15.4 6.8
v 4.8 15.4 6.8
v -3.5 15.4 6.7
v -3.4 15.4 6.7
v -3.6 15.4 6.6
v -3.5 15.4 6.6
v 5 15.4 6.6
v 5.1 15.4 6.6
v -3.7 15.4 6.5
v -3.6 15.4 6.5
v 5.1 15.4 6.5
v 5.2 15.4 6.5
v -3.7 15.4 6.4
v -3.4 15.4 6.4
v 5 15.4 6.4
v 5.2 15.4 6.4
v -3.9 15.4 6.3
v -3.8 15.4 6.3
v -4 15.4 6.1
v -3.9 15.4 6.1
v 5.4 15.4 6.1
v 5.5 15.4 6.1
v -4 15.4 6
v -3.8 15.4 6
v 5.4 15.4 6
v 5.5 15.4 6
v -4.3 15.4 5.7
v -4.2 15.4 5.7
v -4.4 15.4 5.5
v -4.3 15.4 5.5
v 5.8 15.4 5.5
v 5.9 15.4 5.5
v -4.5 15.4 5.3
v -4.4 15.4 5.3
v 5.9 15.4 5.3
v 6 15.4 5.3
v -4.5 15.4 5.2
v -4.2 15.4 5.2
v 5.8 15.4 5.2
v 6 15.4 5.2
v -4.7 15.4 4.9
v -4.6 15.4 4.9
v -4.8 15.4 4.6
v -4.7 15.4 4.6
v 6.2 15.4 4.6
v 6.3 15.4 4.6
v -4.9 15.4 4.3
v -4.8 15.4 4.3
v 6.3 15.4 4.3
v 6.4 15.4 4.3
v -4.9 15.4 4
v -4.6 15.4 4
v 6.2 15.4 4
v 6.4 15.4 4
v -5.1 15.4 3.4
v -5 15.4 3.4
v -5.1 15.4 1.9
v -5 15.4 1.9
v -4.9 15.4 1.2
v -4.6 15.4 1.2
v 6.2 15.4 1.2
v 6.4 15.4 1.2
v -4.9 15.4 1
v -4.8 15.4 1
v 6.3 15.4 1
v 6.4 15.4 1
v -4.8 15.4 0.7
v -4.7 15.4 0.7
v 6.2 15.4 0.7
v 6.3 15.4 0.7
v -4.7 15.4 0.400001
v -4.6 15.4 0.400001
v -4.4 15.4 0
v -4.2 15.4 0
v 5.8 15.4 0
v 5.9 15.4 0
v -4.4 15.4 -0.2
v -4.3 15.4 -0.2
v 5.8 15.4 -0.2
v 5.9 15.4 -0.2
v -4.3 15.4 -0.4
v -4.2 15.4 -0.4
v -3.9 15.4 -0.8
v -3.8 15.4 -0.8
v -3.9 15.4 -1
v -3.8 15.4 -1
v -3.6 15.4 -1.2
v -3.4 15.4 -1.2
v 5 15.4 -1.2
v 5.1 15.4 -1.2
v -3.6 15.4 -1.3
v -3.5 15.4 -1.3
v 5 15.4 -1.3
v 5.1 15.4 -1.3
v -3.5 15.4 -1.4
v -3.4 15.4 -1.4
v -3.2 15.4 -1.6
v -3 15.4 -1.6
v 4.6 15.4 -1.6
v 4.7 15.4 -1.6
v -3.2 15.4 -1.7
v -3.1 15.4 -1.7
v 4.6 15.4 -1.7
v 4.7 15.4 -1.7
v -3.1 15.4 -1.8
v -3 15.4 -1.8
v -2.7 15.4 -2
v -2.6 15.4 -2
v -2.7 15.4 -2.1
v -2.6 15.4 -2.1
v -2.1 15.4 -2.4
v -1.8 15.4 -2.4
v 3.4 15.4 -2.4
v 3.6 15.4 -2.4
v -2.1 15.4 -2.5
v -1.9 15.4 -2.5
v 3.4 15.4 -2.5
v 3.6 15.4 -2.5
v -1.9 15.4 -2.6
v -1.8 15.4 -2.6
v -1.2 15.4 -2.8
v -0.6 15.4 -2.8
v 2.2 15.4 -2.8
v 2.7 15.4 -2.8
v -1.2 15.4 -2.9
v -0.9 15.4 -2.9
v 2.4 15.4 -2.9
v 2.7 15.4 -2.9
v -0.9 15.4 -3
v -0.6 15.4 -3
v 2.2 15.4 -3
v 2.4 15.4 -3
v -5.7 0.2 3.9
v -5 0.2 3.9
v -5.6 0.2 3.8
v -5 0.2 3.8
v -6.1 0.2 3.5
v -5.7 0.2 3.5
v -6 0.2 3.4
v -5.6 0.2 3.4
v -6 0.2 1.9
v -5.5 0.2 1.9
v -6.1 0.2 1.8
v -5.5 0.2 1.8
v -5.6 0.3 3.8
v -5 0.3 3.8
v -5.5 0.3 3.7
v -5 0.3 3.7
v -6 0.3 3.4
v -5.6 0.3 3.4
v -5.9 0.3 3.3
v -5.5 0.3 3.3
v -5.9 0.3 2
v -5.5 0.3 2
v -6 0.3 1.9
v -5.5 0.3 1.9
v -5.5 0.4 3.7
v -5 0.4 3.7
v -5.4 0.4 3.6
v -5 0.4 3.6
v -5.9 0.4 3.3
v -5.5 0.4 3.3
v -5.8 0.4 3.2
v -5.4 0.4 3.2
v -5.8 0.4 2.1
v -5.4 0.4 2.1
v -5.9 0.4 2
v -5.5 0.4 2
v -5.4 0.4 1.7
v -5 0.4 1.7
v -5.5 0.4 1.6
v -5 0.4 1.6
v -5.4 0.5 3.6
v -5 0.5 3.6
v -5.3 0.5 3.5
v -5 0.5 3.5
v -5.8 0.5 3.2
v -5.4 0.5 3.2
v -5.7 0.5 3.1
v -5.3 0.5 3.1
v -5.7 0.5 2.2
v -5.3 0.5 2.2
v -5.8 0.5 2.1
v -5.4 0.5 2.1
v -5.3 0.5 1.8
v -5 0.5 1.8
v -5.4 0.5 1.7
v -5 0.5 1.7
v -5.3 0.6 3.5
v -5 0.6 3.5
v -5.2 0.6 3.4
v -5 0.6 3.4
v -5.7 0.6 3.1
v -5.3 0.6 3.1
v -5.6 0.6 3
v -5.2 0.6 3
v -5.6 0.6 2.3
v -5.2 0.6 2.3
v -5.7 0.6 2.2
v -5.3 0.6 2.2
v -5.2 0.6 1.9
v -5 0.6 1.9
v -5.3 0.6 1.8
v -5 0.6 1.8
v -5.2 0.7 3.4
v -5 0.7 3.4
v -5.1 0.7 3.3
v -5 0.7 3.3
v -5.6 0.7 3
v -5.2 0.7 3
v -5.5 0.7 2.9
v -5.1 0.7 2.9
v -5.5 0.7 2.4
v -5.1 0.7 2.4
v -5.6 0.7 2.3
v -5.2 0.7 2.3
v -5.1 0.7 2
v -5 0.7 2
v -5.2 0.7 1.9
v -5 0.7 1.9
v -5.1 0.8 3.3
v -5 0.8 3.3
v -5.5 0.8 2.9
v -5.1 0.8 2.9
v -5.5 0.8 2.4
v -5.1 0.8 2.4
v -5.1 0.8 2
v -5 0.8 2
v -0.6 0.9 8.4
v 2.2 0.9 8.4
v -1.8 0.9 8
v -0.6 0.9 8
v 2.2 0.9 8
v 3.4 0.9 8
v -2.6 0.9 7.6
v -1.8 0.9 7.6
v -0.6 0.9 7.6
v 2.2 0.9 7.6
v 3.4 0.9 7.6
v 4.2 0.9 7.6
v -3 0.9 7.2
v -2.6 0.9 7.2
v -2.2 0.9 7.2
v -1.8 0.9 7.2
v 3.4 0.9 7.2
v 3.8 0.9 7.2
v 4.2 0.9 7.2
v 4.6 0.9 7.2
v -3.4 0.9 6.8
v -3 0.9 6.8
v -2.2 0.9 6.8
v 3.8 0.9 6.8
v 4.6 0.9 6.8
v 5 0.9 6.8
v -3.8 0.9 6.4
v -3.4 0.9 6.4
v -3 0.9 6.4
v 4.6 0.9 6.4
v 5 0.9 6.4
v 5.4 0.9 6.4
v -4.2 0.9 6
v -3.8 0.9 6
v 5.4 0.9 6
v 5.8 0.9 6
v -3.8 0.9 5.6
v -3.4 0.9 5.6
v -0.2 0.9 5.6
v 1.8 0.9 5.6
v 5 0.9 5.6
v 5.4 0.9 5.6
v -4.6 0.9 5.2
v -4.2 0.9 5.2
v -3.8 0.9 5.2
v -1 0.9 5.2
v -0.2 0.9 5.2
v 1.8 0.9 5.2
v 2.6 0.9 5.2
v 5.4 0.9 5.2
v 5.8 0.9 5.2
v 6.2 0.9 5.2
v -1.4 0.9 4.8
v -1 0.9 4.8
v 2.6 0.9 4.8
v 3 0.9 4.8
v -1.8 0.9 4.4
v -1.4 0.9 4.4
v 3 0.9 4.4
v 3.4 0.9 4.4
v -5 0.9 4
v -4.6 0.9 4
v -4.2 0.9 4
v 5.8 0.9 4
v 6.2 0.9 4
v 6.6 0.9 4
v -4.6 0.9 3.6
v -1.8 0.9 3.6
v 3.4 0.9 3.6
v 3.9 0.9 3.6
v 3.7 0.9 3
v 3.8 0.9 3
v 3.9 0.9 3
v 3.7 0.9 2.9
v 3.8 0.9 2.9
v 3.7 0.9 2.3
v 3.8 0.9 2.3
v 3.7 0.9 2.2
v 3.8 0.9 2.2
v 3.9 0.9 2.2
v -4.6 0.9 1.6
v -1.8 0.9 1.6
v 3.4 0.9 1.6
v 3.9 0.9 1.6
v -5 0.9 1.2
v -4.6 0.9 1.2
v -4.2 0.9 1.2
v 5.8 0.9 1.2
v 6.2 0.9 1.2
v 6.6 0.9 1.2
v -1.8 0.9 0.8
v -1.4 0.9 0.8
v 3 0.9 0.8
v 3.4 0.9 0.8
v -1.4 0.9 0.400001
v -1 0.9 0.400001
v 2.6 0.9 0.400001
v 3 0.9 0.400001
v -4.6 0.9 0
v -4.2 0.9 0
v -3.8 0.9 0
v -1 0.9 0
v -0.2 0.9 0
v 1.8 0.9 0
v 2.6 0.9 0
v 5.4 0.9 0
v 5.8 0.9 0
v 6.2 0.9 0
v -3.8 0.9 -0.4
v -3.4 0.9 -0.4
v -0.2 0.9 -0.4
v 1.8 0.9 -0.4
v 5 0.9 -0.4
v 5.4 0.9 -0.4
v -4.2 0.9 -0.8
v -3.8 0.9 -0.8
v 5.4 0.9 -0.8
v 5.8 0.9 -0.8
v -3.8 0.9 -1.2
v -3.4 0.9 -1.2
v -3 0.9 -1.2
v 4.6 0.9 -1.2
v 5 0.9 -1.2
v 5.4 0.9 -1.2
v -3.4 0.9 -1.6
v -3 0.9 -1.6
v -2.2 0.9 -1.6
v 3.8 0.9 -1.6
v 4.6 0.9 -1.6
v 5 0.9 -1.6
v -3 0.9 -2
v -2.6 0.9 -2
v -2.2 0.9 -2
v -1.8 0.9 -2
v 3.4 0.9 -2
v 3.8 0.9 -2
v 4.2 0.9 -2
v 4.6 0.9 -2
v -2.6 0.9 -2.4
v -1.8 0.9 -2.4
v -0.6 0.9 -2.4
v 2.2 0.9 -2.4
v 3.4 0.9 -2.4
v 4.2 0.9 -2.4
v -1.8 0.9 -2.8
v -0.6 0.9 -2.8
v 2.2 0.9 -2.8
v 3.4 0.9 -2.8
v -0.6 0.9 -3.2
v 2.2 0.9 -3.2
v 3.7 1.1 2.9
v 3.8 1.1 2.9
v 3.7 1.1 2.3
v 3.8 1.1 2.3
v 3.7 1.3 2.9
v 3.8 1.3 2.9
v 3.7 1.3 2.3
v 3.8 1.3 2.3
v 3.7 1.5 2.9
v 3.8 1.5 2.9
v 3.7 1.5 2.3
v 3.8 1.5 2.3
v -0.6 1.7 8
v 2.2 1.7 8
v -1.8 1.7 7.6
v -0.6 1.7 7.6
v 2.2 1.7 7.6
v 3.4 1.7 7.6
v -2.2 1.7 7.2
v -1.8 1.7 7.2
v -1.4 1.7 7.2
v -0.6 1.7 7.2
v 2.2 1.7 7.2
v 3 1.7 7.2
v 3.4 1.7 7.2
v 3.8 1.7 7.2
v -3 1.7 6.8
v -2.2 1.7 6.8
v -1.4 1.7 6.8
v 3 1.7 6.8
v 3.8 1.7 6.8
v 4.6 1.7 6.8
v -3.4 1.7 6.4
v -3 1.7 6.4
v -2.6 1.7 6.4
v -2.2 1.7 6.4
v 3.8 1.7 6.4
v 4.2 1.7 6.4
v 4.6 1.7 6.4
v 5 1.7 6.4
v -3 1.7 6
v -2.6 1.7 6
v 4.2 1.7 6
v 4.6 1.7 6
v -3.8 1.7 5.6
v -3.4 1.7 5.6
v -3 1.7 5.6
v 4.6 1.7 5.6
v 5 1.7 5.6
v 5.4 1.7 5.6
v -4.2 1.7 5.2
v -3.8 1.7 5.2
v 5.4 1.7 5.2
v 5.8 1.7 5.2
v -3.8 1.7 4.8
v -3.4 1.7 4.8
v 5 1.7 4.8
v 5.4 1.7 4.8
v -4.6 1.7 4
v -4.2 1.7 4
v -3.8 1.7 4
v 5.4 1.7 4
v 5.8 1.7 4
v 6.2 1.7 4
v -4.6 1.7 3.6
v -4.2 1.7 3.6
v 3.7 1.7 2.9
v 3.8 1.7 2.9
v 3.7 1.7 2.3
v 3.8 1.7 2.3
v -4.6 1.7 1.6
v -4.2 1.7 1.6
v -4.6 1.7 1.2
v -4.2 1.7 1.2
v -3.8 1.7 1.2
v 5.4 1.7 1.2
v 5.8 1.7 1.2
v 6.2 1.7 1.2
v -3.8 1.7 0.400001
v -3.4 1.7 0.400001
v 5 1.7 0.400001
v 5.4 1.7 0.400001
v -4.2 1.7 0
v -3.8 1.7 0
v 5.4 1.7 0
v 5.8 1.7 0
v -3.8 1.7 -0.4
v -3.4 1.7 -0.4
v -3 1.7 -0.4
v 4.6 1.7 -0.4
v 5 1.7 -0.4
v 5.4 1.7 -0.4
v -3 1.7 -0.8
v -2.6 1.7 -0.8
v 4.2 1.7 -0.8
v 4.6 1.7 -0.8
v -3.4 1.7 -1.2
v -3 1.7 -1.2
v -2.6 1.7 -1.2
v -2.2 1.7 -1.2
v 3.8 1.7 -1.2
v 4.2 1.7 -1.2
v 4.6 1.7 -1.2
v 5 1.7 -1.2
v -3 1.7 -1.6
v -2.2 1.7 -1.6
v -1.4 1.7 -1.6
v 3 1.7 -1.6
v 3.8 1.7 -1.6
v 4.6 1.7 -1.6
v -2.2 1.7 -2
v -1.8 1.7 -2
v -1.4 1.7 -2
v -0.6 1.7 -2
v 2.2 1.7 -2
v 3 1.7 -2
v 3.4 1.7 -2
v 3.8 1.7 -2
v -1.8 1.7 -2.4
v -0.6 1.7 -2.4
v 2.2 1.7 -2.4
v 3.4 1.7 -2.4
v -0.6 1.7 -2.8
v 2.2 1.7 -2.8
v 3.7 1.9 2.9
v 3.8 1.9 2.9
v 3.7 1.9 2.3
v 3.8 1.9 2.3
v 3.7 2.1 2.9
v 3.8 2.1 2.9
v 3.7 2.1 2.3
v 3.8 2.1 2.3
v 3.7 2.3 2.9
v 3.8 2.3 2.9
v 3.7 2.3 2.3
v 3.8 2.3 2.3
v 3.7 2.5 2.9
v 3.8 2.5 2.9
v 3.7 2.5 2.3
v 3.8 2.5 2.3
v 3.7 2.7 2.9
v 3.8 2.7 2.9
v 3.7 2.7 2.3
v 3.8 2.7 2.3
v 3.7 2.9 2.9
v 3.8 2.9 2.9
v 3.7 2.9 2.3
v 3.8 2.9 2.3
v 3.7 3.1 2.9
v 3.8 3.1 2.9
v 3.7 3.1 2.3
v 3.8 3.1 2.3
v -0.6 3.3 7.6
v 2.2 3.3 7.6
v -1.4 3.3 7.2
v -0.6 3.3 7.2
v 2.2 3.3 7.2
v 3 3.3 7.2
v -2.2 3.3 6.8
v -1.4 3.3 6.8
v -0.6 3.3 6.8
v 2.2 3.3 6.8
v 3 3.3 6.8
v 3.8 3.3 6.8
v -2.6 3.3 6.4
v -2.2 3.3 6.4
v -1.4 3.3 6.4
v 3 3.3 6.4
v 3.8 3.3 6.4
v 4.2 3.3 6.4
v -3 3.3 6
v -2.6 3.3 6
v -2.2 3.3 6
v 3.8 3.3 6
v 4.2 3.3 6
v 4.6 3.3 6
v -3.4 3.3 5.6
v -3 3.3 5.6
v -2.6 3.3 5.6
v 4.2 3.3 5.6
v 4.6 3.3 5.6
v 5 3.3 5.6
v -3.8 3.3 4.8
v -3.4 3.3 4.8
v -3 3.3 4.8
v 4.6 3.3 4.8
v 5 3.3 4.8
v 5.4 3.3 4.8
v -4.2 3.3 4
v -3.8 3.3 4
v -3.4 3.3 4
v 5 3.3 4
v 5.4 3.3 4
v 5.8 3.3 4
v 3.7 3.3 2.9
v 3.8 3.3 2.9
v 3.7 3.3 2.3
v 3.8 3.3 2.3
v -4.2 3.3 1.2
v -3.8 3.3 1.2
v -3.4 3.3 1.2
v 5 3.3 1.2
v 5.4 3.3 1.2
v 5.8 3.3 1.2
v -3.8 3.3 0.400001
v -3.4 3.3 0.400001
v -3 3.3 0.400001
v 4.6 3.3 0.400001
v 5 3.3 0.400001
v 5.4 3.3 0.400001
v -3.4 3.3 -0.4
v -3 3.3 -0.4
v -2.6 3.3 -0.4
v 4.2 3.3 -0.4
v 4.6 3.3 -0.4
v 5 3.3 -0.4
v -3 3.3 -0.8
v -2.6 3.3 -0.8
v -2.2 3.3 -0.8
v 3.8 3.3 -0.8
v 4.2 3.3 -0.8
v 4.6 3.3 -0.8
v -2.6 3.3 -1.2
v -2.2 3.3 -1.2
v -1.4 3.3 -1.2
v 3 3.3 -1.2
v 3.8 3.3 -1.2
v 4.2 3.3 -1.2
v -2.2 3.3 -1.6
v -1.4 3.3 -1.6
v -0.6 3.3 -1.6
v 2.2 3.3 -1.6
v 3 3.3 -1.6
v 3.8 3.3 -1.6
v -1.4 3.3 -2
v -0.6 3.3 -2
v 2.2 3.3 -2
v 3 3.3 -2
v -0.6 3.3 -2.4
v 2.2 3.3 -2.4
v 3.7 3.5 2.9
v 3.8 3.5 2.9
v 3.7 3.5 2.3
v 3.8 3.5 2.3
v 3.7 3.7 2.9
v 3.8 3.7 2.9
v 3.7 3.7 2.3
v 3.8 3.7 2.3
v 3.7 3.9 2.9
v 3.8 3.9 2.9
v 3.7 3.9 2.3
v 3.8 3.9 2.3
v -0.6 4.1 7.2
v 2.2 4.1 7.2
v -1.4 4.1 6.8
v -0.6 4.1 6.8
v 2.2 4.1 6.8
v 3 4.1 6.8
v -2.2 4.1 6.4
v -1.4 4.1 6.4
v -0.6 4.1 6.4
v 2.2 4.1 6.4
v 3 4.1 6.4
v 3.8 4.1 6.4
v -2.6 4.1 6
v -2.2 4.1 6
v -1.8 4.1 6
v -1.4 4.1 6
v 3 4.1 6
v 3.4 4.1 6
v 3.8 4.1 6
v 4.2 4.1 6
v -3 4.1 5.6
v -2.6 4.1 5.6
v -2.2 4.1 5.6
v -1.8 4.1 5.6
v 3.4 4.1 5.6
v 3.8 4.1 5.6
v 4.2 4.1 5.6
v 4.6 4.1 5.6
v -2.6 4.1 5.2
v -2.2 4.1 5.2
v 3.8 4.1 5.2
v 4.2 4.1 5.2
v -3.4 4.1 4.8
v -3 4.1 4.8
v -2.6 4.1 4.8
v 4.2 4.1 4.8
v 4.6 4.1 4.8
v 5 4.1 4.8
v -3.8 4.1 4
v -3.4 4.1 4
v -3 4.1 4
v 4.6 4.1 4
v 5 4.1 4
v 5.4 4.1 4
v 3.7 4.1 2.9
v 3.8 4.1 2.9
v 3.7 4.1 2.3
v 3.8 4.1 2.3
v -3.8 4.1 1.2
v -3.4 4.1 1.2
v -3 4.1 1.2
v 4.6 4.1 1.2
v 5 4.1 1.2
v 5.4 4.1 1.2
v -3.4 4.1 0.400001
v -3 4.1 0.400001
v -2.6 4.1 0.400001
v 4.2 4.1 0.400001
v 4.6 4.1 0.400001
v 5 4.1 0.400001
v -2.6 4.1 0
v -2.2 4.1 0
v 3.8 4.1 0
v 4.2 4.1 0
v -3 4.1 -0.4
v -2.6 4.1 -0.4
v -2.2 4.1 -0.4
v -1.8 4.1 -0.4
v 3.4 4.1 -0.4
v 3.8 4.1 -0.4
v 4.2 4.1 -0.4
v 4.6 4.1 -0.4
v -2.6 4.1 -0.8
v -2.2 4.1 -0.8
v -1.8 4.1 -0.8
v -1.4 4.1 -0.8
v 3 4.1 -0.8
v 3.4 4.1 -0.8
v 3.8 4.1 -0.8
v 4.2 4.1 -0.8
v -2.2 4.1 -1.2
v -1.4 4.1 -1.2
v -0.6 4.1 -1.2
v 2.2 4.1 -1.2
v 3 4.1 -1.2
v 3.8 4.1 -1.2
v -1.4 4.1 -1.6
v -0.6 4.1 -1.6
v 2.2 4.1 -1.6
v 3 4.1 -1.6
v -0.6 4.1 -2
v 2.2 4.1 -2
v 3.7 4.3 2.9
v 3.8 4.3 2.9
v 3.7 4.3 2.3
v 3.8 4.3 2.3
v 3.7 4.5 2.9
v 3.8 4.5 2.9
v 3.7 4.5 2.8
v 3.8 4.5 2.8
v 3.7 4.5 2.7
v 3.8 4.5 2.7
v 3.7 4.5 2.3
v 3.8 4.5 2.3
v 3.7 4.7 2.9
v 3.8 4.7 2.9
v 3.7 4.7 2.3
v 3.8 4.7 2.3
v 3.7 4.9 2.9
v 3.8 4.9 2.9
v 3.7 4.9 2.3
v 3.8 4.9 2.3
v 3.7 5.1 2.9
v 3.8 5.1 2.9
v 3.7 5.1 2.3
v 3.8 5.1 2.3
v 3.7 5.3 2.9
v 3.8 5.3 2.9
v 3.7 5.3 2.6
v 3.8 5.3 2.6
v 3.7 5.3 2.5
v 3.8 5.3 2.5
v 3.7 5.3 2.3
v 3.8 5.3 2.3
v 3.7 5.5 2.9
v 3.8 5.5 2.9
v 3.7 5.5 2.3
v 3.8 5.5 2.3
v 3.7 5.7 2.9
v 3.8 5.7 2.9
v 3.7 5.7 2.3
v 3.8 5.7 2.3
v 3.7 5.9 2.9
v 3.8 5.9 2.9
v 3.7 5.9 2.3
v 3.8 5.9 2.3
v 3.7 6.1 2.9
v 3.8 6.1 2.9
v 3.7 6.1 2.3
v 3.8 6.1 2.3
v 3.7 6.3 2.9
v 3.8 6.3 2.9
v 3.7 6.3 2.3
v 3.8 6.3 2.3
v 3.7 6.5 2.9
v 3.8 6.5 2.9
v 3.7 6.5 2.3
v 3.8 6.5 2.3
v 3.7 6.7 2.9
v 3.8 6.7 2.9
v 3.7 6.7 2.3
v 3.8 6.7 2.3
v 3.7 6.9 2.9
v 3.8 6.9 2.9
v 3.7 6.9 2.3
v 3.8 6.9 2.3
v 3.7 7.1 2.9
v 3.8 7.1 2.9
v 3.7 7.1 2.3
v 3.8 7.1 2.3
v 3.7 7.3 2.9
v 3.8 7.3 2.9
v 3.7 7.3 2.3
v 3.8 7.3 2.3
v 3.7 7.5 2.9
v 3.8 7.5 2.9
v 3.7 7.5 2.5
v 3.8 7.5 2.5
v 3.7 7.5 2.4
v 3.8 7.5 2.4
v 3.7 7.5 2.3
v 3.8 7.5 2.3
v 3.7 7.7 2.9
v 3.8 7.7 2.9
v 3.7 7.7 2.3
v 3.8 7.7 2.3
v 3.7 7.9 2.9
v 3.8 7.9 2.9
v 3.7 7.9 2.3
v 3.8 7.9 2.3
v 3.7 8.1 2.9
v 3.8 8.1 2.9
v 3.7 8.1 2.3
v 3.8 8.1 2.3
v 3.7 8.3 2.9
v 3.8 8.3 2.9
v 3.7 8.3 2.3
v 3.8 8.3 2.3
v 3.7 8.5 2.9
v 3.8 8.5 2.9
v 3.7 8.5 2.3
v 3.8 8.5 2.3
v 3.7 8.7 2.9
v 3.8 8.7 2.9
v 3.7 8.7 2.3
v 3.8 8.7 2.3
v 3.7 8.9 2.9
v 3.8 8.9 2.9
v 3.7 8.9 2.3
v 3.8 8.9 2.3
v 3.7 9.1 2.9
v 3.8 9.1 2.9
v 3.7 9.1 2.8
v 3.8 9.1 2.8
v 3.7 9.1 2.7
v 3.8 9.1 2.7
v 3.7 9.1 2.3
v 3.8 9.1 2.3
v 3.7 9.3 2.9
v 3.8 9.3 2.9
v 3.7 9.3 2.3
v 3.8 9.3 2.3
v 3.7 9.5 2.9
v 3.8 9.5 2.9
v 3.7 9.5 2.6
v 3.8 9.5 2.6
v 3.7 9.5 2.5
v 3.8 9.5 2.5
v 3.7 9.5 2.3
v 3.8 9.5 2.3
v 3.7 9.7 2.9
v 3.8 9.7 2.9
v 3.7 9.7 2.3
v 3.8 9.7 2.3
v 3.7 9.9 2.9
v 3.8 9.9 2.9
v 3.7 9.9 2.3
v 3.8 9.9 2.3
v 3.7 10.1 2.9
v 3.8 10.1 2.9
v 3.7 10.1 2.3
v 3.8 10.1 2.3
v 3.7 10.3 2.9
v 3.8 10.3 2.9
v 3.7 10.3 2.3
v 3.8 10.3 2.3
v 3.7 10.5 2.9
v 3.8 10.5 2.9
v 3.7 10.5 2.3
v 3.8 10.5 2.3
v 3.7 10.7 2.9
v 3.8 10.7 2.9
v 3.7 10.7 2.3
v 3.8 10.7 2.3
v 3.7 10.9 2.9
v 3.8 10.9 2.9
v 3.7 10.9 2.3
v 3.8 10.9 2.3
v 3.7 11.1 2.9
v 3.8 11.1 2.9
v 3.7 11.1 2.3
v 3.8 11.1 2.3
v 3.7 11.3 2.9
v 3.8 11.3 2.9
v 3.7 11.3 2.3
v 3.8 11.3 2.3
v 3.7 11.5 2.9
v 3.8 11.5 2.9
v 3.7 11.5 2.3
v 3.8 11.5 2.3
v -0.6 11.6 7.9
v 2.2 11.6 7.9
v -1.7 11.6 7.6
v -0.6 11.6 7.6
v 2.2 11.6 7.5
v 3.4 11.6 7.5
v -2.5 11.6 7.2
v -1.7 11.6 7.2
v 3.4 11.6 7.1
v 4.2 11.6 7.1
v -2.9 11.6 6.8
v -2.5 11.6 6.8
v 4.2 11.6 6.7
v 4.6 11.6 6.7
v -3.4 11.6 6.3
v -2.9 11.6 6.3
v 4.6 11.6 6.3
v 5 11.6 6.3
v -3.8 11.6 5.9
v -3.4 11.6 5.9
v 5 11.6 5.9
v 5.4 11.6 5.9
v -0.2 11.6 5.6
v 1.8 11.6 5.6
v -1 11.6 5.2
v -0.2 11.6 5.2
v 1.8 11.6 5.2
v 2.6 11.6 5.2
v -4.2 11.6 5.1
v -3.8 11.6 5.1
v 5.4 11.6 5.1
v 5.8 11.6 5.1
v -1.4 11.6 4.8
v -1 11.6 4.8
v 2.6 11.6 4.8
v 3 11.6 4.8
v -1.8 11.6 4.4
v -1.4 11.6 4.4
v 3 11.6 4.4
v 3.4 11.6 4.4
v -4.6 11.6 3.9
v -4.2 11.6 3.9
v 5.8 11.6 3.8
v 6.2 11.6 3.8
v -2.2 11.6 3.6
v -1.8 11.6 3.6
v 3.4 11.6 3.6
v 3.8 11.6 3.6
v 3.8 11.6 3
v 3.8 11.6 2.9
v 3.8 11.6 2.3
v 3.8 11.6 2.2
v -2.2 11.6 1.6
v -1.8 11.6 1.6
v 3.4 11.6 1.6
v 3.8 11.6 1.6
v -4.6 11.6 1.3
v -4.2 11.6 1.3
v 5.8 11.6 1.3
v 6.2 11.6 1.3
v -1.8 11.6 0.8
v -1.4 11.6 0.8
v 3 11.6 0.8
v 3.4 11.6 0.8
v -1.4 11.6 0.400001
v -1 11.6 0.400001
v 2.6 11.6 0.400001
v 3 11.6 0.400001
v -4.2 11.6 0.1
v -3.8 11.6 0.1
v 5.4 11.6 0.1
v 5.8 11.6 0.1
v -1 11.6 0
v -0.2 11.6 0
v 1.8 11.6 0
v 2.6 11.6 0
v -0.2 11.6 -0.4
v 1.8 11.6 -0.4
v -3.8 11.6 -0.7
v -3.4 11.6 -0.7
v 5 11.6 -0.7
v 5.4 11.6 -0.7
v -3.4 11.6 -1.1
v -3 11.6 -1.1
v 4.6 11.6 -1.1
v 5 11.6 -1.1
v -3 11.6 -1.5
v -2.6 11.6 -1.5
v 4.2 11.6 -1.5
v 4.6 11.6 -1.5
v -2.6 11.6 -1.9
v -1.7 11.6 -1.9
v 3.3 11.6 -1.9
v 4.2 11.6 -1.9
v -1.7 11.6 -2.4
v -0.5 11.6 -2.4
v 2 11.6 -2.4
v 3.3 11.6 -2.4
v -0.5 11.6 -2.8
v 2 11.6 -2.8
v 3.7 12.1 3
v 3.9 12.1 3
v 3.7 12.1 2.9
v 3.9 12.1 2.9
v 3.7 12.1 2.3
v 3.9 12.1 2.3
v 3.7 12.1 2.2
v 3.9 12.1 2.2
v 2.1 15.4 8.4
v 2.2 15.4 8.4
v 2.1 15.4 8.3
v 2.2 15.4 8.3
v -1.8 15.4 8
v -1.7 15.4 8
v 3.2 15.4 8
v 3.4 15.4 8
v -1.8 15.4 7.9
v -1.7 15.4 7.9
v 3.2 15.4 7.9
v 3.4 15.4 7.9
v -2.6 15.4 7.6
v -2.4 15.4 7.6
v 3.9 15.4 7.6
v 4.2 15.4 7.6
v -2.6 15.4 7.5
v -2.4 15.4 7.5
v 3.9 15.4 7.5
v 4.1 15.4 7.5
v 4.1 15.4 7.4
v 4.2 15.4 7.4
v 4.5 15.4 7.2
v 4.6 15.4 7.2
v 4.5 15.4 7.1
v 4.6 15.4 7.1
v 4.9 15.4 6.8
v 5 15.4 6.8
v 4.9 15.4 6.7
v 5 15.4 6.7
v 5.3 15.4 6.4
v 5.4 15.4 6.4
v 5.3 15.4 6.3
v 5.4 15.4 6.3
v -4.2 15.4 6
v -4.1 15.4 6
v 5.6 15.4 6
v 5.8 15.4 6
v -4.2 15.4 5.8
v -4.1 15.4 5.8
v 5.6 15.4 5.8
v 5.7 15.4 5.8
v 5.7 15.4 5.7
v 5.8 15.4 5.7
v -4.6 15.4 5.2
v -4.5 15.4 5.2
v 6 15.4 5.2
v 6.2 15.4 5.2
v -4.6 15.4 5.1
v -4.5 15.4 5.1
v 6 15.4 5.1
v 6.1 15.4 5.1
v 6.1 15.4 4.9
v 6.2 15.4 4.9
v 6.5 15.4 4
v 6.6 15.4 4
v 6.5 15.4 3.4
v 6.6 15.4 3.4
v 6.5 15.4 1.9
v 6.6 15.4 1.9
v -5 15.4 1.3
v -4.9 15.4 1.3
v 6.4 15.4 1.3
v 6.5 15.4 1.3
v -5 15.4 1.2
v -4.9 15.4 1.2
v 6.4 15.4 1.2
v 6.6 15.4 1.2
v 6.1 15.4 0.400001
v 6.2 15.4 0.400001
v -4.6 15.4 0.2
v -4.5 15.4 0.2
v 6 15.4 0.2
v 6.1 15.4 0.2
v -4.6 15.4 0
v -4.5 15.4 0
v 6 15.4 0
v 6.2 15.4 0
v 5.7 15.4 -0.4
v 5.8 15.4 -0.4
v -4.2 15.4 -0.5
v -4.1 15.4 -0.5
v 5.6 15.4 -0.5
v 5.7 15.4 -0.5
v -4.1 15.4 -0.7
v -4 15.4 -0.7
v 5.5 15.4 -0.7
v 5.6 15.4 -0.7
v -4.2 15.4 -0.8
v -4 15.4 -0.8
v 5.5 15.4 -0.8
v 5.8 15.4 -0.8
v 5.3 15.4 -1
v 5.4 15.4 -1
v -3.8 15.4 -1.1
v -3.7 15.4 -1.1
v 5.2 15.4 -1.1
v 5.3 15.4 -1.1
v -3.8 15.4 -1.2
v -3.7 15.4 -1.2
v 5.2 15.4 -1.2
v 5.4 15.4 -1.2
v 4.9 15.4 -1.4
v 5 15.4 -1.4
v -3.4 15.4 -1.5
v -3.3 15.4 -1.5
v 4.8 15.4 -1.5
v 4.9 15.4 -1.5
v -3.4 15.4 -1.6
v -3.3 15.4 -1.6
v 4.8 15.4 -1.6
v 5 15.4 -1.6
v 4.5 15.4 -1.8
v 4.6 15.4 -1.8
v -3 15.4 -1.9
v -2.9 15.4 -1.9
v 4.4 15.4 -1.9
v 4.5 15.4 -1.9
v -3 15.4 -2
v -2.9 15.4 -2
v 4.4 15.4 -2
v 4.6 15.4 -2
v 4.1 15.4 -2.1
v 4.2 15.4 -2.1
v -2.6 15.4 -2.2
v -2.4 15.4 -2.2
v 3.9 15.4 -2.2
v 4.1 15.4 -2.2
v -2.4 15.4 -2.3
v -2.3 15.4 -2.3
v 3.8 15.4 -2.3
v 3.9 15.4 -2.3
v -2.6 15.4 -2.4
v -2.3 15.4 -2.4
v 3.8 15.4 -2.4
v 4.2 15.4 -2.4
v -1.8 15.4 -2.6
v -1.7 15.4 -2.6
v 3.2 15.4 -2.6
v 3.4 15.4 -2.6
v -1.7 15.4 -2.7
v -1.5 15.4 -2.7
v 3 15.4 -2.7
v 3.2 15.4 -2.7
v -1.8 15.4 -2.8
v -1.5 15.4 -2.8
v 3 15.4 -2.8
v 3.4 15.4 -2.8
v 2.1 15.4 -3
v 2.2 15.4 -3
v -0.6 15.4 -3.1
v 0 15.4 -3.1
v 1.5 15.4 -3.1
v 2.1 15.4 -3.1
v -0.6 15.4 -3.2
v 0 15.4 -3.2
v 1.5 15.4 -3.2
v 2.2 15.4 -3.2
v 0 15.6 8.5
v 1.5 15.6 8.5
v -0.6 15.6 8.4
v 0 15.6 8.4
v 1.5 15.6 8.4
v 2.1 15.6 8.4
v -0.9 15.6 8.3
v -0.6 15.6 8.3
v 2.1 15.6 8.3
v 2.4 15.6 8.3
v -1.2 15.6 8.2
v -0.9 15.6 8.2
v 2.4 15.6 8.2
v 2.7 15.6 8.2
v -1.5 15.6 8.1
v -1.2 15.6 8.1
v 2.7 15.6 8.1
v 3 15.6 8.1
v -1.7 15.6 8
v -1.5 15.6 8
v 3 15.6 8
v 3.2 15.6 8
v -1.9 15.6 7.9
v -1.7 15.6 7.9
v 3.2 15.6 7.9
v 3.4 15.6 7.9
v -2.1 15.6 7.8
v -1.9 15.6 7.8
v 3.4 15.6 7.8
v 3.6 15.6 7.8
v -2.3 15.6 7.7
v -2.1 15.6 7.7
v 3.6 15.6 7.7
v 3.8 15.6 7.7
v -2.4 15.6 7.6
v -2.3 15.6 7.6
v 3.8 15.6 7.6
v 3.9 15.6 7.6
v -2.6 15.6 7.5
v -2.4 15.6 7.5
v 3.9 15.6 7.5
v 4.1 15.6 7.5
v -2.7 15.6 7.4
v -2.6 15.6 7.4
v 4.1 15.6 7.4
v 4.2 15.6 7.4
v -2.9 15.6 7.3
v -2.7 15.6 7.3
v 4.2 15.6 7.3
v 4.4 15.6 7.3
v -3 15.6 7.2
v -2.9 15.6 7.2
v 4.4 15.6 7.2
v 4.5 15.6 7.2
v -3.1 15.6 7.1
v -3 15.6 7.1
v 4.5 15.6 7.1
v 4.6 15.6 7.1
v -3.2 15.6 7
v -3.1 15.6 7
v 4.6 15.6 7
v 4.7 15.6 7
v -3.3 15.6 6.9
v -3.2 15.6 6.9
v 4.7 15.6 6.9
v 4.8 15.6 6.9
v -3.4 15.6 6.8
v -3.3 15.6 6.8
v 4.8 15.6 6.8
v 4.9 15.6 6.8
v -3.5 15.6 6.7
v -3.4 15.6 6.7
v 4.9 15.6 6.7
v 5 15.6 6.7
v -3.6 15.6 6.6
v -3.5 15.6 6.6
v 5 15.6 6.6
v 5.1 15.6 6.6
v -3.7 15.6 6.5
v -3.6 15.6 6.5
v 5.1 15.6 6.5
v 5.2 15.6 6.5
v -3.8 15.6 6.4
v -3.7 15.6 6.4
v 5.2 15.6 6.4
v 5.3 15.6 6.4
v -3.9 15.6 6.3
v -3.8 15.6 6.3
v 5.3 15.6 6.3
v 5.4 15.6 6.3
v -4 15.6 6.1
v -3.9 15.6 6.1
v 5.4 15.6 6.1
v 5.5 15.6 6.1
v -4.1 15.6 6
v -4 15.6 6
v 5.5 15.6 6
v 5.6 15.6 6
v -4.2 15.6 5.8
v -4.1 15.6 5.8
v 5.6 15.6 5.8
v 5.7 15.6 5.8
v -4.3 15.6 5.7
v -4.2 15.6 5.7
v 5.7 15.6 5.7
v 5.8 15.6 5.7
v -4.4 15.6 5.5
v -4.3 15.6 5.5
v 5.8 15.6 5.5
v 5.9 15.6 5.5
v -4.5 15.6 5.3
v -4.4 15.6 5.3
v 5.9 15.6 5.3
v 6 15.6 5.3
v -4.6 15.6 5.1
v -4.5 15.6 5.1
v 6 15.6 5.1
v 6.1 15.6 5.1
v -4.7 15.6 4.9
v -4.6 15.6 4.9
v 6.1 15.6 4.9
v 6.2 15.6 4.9
v -4.8 15.6 4.6
v -4.7 15.6 4.6
v 6.2 15.6 4.6
v 6.3 15.6 4.6
v -4.9 15.6 4.3
v -4.8 15.6 4.3
v 6.3 15.6 4.3
v 6.4 15.6 4.3
v -5 15.6 4
v -4.9 15.6 4
v 6.4 15.6 4
v 6.5 15.6 4
v -5.1 15.6 3.4
v -5 15.6 3.4
v 6.5 15.6 3.4
v 6.6 15.6 3.4
v -5.1 15.6 1.9
v -5 15.6 1.9
v 6.5 15.6 1.9
v 6.6 15.6 1.9
v -5 15.6 1.3
v -4.9 15.6 1.3
v 6.4 15.6 1.3
v 6.5 15.6 1.3
v -4.9 15.6 1
v -4.8 15.6 1
v 6.3 15.6 1
v 6.4 15.6 1
v -4.8 15.6 0.7
v -4.7 15.6 0.7
v 6.2 15.6 0.7
v 6.3 15.6 0.7
v -4.7 15.6 0.400001
v -4.6 15.6 0.400001
v 6.1 15.6 0.400001
v 6.2 15.6 0.400001
v -4.6 15.6 0.2
v -4.5 15.6 0.2
v 6 15.6 0.2
v 6.1 15.6 0.2
v -4.5 15.6 0
v -4.4 15.6 0
v 5.9 15.6 0
v 6 15.6 0
v -4.4 15.6 -0.2
v -4.3 15.6 -0.2
v 5.8 15.6 -0.2
v 5.9 15.6 -0.2
v -4.3 15.6 -0.4
v -4.2 15.6 -0.4
v 5.7 15.6 -0.4
v 5.8 15.6 -0.4
v -4.2 15.6 -0.5
v -4.1 15.6 -0.5
v 5.6 15.6 -0.5
v 5.7 15.6 -0.5
v -4.1 15.6 -0.7
v -4 15.6 -0.7
v 5.5 15.6 -0.7
v 5.6 15.6 -0.7
v -4 15.6 -0.8
v -3.9 15.6 -0.8
v 5.4 15.6 -0.8
v 5.5 15.6 -0.8
v -3.9 15.6 -1
v -3.8 15.6 -1
v 5.3 15.6 -1
v 5.4 15.6 -1
v -3.8 15.6 -1.1
v -3.7 15.6 -1.1
v 5.2 15.6 -1.1
v 5.3 15.6 -1.1
v -3.7 15.6 -1.2
v -3.6 15.6 -1.2
v 5.1 15.6 -1.2
v 5.2 15.6 -1.2
v -3.6 15.6 -1.3
v -3.5 15.6 -1.3
v 5 15.6 -1.3
v 5.1 15.6 -1.3
v -3.5 15.6 -1.4
v -3.4 15.6 -1.4
v 4.9 15.6 -1.4
v 5 15.6 -1.4
v -3.4 15.6 -1.5
v -3.3 15.6 -1.5
v 4.8 15.6 -1.5
v 4.9 15.6 -1.5
v -3.3 15.6 -1.6
v -3.2 15.6 -1.6
v 4.7 15.6 -1.6
v 4.8 15.6 -1.6
v -3.2 15.6 -1.7
v -3.1 15.6 -1.7
v 4.6 15.6 -1.7
v 4.7 15.6 -1.7
v -3.1 15.6 -1.8
v -3 15.6 -1.8
v 4.5 15.6 -1.8
v 4.6 15.6 -1.8
v -3 15.6 -1.9
v -2.9 15.6 -1.9
v 4.4 15.6 -1.9
v 4.5 15.6 -1.9
v -2.9 15.6 -2
v -2.7 15.6 -2
v 4.2 15.6 -2
v 4.4 15.6 -2
v -2.7 15.6 -2.1
v -2.6 15.6 -2.1
v 4.1 15.6 -2.1
v 4.2 15.6 -2.1
v -2.6 15.6 -2.2
v -2.4 15.6 -2.2
v 3.9 15.6 -2.2
v 4.1 15.6 -2.2
v -2.4 15.6 -2.3
v -2.3 15.6 -2.3
v 3.8 15.6 -2.3
v 3.9 15.6 -2.3
v -2.3 15.6 -2.4
v -2.1 15.6 -2.4
v 3.6 15.6 -2.4
v 3.8 15.6 -2.4
v -2.1 15.6 -2.5
v -1.9 15.6 -2.5
v 3.4 15.6 -2.5
v 3.6 15.6 -2.5
v -1.9 15.6 -2.6
v -1.7 15.6 -2.6
v 3.2 15.6 -2.6
v 3.4 15.6 -2.6
v -1.7 15.6 -2.7
v -1.5 15.6 -2.7
v 3 15.6 -2.7
v 3.2 15.6 -2.7
v -1.5 15.6 -2.8
v -1.2 15.6 -2.8
v 2.7 15.6 -2.8
v 3 15.6 -2.8
v -1.2 15.6 -2.9
v -0.9 15.6 -2.9
v 2.4 15.6 -2.9
v 2.7 15.6 -2.9
v -0.9 15.6 -3
v -0.6 15.6 -3
v 2.1 15.6 -3
v 2.4 15.6 -3
v -0.6 15.6 -3.1
v 0 15.6 -3.1
v 1.5 15.6 -3.1
v 2.1 15.6 -3.1
v 0 15.6 -3.2
v 1.5 15.6 -3.2

# faces
f 3/2/1 2/2/1 1/2/1
f 4/2/1 2/2/1 3/2/1
f 7/2/1 6/2/1 5/2/1
f 8/2/1 6/2/1 7/2/1
f 11/2/1 10/2/1 9/2/1
f 12/2/1 10/2/1 11/2/1
f 15/2/1 14/2/1 13/2/1
f 16/2/1 14/2/1 15/2/1
f 19/2/1 18/2/1 17/2/1
f 20/2/1 18/2/1 19/2/1
f 23/2/1 22/2/1 21/2/1
f 24/2/1 22/2/1 23/2/1
f 27/2/1 26/2/1 25/2/1
f 28/2/1 26/2/1 27/2/1
f 31/2/1 30/2/1 29/2/1
f 32/2/1 30/2/1 31/2/1
f 36/2/1 34/2/1 33/2/1
f 40/2/1 36/2/1 35/2/1
f 41/2/1 38/2/1 37/2/1
f 42/2/1 38/2/1 41/2/1
f 43/2/1 40/2/1 39/2/1
f 44/2/1 34/2/1 36/2/1
f 44/2/1 40/2/1 43/2/1
f 44/2/1 36/2/1 40/2/1
f 47/2/1 46/2/1 45/2/1
f 48/2/1 46/2/1 47/2/1
f 53/2/1 50/2/1 49/2/1
f 54/2/1 50/2/1 53/2/1
f 55/2/1 52/2/1 51/2/1
f 56/2/1 52/2/1 55/2/1
f 61/2/1 58/2/1 57/2/1
f 62/2/1 58/2/1 61/2/1
f 63/2/1 60/2/1 59/2/1
f 64/2/1 60/2/1 63/2/1
f 69/2/1 66/2/1 65/2/1
f 70/2/1 66/2/1 69/2/1
f 71/2/1 68/2/1 67/2/1
f 72/2/1 68/2/1 71/2/1
f 77/2/1 74/2/1 73/2/1
f 78/2/1 74/2/1 77/2/1
f 79/2/1 76/2/1 75/2/1
f 80/2/1 76/2/1 79/2/1
f 83/1/1 82/1/1 81/1/1
f 84/1/1 82/1/1 83/1/1
f 89/2/1 86/2/1 85/2/1
f 91/2/1 90/2/1 89/2/1
f 93/2/1 92/2/1 91/2/1
f 96/2/1 88/2/1 87/2/1
f 97/2/1 94/2/1 93/2/1
f 100/2/1 96/2/1 95/2/1
f 101/2/1 98/2/1 97/2/1
f 104/2/1 100/2/1 99/2/1
f 105/2/1 102/2/1 101/2/1
f 108/2/1 104/2/1 103/2/1
f 109/2/1 106/2/1 105/2/1
f 110/2/1 108/2/1 107/2/1
f 111/2/1 109/2/1 105/2/1
f 111/2/1 110/2/1 109/2/1
f 111/2/1 89/2/1 85/2/1
f 111/2/1 91/2/1 89/2/1
f 111/2/1 93/2/1 91/2/1
f 111/2/1 97/2/1 93/2/1
f 111/2/1 105/2/1 101/2/1
f 111/2/1 101/2/1 97/2/1
f 112/2/1 108/2/1 110/2/1
f 112/2/1 110/2/1 111/2/1
f 112/2/1 104/2/1 108/2/1
f 112/2/1 88/2/1 96/2/1
f 112/2/1 96/2/1 100/2/1
f 112/2/1 100/2/1 104/2/1
f 115/3/1 114/3/1 113/3/1
f 116/3/1 114/3/1 115/3/1
f 117/1/1 116/1/1 115/1/1
f 118/1/1 116/1/1 117/1/1
f 119/1/1 116/1/1 118/1/1
f 120/1/1 116/1/1 119/1/1
f 121/1/1 117/1/1 115/1/1
f 122/1/1 117/1/1 121/1/1
f 123/1/1 119/1/1 118/1/1
f 124/1/1 119/1/1 123/1/1
f 130/1/1 126/1/1 125/1/1
f 131/1/1 126/1/1 130/1/1
f 132/1/1 129/1/1 128/1/1
f 132/1/1 128/1/1 127/1/1
f 133/1/1 129/1/1 132/1/1
f 138/1/1 135/1/1 134/1/1
f 139/1/1 135/1/1 138/1/1
f 140/1/1 137/1/1 136/1/1
f 141/1/1 137/1/1 140/1/1
f 146/1/1 143/1/1 142/1/1
f 147/1/1 143/1/1 146/1/1
f 148/1/1 145/1/1 144/1/1
f 149/1/1 145/1/1 148/1/1
f 154/2/1 151/2/1 150/2/1
f 155/2/1 151/2/1 154/2/1
f 158/2/1 153/2/1 152/2/1
f 159/2/1 153/2/1 158/2/1
f 160/4/1 156/4/1 155/4/1
f 161/4/1 156/4/1 160/4/1
f 162/4/1 158/4/1 157/4/1
f 163/4/1 158/4/1 162/4/1
f 168/3/1 165/3/1 164/3/1
f 169/3/1 165/3/1 168/3/1
f 170/3/1 167/3/1 166/3/1
f 171/3/1 167/3/1 170/3/1
f 172/1/1 169/1/1 168/1/1
f 173/1/1 169/1/1 172/1/1
f 174/1/1 169/1/1 173/1/1
f 175/1/1 169/1/1 174/1/1
f 176/1/1 171/1/1 170/1/1
f 177/1/1 171/1/1 176/1/1
f 178/1/1 171/1/1 177/1/1
f 179/1/1 171/1/1 178/1/1
f 180/1/1 174/1/1 173/1/1
f 181/1/1 174/1/1 180/1/1
f 182/1/1 178/1/1 177/1/1
f 183/1/1 178/1/1 182/1/1
f 189/1/1 185/1/1 184/1/1
f 189/1/1 186/1/1 185/1/1
f 190/1/1 186/1/1 189/1/1
f 191/1/1 188/1/1 187/1/1
f 192/1/1 188/1/1 191/1/1
f 197/1/1 194/1/1 193/1/1
f 198/1/1 194/1/1 197/1/1
f 199/1/1 196/1/1 195/1/1
f 200/1/1 196/1/1 199/1/1
f 205/1/1 202/1/1 201/1/1
f 206/1/1 202/1/1 205/1/1
f 207/1/1 204/1/1 203/1/1
f 208/1/1 204/1/1 207/1/1
f 213/2/1 210/2/1 209/2/1
f 214/2/1 210/2/1 213/2/1
f 217/2/1 212/2/1 211/2/1
f 218/2/1 212/2/1 217/2/1
f 219/4/1 215/4/1 214/4/1
f 220/4/1 215/4/1 219/4/1
f 223/4/1 217/4/1 216/4/1
f 224/4/1 217/4/1 223/4/1
f 225/2/1 221/2/1 220/2/1
f 226/2/1 221/2/1 225/2/1
f 227/2/1 223/2/1 222/2/1
f 228/2/1 223/2/1 227/2/1
f 229/4/1 226/4/1 225/4/1
f 229/4/1 227/4/1 226/4/1
f 229/4/1 228/4/1 227/4/1
f 230/4/1 228/4/1 229/4/1
f 235/3/1 232/3/1 231/3/1
f 236/3/1 232/3/1 235/3/1
f 237/3/1 234/3/1 233/3/1
f 238/3/1 234/3/1 237/3/1
f 239/1/1 236/1/1 235/1/1
f 240/1/1 236/1/1 239/1/1
f 241/1/1 236/1/1 240/1/1
f 242/1/1 236/1/1 241/1/1
f 243/1/1 238/1/1 237/1/1
f 244/1/1 238/1/1 243/1/1
f 245/1/1 238/1/1 244/1/1
f 246/1/1 238/1/1 245/1/1
f 247/1/1 241/1/1 240/1/1
f 248/1/1 241/1/1 247/1/1
f 249/1/1 245/1/1 244/1/1
f 250/1/1 245/1/1 249/1/1
f 255/1/1 252/1/1 251/1/1
f 256/1/1 252/1/1 255/1/1
f 257/1/1 254/1/1 253/1/1
f 258/1/1 254/1/1 257/1/1
f 263/1/1 260/1/1 259/1/1
f 264/1/1 260/1/1 263/1/1
f 265/1/1 262/1/1 261/1/1
f 266/1/1 262/1/1 265/1/1
f 271/1/1 268/1/1 267/1/1
f 272/1/1 268/1/1 271/1/1
f 273/1/1 270/1/1 269/1/1
f 274/1/1 270/1/1 273/1/1
f 279/2/1 276/2/1 275/2/1
f 280/2/1 276/2/1 279/2/1
f 285/2/1 278/2/1 277/2/1
f 286/2/1 278/2/1 285/2/1
f 287/4/1 282/4/1 281/4/1
f 288/4/1 282/4/1 287/4/1
f 293/4/1 284/4/1 283/4/1
f 294/4/1 284/4/1 293/4/1
f 295/2/1 290/2/1 289/2/1
f 296/2/1 290/2/1 295/2/1
f 297/2/1 292/2/1 291/2/1
f 298/2/1 292/2/1 297/2/1
f 299/4/1 296/4/1 295/4/1
f 300/4/1 296/4/1 299/4/1
f 301/4/1 298/4/1 297/4/1
f 302/4/1 298/4/1 301/4/1
f 303/2/1 301/2/1 300/2/1
f 304/2/1 301/2/1 303/2/1
f 309/3/1 306/3/1 305/3/1
f 310/3/1 306/3/1 309/3/1
f 311/3/1 308/3/1 307/3/1
f 312/3/1 308/3/1 311/3/1
f 313/1/1 310/1/1 309/1/1
f 314/1/1 310/1/1 313/1/1
f 315/1/1 312/1/1 311/1/1
f 316/1/1 312/1/1 315/1/1
f 317/1/1 312/1/1 316/1/1
f 318/1/1 312/1/1 317/1/1
f 319/1/1 313/1/1 309/1/1
f 320/1/1 313/1/1 319/1/1
f 321/1/1 317/1/1 316/1/1
f 322/1/1 317/1/1 321/1/1
f 327/1/1 324/1/1 323/1/1
f 328/1/1 324/1/1 327/1/1
f 329/1/1 326/1/1 325/1/1
f 330/1/1 326/1/1 329/1/1
f 335/1/1 332/1/1 331/1/1
f 336/1/1 332/1/1 335/1/1
f 337/1/1 334/1/1 333/1/1
f 338/1/1 334/1/1 337/1/1
f 343/1/1 340/1/1 339/1/1
f 344/1/1 340/1/1 343/1/1
f 345/1/1 342/1/1 341/1/1
f 346/1/1 342/1/1 345/1/1
f 351/2/1 348/2/1 347/2/1
f 352/2/1 348/2/1 351/2/1
f 355/2/1 350/2/1 349/2/1
f 356/2/1 350/2/1 355/2/1
f 357/4/1 353/4/1 352/4/1
f 358/4/1 353/4/1 357/4/1
f 361/4/1 355/4/1 354/4/1
f 362/4/1 355/4/1 361/4/1
f 363/2/1 359/2/1 358/2/1
f 364/2/1 359/2/1 363/2/1
f 365/2/1 361/2/1 360/2/1
f 366/2/1 361/2/1 365/2/1
f 367/4/1 364/4/1 363/4/1
f 368/4/1 364/4/1 367/4/1
f 371/4/1 366/4/1 365/4/1
f 372/4/1 366/4/1 371/4/1
f 373/2/1 369/2/1 368/2/1
f 374/2/1 369/2/1 373/2/1
f 375/2/1 371/2/1 370/2/1
f 376/2/1 371/2/1 375/2/1
f 377/4/1 375/4/1 374/4/1
f 378/4/1 375/4/1 377/4/1
f 379/2/1 378/2/1 377/2/1
f 380/2/1 378/2/1 379/2/1
f 381/4/1 380/4/1 379/4/1
f 382/4/1 380/4/1 381/4/1
f 383/2/1 382/2/1 381/2/1
f 384/2/1 382/2/1 383/2/1
f 385/4/1 384/4/1 383/4/1
f 386/4/1 384/4/1 385/4/1
f 387/2/1 386/2/1 385/2/1
f 388/2/1 386/2/1 387/2/1
f 389/4/1 388/4/1 387/4/1
f 390/4/1 388/4/1 389/4/1
f 391/2/1 390/2/1 389/2/1
f 392/2/1 390/2/1 391/2/1
f 395/4/1 392/4/1 391/4/1
f 396/4/1 392/4/1 395/4/1
f 399/3/1 394/3/1 393/3/1
f 400/3/1 394/3/1 399/3/1
f 401/3/1 398/3/1 397/3/1
f 402/3/1 398/3/1 401/3/1
f 403/1/1 400/1/1 399/1/1
f 404/1/1 400/1/1 403/1/1
f 405/1/1 402/1/1 401/1/1
f 406/1/1 402/1/1 405/1/1
f 407/1/1 402/1/1 406/1/1
f 408/1/1 402/1/1 407/1/1
f 409/1/1 403/1/1 399/1/1
f 410/1/1 403/1/1 409/1/1
f 411/1/1 407/1/1 406/1/1
f 412/1/1 407/1/1 411/1/1
f 417/1/1 414/1/1 413/1/1
f 418/1/1 414/1/1 417/1/1
f 419/1/1 416/1/1 415/1/1
f 420/1/1 416/1/1 419/1/1
f 425/1/1 422/1/1 421/1/1
f 426/1/1 422/1/1 425/1/1
f 427/1/1 424/1/1 423/1/1
f 428/1/1 424/1/1 427/1/1
f 433/1/1 430/1/1 429/1/1
f 434/1/1 430/1/1 433/1/1
f 435/1/1 432/1/1 431/1/1
f 436/1/1 432/1/1 435/1/1
f 441/2/1 438/2/1 437/2/1
f 442/2/1 438/2/1 441/2/1
f 445/2/1 440/2/1 439/2/1
f 446/2/1 440/2/1 445/2/1
f 447/4/1 443/4/1 442/4/1
f 448/4/1 443/4/1 447/4/1
f 453/4/1 445/4/1 444/4/1
f 454/4/1 445/4/1 453/4/1
f 455/2/1 450/2/1 449/2/1
f 456/2/1 450/2/1 455/2/1
f 457/2/1 452/2/1 451/2/1
f 458/2/1 452/2/1 457/2/1
f 459/4/1 456/4/1 455/4/1
f 460/4/1 456/4/1 459/4/1
f 463/4/1 458/4/1 457/4/1
f 464/4/1 458/4/1 463/4/1
f 465/2/1 461/2/1 460/2/1
f 466/2/1 461/2/1 465/2/1
f 469/2/1 463/2/1 462/2/1
f 470/2/1 463/2/1 469/2/1
f 471/4/1 467/4/1 466/4/1
f 472/4/1 467/4/1 471/4/1
f 473/4/1 469/4/1 468/4/1
f 474/4/1 469/4/1 473/4/1
f 475/2/1 472/2/1 471/2/1
f 476/2/1 472/2/1 475/2/1
f 477/2/1 474/2/1 473/2/1
f 478/2/1 474/2/1 477/2/1
f 479/4/1 476/4/1 475/4/1
f 480/4/1 476/4/1 479/4/1
f 481/4/1 478/4/1 477/4/1
f 482/4/1 478/4/1 481/4/1
f 483/2/1 480/2/1 479/2/1
f 484/2/1 480/2/1 483/2/1
f 485/2/1 482/2/1 481/2/1
f 486/2/1 482/2/1 485/2/1
f 487/4/1 484/4/1 483/4/1
f 488/4/1 484/4/1 487/4/1
f 489/4/1 486/4/1 485/4/1
f 490/4/1 486/4/1 489/4/1
f 491/2/1 488/2/1 487/2/1
f 492/2/1 488/2/1 491/2/1
f 493/2/1 490/2/1 489/2/1
f 494/2/1 490/2/1 493/2/1
f 495/4/1 492/4/1 491/4/1
f 496/4/1 492/4/1 495/4/1
f 497/4/1 494/4/1 493/4/1
f 498/4/1 494/4/1 497/4/1
f 499/2/1 496/2/1 495/2/1
f 500/2/1 496/2/1 499/2/1
f 501/2/1 498/2/1 497/2/1
f 502/2/1 498/2/1 501/2/1
f 505/4/1 500/4/1 499/4/1
f 506/4/1 500/4/1 505/4/1
f 507/4/1 502/4/1 501/4/1
f 508/4/1 502/4/1 507/4/1
f 511/3/1 504/3/1 503/3/1
f 512/3/1 504/3/1 511/3/1
f 513/3/1 510/3/1 509/3/1
f 514/3/1 510/3/1 513/3/1
f 515/1/1 512/1/1 511/1/1
f 516/1/1 512/1/1 515/1/1
f 517/1/1 514/1/1 513/1/1
f 518/1/1 514/1/1 517/1/1
f 519/1/1 514/1/1 518/1/1
f 520/1/1 514/1/1 519/1/1
f 521/1/1 515/1/1 511/1/1
f 522/1/1 515/1/1 521/1/1
f 523/1/1 519/1/1 518/1/1
f 524/1/1 519/1/1 523/1/1
f 529/1/1 526/1/1 525/1/1
f 530/1/1 526/1/1 529/1/1
f 531/1/1 528/1/1 527/1/1
f 532/1/1 528/1/1 531/1/1
f 537/1/1 534/1/1 533/1/1
f 538/1/1 534/1/1 537/1/1
f 539/1/1 536/1/1 535/1/1
f 540/1/1 536/1/1 539/1/1
f 545/2/1 542/2/1 541/2/1
f 546/2/1 542/2/1 545/2/1
f 547/2/1 544/2/1 543/2/1
f 548/2/1 544/2/1 547/2/1
f 553/2/1 550/2/1 549/2/1
f 554/2/1 550/2/1 553/2/1
f 555/2/1 552/2/1 551/2/1
f 556/2/1 552/2/1 555/2/1
f 557/4/1 554/4/1 553/4/1
f 558/4/1 554/4/1 557/4/1
f 561/4/1 556/4/1 555/4/1
f 562/4/1 556/4/1 561/4/1
f 563/2/1 559/2/1 558/2/1
f 564/2/1 559/2/1 563/2/1
f 569/2/1 561/2/1 560/2/1
f 570/2/1 561/2/1 569/2/1
f 571/4/1 566/4/1 565/4/1
f 572/4/1 566/4/1 571/4/1
f 573/4/1 568/4/1 567/4/1
f 574/4/1 568/4/1 573/4/1
f 575/2/1 572/2/1 571/2/1
f 576/2/1 572/2/1 575/2/1
f 577/2/1 574/2/1 573/2/1
f 578/2/1 574/2/1 577/2/1
f 579/4/1 576/4/1 575/4/1
f 580/4/1 576/4/1 579/4/1
f 581/4/1 578/4/1 577/4/1
f 582/4/1 578/4/1 581/4/1
f 583/2/1 580/2/1 579/2/1
f 584/2/1 580/2/1 583/2/1
f 585/2/1 582/2/1 581/2/1
f 586/2/1 582/2/1 585/2/1
f 587/4/1 584/4/1 583/4/1
f 588/4/1 584/4/1 587/4/1
f 589/4/1 586/4/1 585/4/1
f 590/4/1 586/4/1 589/4/1
f 591/2/1 588/2/1 587/2/1
f 592/2/1 588/2/1 591/2/1
f 593/2/1 590/2/1 589/2/1
f 594/2/1 590/2/1 593/2/1
f 595/4/1 592/4/1 591/4/1
f 596/4/1 592/4/1 595/4/1
f 597/4/1 594/4/1 593/4/1
f 598/4/1 594/4/1 597/4/1
f 599/2/1 596/2/1 595/2/1
f 600/2/1 596/2/1 599/2/1
f 601/2/1 598/2/1 597/2/1
f 602/2/1 598/2/1 601/2/1
f 605/4/1 600/4/1 599/4/1
f 606/4/1 600/4/1 605/4/1
f 607/4/1 602/4/1 601/4/1
f 608/4/1 602/4/1 607/4/1
f 611/3/1 604/3/1 603/3/1
f 612/3/1 604/3/1 611/3/1
f 613/3/1 610/3/1 609/3/1
f 614/3/1 610/3/1 613/3/1
f 615/1/1 612/1/1 611/1/1
f 616/1/1 612/1/1 615/1/1
f 617/1/1 612/1/1 616/1/1
f 618/1/1 612/1/1 617/1/1
f 619/1/1 614/1/1 613/1/1
f 620/1/1 614/1/1 619/1/1
f 621/1/1 614/1/1 620/1/1
f 622/1/1 614/1/1 621/1/1
f 623/1/1 617/1/1 616/1/1
f 624/1/1 617/1/1 623/1/1
f 625/1/1 621/1/1 620/1/1
f 626/1/1 621/1/1 625/1/1
f 631/1/1 628/1/1 627/1/1
f 632/1/1 628/1/1 631/1/1
f 633/1/1 630/1/1 629/1/1
f 634/1/1 630/1/1 633/1/1
f 639/1/1 636/1/1 635/1/1
f 640/1/1 636/1/1 639/1/1
f 641/1/1 638/1/1 637/1/1
f 642/1/1 638/1/1 641/1/1
f 647/4/1 644/4/1 643/4/1
f 648/4/1 644/4/1 647/4/1
f 651/4/1 646/4/1 645/4/1
f 652/4/1 646/4/1 651/4/1
f 653/2/1 649/2/1 648/2/1
f 654/2/1 649/2/1 653/2/1
f 655/2/1 651/2/1 650/2/1
f 656/2/1 651/2/1 655/2/1
f 657/4/1 654/4/1 653/4/1
f 658/4/1 654/4/1 657/4/1
f 661/4/1 656/4/1 655/4/1
f 662/4/1 656/4/1 661/4/1
f 663/2/1 659/2/1 658/2/1
f 664/2/1 659/2/1 663/2/1
f 669/2/1 661/2/1 660/2/1
f 670/2/1 661/2/1 669/2/1
f 671/4/1 666/4/1 665/4/1
f 672/4/1 666/4/1 671/4/1
f 673/4/1 668/4/1 667/4/1
f 674/4/1 668/4/1 673/4/1
f 675/2/1 672/2/1 671/2/1
f 676/2/1 672/2/1 675/2/1
f 677/2/1 674/2/1 673/2/1
f 678/2/1 674/2/1 677/2/1
f 679/4/1 676/4/1 675/4/1
f 680/4/1 676/4/1 679/4/1
f 681/4/1 678/4/1 677/4/1
f 682/4/1 678/4/1 681/4/1
f 683/2/1 680/2/1 679/2/1
f 684/2/1 680/2/1 683/2/1
f 685/2/1 682/2/1 681/2/1
f 686/2/1 682/2/1 685/2/1
f 687/4/1 684/4/1 683/4/1
f 688/4/1 684/4/1 687/4/1
f 689/4/1 686/4/1 685/4/1
f 690/4/1 686/4/1 689/4/1
f 691/2/1 688/2/1 687/2/1
f 692/2/1 688/2/1 691/2/1
f 693/2/1 690/2/1 689/2/1
f 694/2/1 690/2/1 693/2/1
f 695/4/1 692/4/1 691/4/1
f 696/4/1 692/4/1 695/4/1
f 697/4/1 694/4/1 693/4/1
f 698/4/1 694/4/1 697/4/1
f 699/2/1 696/2/1 695/2/1
f 700/2/1 696/2/1 699/2/1
f 701/2/1 698/2/1 697/2/1
f 702/2/1 698/2/1 701/2/1
f 703/4/1 700/4/1 699/4/1
f 704/4/1 700/4/1 703/4/1
f 705/4/1 702/4/1 701/4/1
f 706/4/1 702/4/1 705/4/1
f 711/1/1 708/1/1 707/1/1
f 712/1/1 708/1/1 711/1/1
f 713/1/1 710/1/1 709/1/1
f 714/1/1 710/1/1 713/1/1
f 719/1/1 716/1/1 715/1/1
f 720/1/1 716/1/1 719/1/1
f 721/1/1 718/1/1 717/1/1
f 722/1/1 718/1/1 721/1/1
f 727/2/1 724/2/1 723/2/1
f 728/2/1 724/2/1 727/2/1
f 731/2/1 726/2/1 725/2/1
f 732/2/1 726/2/1 731/2/1
f 733/4/1 729/4/1 728/4/1
f 734/4/1 729/4/1 733/4/1
f 735/4/1 731/4/1 730/4/1
f 736/4/1 731/4/1 735/4/1
f 741/4/1 738/4/1 737/4/1
f 742/4/1 738/4/1 741/4/1
f 743/4/1 740/4/1 739/4/1
f 744/4/1 740/4/1 743/4/1
f 745/2/1 742/2/1 741/2/1
f 746/2/1 742/2/1 745/2/1
f 747/2/1 744/2/1 743/2/1
f 748/2/1 744/2/1 747/2/1
f 749/4/1 746/4/1 745/4/1
f 750/4/1 746/4/1 749/4/1
f 751/4/1 748/4/1 747/4/1
f 752/4/1 748/4/1 751/4/1
f 753/2/1 750/2/1 749/2/1
f 754/2/1 750/2/1 753/2/1
f 755/2/1 752/2/1 751/2/1
f 756/2/1 752/2/1 755/2/1
f 757/4/1 754/4/1 753/4/1
f 758/4/1 754/4/1 757/4/1
f 759/4/1 756/4/1 755/4/1
f 760/4/1 756/4/1 759/4/1
f 761/2/1 758/2/1 757/2/1
f 762/2/1 758/2/1 761/2/1
f 763/2/1 760/2/1 759/2/1
f 764/2/1 760/2/1 763/2/1
f 765/4/1 762/4/1 761/4/1
f 766/4/1 762/4/1 765/4/1
f 767/4/1 764/4/1 763/4/1
f 768/4/1 764/4/1 767/4/1
f 769/2/1 766/2/1 765/2/1
f 770/2/1 766/2/1 769/2/1
f 771/2/1 768/2/1 767/2/1
f 772/2/1 768/2/1 771/2/1
f 775/4/1 770/4/1 769/4/1
f 776/4/1 770/4/1 775/4/1
f 777/4/1 772/4/1 771/4/1
f 778/4/1 772/4/1 777/4/1
f 781/3/1 774/3/1 773/3/1
f 782/3/1 774/3/1 781/3/1
f 783/3/1 780/3/1 779/3/1
f 784/3/1 780/3/1 783/3/1
f 785/1/1 782/1/1 781/1/1
f 786/1/1 782/1/1 785/1/1
f 787/1/1 782/1/1 786/1/1
f 788/1/1 784/1/1 783/1/1
f 789/1/1 784/1/1 788/1/1
f 790/1/1 784/1/1 789/1/1
f 795/1/1 792/1/1 791/1/1
f 796/1/1 792/1/1 795/1/1
f 797/1/1 794/1/1 793/1/1
f 798/1/1 794/1/1 797/1/1
f 803/1/1 800/1/1 799/1/1
f 804/1/1 800/1/1 803/1/1
f 805/1/1 802/1/1 801/1/1
f 806/1/1 802/1/1 805/1/1
f 811/2/1 808/2/1 807/2/1
f 812/2/1 808/2/1 811/2/1
f 813/2/1 810/2/1 809/2/1
f 814/2/1 810/2/1 813/2/1
f 815/4/1 812/4/1 811/4/1
f 816/4/1 812/4/1 815/4/1
f 819/4/1 814/4/1 813/4/1
f 820/4/1 814/4/1 819/4/1
f 821/2/1 817/2/1 816/2/1
f 822/2/1 817/2/1 821/2/1
f 825/2/1 819/2/1 818/2/1
f 826/2/1 819/2/1 825/2/1
f 827/4/1 823/4/1 822/4/1
f 828/4/1 823/4/1 827/4/1
f 829/4/1 825/4/1 824/4/1
f 830/4/1 825/4/1 829/4/1
f 831/2/1 828/2/1 827/2/1
f 832/2/1 828/2/1 831/2/1
f 833/2/1 830/2/1 829/2/1
f 834/2/1 830/2/1 833/2/1
f 835/4/1 832/4/1 831/4/1
f 836/4/1 832/4/1 835/4/1
f 837/4/1 834/4/1 833/4/1
f 838/4/1 834/4/1 837/4/1
f 839/2/1 836/2/1 835/2/1
f 840/2/1 836/2/1 839/2/1
f 841/2/1 838/2/1 837/2/1
f 842/2/1 838/2/1 841/2/1
f 843/4/1 840/4/1 839/4/1
f 844/4/1 840/4/1 843/4/1
f 845/4/1 842/4/1 841/4/1
f 846/4/1 842/4/1 845/4/1
f 847/2/1 844/2/1 843/2/1
f 848/2/1 844/2/1 847/2/1
f 849/2/1 846/2/1 845/2/1
f 850/2/1 846/2/1 849/2/1
f 851/4/1 848/4/1 847/4/1
f 852/4/1 848/4/1 851/4/1
f 853/4/1 850/4/1 849/4/1
f 854/4/1 850/4/1 853/4/1
f 855/2/1 852/2/1 851/2/1
f 856/2/1 852/2/1 855/2/1
f 857/2/1 854/2/1 853/2/1
f 858/2/1 854/2/1 857/2/1
f 859/4/1 856/4/1 855/4/1
f 860/4/1 856/4/1 859/4/1
f 861/4/1 858/4/1 857/4/1
f 862/4/1 858/4/1 861/4/1
f 867/1/1 864/1/1 863/1/1
f 868/1/1 864/1/1 867/1/1
f 869/1/1 866/1/1 865/1/1
f 870/1/1 866/1/1 869/1/1
f 875/1/1 872/1/1 871/1/1
f 876/1/1 872/1/1 875/1/1
f 877/1/1 874/1/1 873/1/1
f 878/1/1 874/1/1 877/1/1
f 883/2/1 880/2/1 879/2/1
f 884/2/1 880/2/1 883/2/1
f 887/2/1 882/2/1 881/2/1
f 888/2/1 882/2/1 887/2/1
f 889/4/1 885/4/1 884/4/1
f 890/4/1 885/4/1 889/4/1
f 893/4/1 887/4/1 886/4/1
f 894/4/1 887/4/1 893/4/1
f 895/2/1 891/2/1 890/2/1
f 896/2/1 891/2/1 895/2/1
f 897/2/1 893/2/1 892/2/1
f 898/2/1 893/2/1 897/2/1
f 899/4/1 896/4/1 895/4/1
f 900/4/1 896/4/1 899/4/1
f 903/4/1 898/4/1 897/4/1
f 904/4/1 898/4/1 903/4/1
f 905/2/1 901/2/1 900/2/1
f 906/2/1 901/2/1 905/2/1
f 909/2/1 903/2/1 902/2/1
f 910/2/1 903/2/1 909/2/1
f 911/4/1 907/4/1 906/4/1
f 912/4/1 907/4/1 911/4/1
f 913/4/1 909/4/1 908/4/1
f 914/4/1 909/4/1 913/4/1
f 915/2/1 912/2/1 911/2/1
f 916/2/1 912/2/1 915/2/1
f 917/2/1 914/2/1 913/2/1
f 918/2/1 914/2/1 917/2/1
f 919/4/1 916/4/1 915/4/1
f 920/4/1 916/4/1 919/4/1
f 921/4/1 918/4/1 917/4/1
f 922/4/1 918/4/1 921/4/1
f 923/2/1 920/2/1 919/2/1
f 924/2/1 920/2/1 923/2/1
f 925/2/1 922/2/1 921/2/1
f 926/2/1 922/2/1 925/2/1
f 927/4/1 924/4/1 923/4/1
f 928/4/1 924/4/1 927/4/1
f 929/4/1 926/4/1 925/4/1
f 930/4/1 926/4/1 929/4/1
f 931/2/1 928/2/1 927/2/1
f 932/2/1 928/2/1 931/2/1
f 933/2/1 930/2/1 929/2/1
f 934/2/1 930/2/1 933/2/1
f 935/4/1 932/4/1 931/4/1
f 936/4/1 932/4/1 935/4/1
f 937/4/1 934/4/1 933/4/1
f 938/4/1 934/4/1 937/4/1
f 939/2/1 936/2/1 935/2/1
f 940/2/1 936/2/1 939/2/1
f 941/2/1 938/2/1 937/2/1
f 942/2/1 938/2/1 941/2/1
f 945/4/1 940/4/1 939/4/1
f 946/4/1 940/4/1 945/4/1
f 947/4/1 942/4/1 941/4/1
f 948/4/1 942/4/1 947/4/1
f 951/3/1 944/3/1 943/3/1
f 952/3/1 944/3/1 951/3/1
f 953/3/1 950/3/1 949/3/1
f 954/3/1 950/3/1 953/3/1
f 955/1/1 952/1/1 951/1/1
f 956/1/1 952/1/1 955/1/1
f 957/1/1 954/1/1 953/1/1
f 958/1/1 954/1/1 957/1/1
f 959/1/1 954/1/1 958/1/1
f 960/1/1 954/1/1 959/1/1
f 961/1/1 955/1/1 951/1/1
f 962/1/1 955/1/1 961/1/1
f 963/1/1 959/1/1 958/1/1
f 964/1/1 959/1/1 963/1/1
f 969/1/1 966/1/1 965/1/1
f 970/1/1 966/1/1 969/1/1
f 971/1/1 968/1/1 967/1/1
f 972/1/1 968/1/1 971/1/1
f 977/4/1 974/4/1 973/4/1
f 978/4/1 974/4/1 977/4/1
f 979/4/1 976/4/1 975/4/1
f 980/4/1 976/4/1 979/4/1
f 981/2/1 978/2/1 977/2/1
f 982/2/1 978/2/1 981/2/1
f 983/2/1 980/2/1 979/2/1
f 984/2/1 980/2/1 983/2/1
f 985/4/1 982/4/1 981/4/1
f 986/4/1 982/4/1 985/4/1
f 987/4/1 984/4/1 983/4/1
f 988/4/1 984/4/1 987/4/1
f 989/2/1 986/2/1 985/2/1
f 990/2/1 986/2/1 989/2/1
f 991/2/1 988/2/1 987/2/1
f 992/2/1 988/2/1 991/2/1
f 993/4/1 990/4/1 989/4/1
f 994/4/1 990/4/1 993/4/1
f 995/4/1 992/4/1 991/4/1
f 996/4/1 992/4/1 995/4/1
f 997/2/1 994/2/1 993/2/1
f 998/2/1 994/2/1 997/2/1
f 999/2/1 996/2/1 995/2/1
f 1000/2/1 996/2/1 999/2/1
f 1001/4/1 998/4/1 997/4/1
f 1002/4/1 998/4/1 1001/4/1
f 1003/4/1 1000/4/1 999/4/1
f 1004/4/1 1000/4/1 1003/4/1
f 1005/2/1 1002/2/1 1001/2/1
f 1006/2/1 1002/2/1 1005/2/1
f 1007/2/1 1004/2/1 1003/2/1
f 1008/2/1 1004/2/1 1007/2/1
f 1009/4/1 1006/4/1 1005/4/1
f 1010/4/1 1006/4/1 1009/4/1
f 1011/4/1 1008/4/1 1007/4/1
f 1012/4/1 1008/4/1 1011/4/1
f 1013/2/1 1010/2/1 1009/2/1
f 1014/2/1 1010/2/1 1013/2/1
f 1015/2/1 1012/2/1 1011/2/1
f 1016/2/1 1012/2/1 1015/2/1
f 1017/4/1 1014/4/1 1013/4/1
f 1018/4/1 1014/4/1 1017/4/1
f 1019/4/1 1016/4/1 1015/4/1
f 1020/4/1 1016/4/1 1019/4/1
f 1021/2/1 1018/2/1 1017/2/1
f 1022/2/1 1018/2/1 1021/2/1
f 1023/2/1 1020/2/1 1019/2/1
f 1024/2/1 1020/2/1 1023/2/1
f 1025/4/1 1022/4/1 1021/4/1
f 1026/4/1 1022/4/1 1025/4/1
f 1027/4/1 1024/4/1 1023/4/1
f 1028/4/1 1024/4/1 1027/4/1
f 1029/3/1 1026/3/1 1025/3/1
f 1030/3/1 1026/3/1 1029/3/1
f 1031/3/1 1028/3/1 1027/3/1
f 1032/3/1 1028/3/1 1031/3/1
f 1035/1/1 1034/1/1 1033/1/1
f 1036/1/1 1034/1/1 1035/1/1
f 1039/1/1 1038/1/1 1037/1/1
f 1040/1/1 1038/1/1 1039/1/1
f 1045/4/1 1042/4/1 1041/4/1
f 1046/4/1 1042/4/1 1045/4/1
f 1047/4/1 1044/4/1 1043/4/1
f 1048/4/1 1044/4/1 1047/4/1
f 1049/2/1 1046/2/1 1045/2/1
f 1050/2/1 1046/2/1 1049/2/1
f 1051/2/1 1048/2/1 1047/2/1
f 1052/2/1 1048/2/1 1051/2/1
f 1053/4/1 1050/4/1 1049/4/1
f 1054/4/1 1050/4/1 1053/4/1
f 1055/4/1 1052/4/1 1051/4/1
f 1056/4/1 1052/4/1 1055/4/1
f 1057/2/1 1054/2/1 1053/2/1
f 1058/2/1 1054/2/1 1057/2/1
f 1059/2/1 1056/2/1 1055/2/1
f 1060/2/1 1056/2/1 1059/2/1
f 1061/4/1 1058/4/1 1057/4/1
f 1062/4/1 1058/4/1 1061/4/1
f 1063/4/1 1060/4/1 1059/4/1
f 1064/4/1 1060/4/1 1063/4/1
f 1065/2/1 1062/2/1 1061/2/1
f 1066/2/1 1062/2/1 1065/2/1
f 1067/2/1 1064/2/1 1063/2/1
f 1068/2/1 1064/2/1 1067/2/1
f 1069/4/1 1066/4/1 1065/4/1
f 1070/4/1 1066/4/1 1069/4/1
f 1071/4/1 1068/4/1 1067/4/1
f 1072/4/1 1068/4/1 1071/4/1
f 1073/2/1 1070/2/1 1069/2/1
f 1074/2/1 1070/2/1 1073/2/1
f 1075/2/1 1072/2/1 1071/2/1
f 1076/2/1 1072/2/1 1075/2/1
f 1077/4/1 1074/4/1 1073/4/1
f 1078/4/1 1074/4/1 1077/4/1
f 1079/4/1 1076/4/1 1075/4/1
f 1080/4/1 1076/4/1 1079/4/1
f 1081/2/1 1078/2/1 1077/2/1
f 1082/2/1 1078/2/1 1081/2/1
f 1083/2/1 1080/2/1 1079/2/1
f 1084/2/1 1080/2/1 1083/2/1
f 1085/4/1 1082/4/1 1081/4/1
f 1086/4/1 1082/4/1 1085/4/1
f 1087/4/1 1084/4/1 1083/4/1
f 1088/4/1 1084/4/1 1087/4/1
f 1089/2/1 1086/2/1 1085/2/1
f 1090/2/1 1086/2/1 1089/2/1
f 1091/2/1 1088/2/1 1087/2/1
f 1092/2/1 1088/2/1 1091/2/1
f 1093/4/1 1090/4/1 1089/4/1
f 1094/4/1 1090/4/1 1093/4/1
f 1095/4/1 1092/4/1 1091/4/1
f 1096/4/1 1092/4/1 1095/4/1
f 1097/3/1 1094/3/1 1093/3/1
f 1098/3/1 1094/3/1 1097/3/1
f 1099/3/1 1096/3/1 1095/3/1
f 1100/3/1 1096/3/1 1099/3/1
f 1105/4/1 1102/4/1 1101/4/1
f 1106/4/1 1102/4/1 1105/4/1
f 1107/4/1 1104/4/1 1103/4/1
f 1108/4/1 1104/4/1 1107/4/1
f 1109/2/1 1106/2/1 1105/2/1
f 1110/2/1 1106/2/1 1109/2/1
f 1111/2/1 1108/2/1 1107/2/1
f 1112/2/1 1108/2/1 1111/2/1
f 1113/4/1 1110/4/1 1109/4/1
f 1114/4/1 1110/4/1 1113/4/1
f 1115/4/1 1112/4/1 1111/4/1
f 1116/4/1 1112/4/1 1115/4/1
f 1117/2/1 1114/2/1 1113/2/1
f 1118/2/1 1114/2/1 1117/2/1
f 1119/2/1 1116/2/1 1115/2/1
f 1120/2/1 1116/2/1 1119/2/1
f 1121/4/1 1118/4/1 1117/4/1
f 1122/4/1 1118/4/1 1121/4/1
f 1123/4/1 1120/4/1 1119/4/1
f 1124/4/1 1120/4/1 1123/4/1
f 1125/2/1 1122/2/1 1121/2/1
f 1126/2/1 1122/2/1 1125/2/1
f 1127/2/1 1124/2/1 1123/2/1
f 1128/2/1 1124/2/1 1127/2/1
f 1129/4/1 1126/4/1 1125/4/1
f 1130/4/1 1126/4/1 1129/4/1
f 1131/4/1 1128/4/1 1127/4/1
f 1132/4/1 1128/4/1 1131/4/1
f 1133/2/1 1130/2/1 1129/2/1
f 1134/2/1 1130/2/1 1133/2/1
f 1135/2/1 1132/2/1 1131/2/1
f 1136/2/1 1132/2/1 1135/2/1
f 1137/4/1 1134/4/1 1133/4/1
f 1138/4/1 1134/4/1 1137/4/1
f 1139/4/1 1136/4/1 1135/4/1
f 1140/4/1 1136/4/1 1139/4/1
f 1141/2/1 1138/2/1 1137/2/1
f 1142/2/1 1138/2/1 1141/2/1
f 1143/2/1 1140/2/1 1139/2/1
f 1144/2/1 1140/2/1 1143/2/1
f 1145/4/1 1142/4/1 1141/4/1
f 1146/4/1 1142/4/1 1145/4/1
f 1147/4/1 1144/4/1 1143/4/1
f 1148/4/1 1144/4/1 1147/4/1
f 1149/2/1 1146/2/1 1145/2/1
f 1150/2/1 1146/2/1 1149/2/1
f 1151/2/1 1148/2/1 1147/2/1
f 1152/2/1 1148/2/1 1151/2/1
f 1153/4/1 1150/4/1 1149/4/1
f 1154/4/1 1150/4/1 1153/4/1
f 1155/4/1 1152/4/1 1151/4/1
f 1156/4/1 1152/4/1 1155/4/1
f 1157/3/1 1154/3/1 1153/3/1
f 1158/3/1 1154/3/1 1157/3/1
f 1159/3/1 1156/3/1 1155/3/1
f 1160/3/1 1156/3/1 1159/3/1
f 1163/1/1 1162/1/1 1161/1/1
f 1164/1/1 1162/1/1 1163/1/1
f 1169/4/1 1166/4/1 1165/4/1
f 1170/4/1 1166/4/1 1169/4/1
f 1171/4/1 1168/4/1 1167/4/1
f 1172/4/1 1168/4/1 1171/4/1
f 1173/2/1 1170/2/1 1169/2/1
f 1174/2/1 1170/2/1 1173/2/1
f 1175/2/1 1172/2/1 1171/2/1
f 1176/2/1 1172/2/1 1175/2/1
f 1177/4/1 1174/4/1 1173/4/1
f 1178/4/1 1174/4/1 1177/4/1
f 1179/4/1 1176/4/1 1175/4/1
f 1180/4/1 1176/4/1 1179/4/1
f 1181/2/1 1178/2/1 1177/2/1
f 1182/2/1 1178/2/1 1181/2/1
f 1183/2/1 1180/2/1 1179/2/1
f 1184/2/1 1180/2/1 1183/2/1
f 1185/4/1 1182/4/1 1181/4/1
f 1186/4/1 1182/4/1 1185/4/1
f 1187/4/1 1184/4/1 1183/4/1
f 1188/4/1 1184/4/1 1187/4/1
f 1189/2/1 1186/2/1 1185/2/1
f 1190/2/1 1186/2/1 1189/2/1
f 1191/2/1 1188/2/1 1187/2/1
f 1192/2/1 1188/2/1 1191/2/1
f 1193/4/1 1190/4/1 1189/4/1
f 1194/4/1 1190/4/1 1193/4/1
f 1195/4/1 1192/4/1 1191/4/1
f 1196/4/1 1192/4/1 1195/4/1
f 1197/2/1 1194/2/1 1193/2/1
f 1198/2/1 1194/2/1 1197/2/1
f 1199/2/1 1196/2/1 1195/2/1
f 1200/2/1 1196/2/1 1199/2/1
f 1201/4/1 1198/4/1 1197/4/1
f 1202/4/1 1198/4/1 1201/4/1
f 1203/4/1 1200/4/1 1199/4/1
f 1204/4/1 1200/4/1 1203/4/1
f 1205/2/1 1202/2/1 1201/2/1
f 1206/2/1 1202/2/1 1205/2/1
f 1207/2/1 1204/2/1 1203/2/1
f 1208/2/1 1204/2/1 1207/2/1
f 1209/4/1 1206/4/1 1205/4/1
f 1210/4/1 1206/4/1 1209/4/1
f 1211/4/1 1208/4/1 1207/4/1
f 1212/4/1 1208/4/1 1211/4/1
f 1213/2/1 1210/2/1 1209/2/1
f 1214/2/1 1210/2/1 1213/2/1
f 1215/2/1 1212/2/1 1211/2/1
f 1216/2/1 1212/2/1 1215/2/1
f 1217/4/1 1214/4/1 1213/4/1
f 1218/4/1 1214/4/1 1217/4/1
f 1219/4/1 1216/4/1 1215/4/1
f 1220/4/1 1216/4/1 1219/4/1
f 1223/3/1 1218/3/1 1217/3/1
f 1224/3/1 1218/3/1 1223/3/1
f 1225/3/1 1220/3/1 1219/3/1
f 1226/3/1 1220/3/1 1225/3/1
f 1227/1/1 1222/1/1 1221/1/1
f 1228/1/1 1222/1/1 1227/1/1
f 1233/3/1 1230/3/1 1229/3/1
f 1234/3/1 1232/3/1 1231/3/1
f 1235/3/1 1233/3/1 1229/3/1
f 1235/3/1 1234/3/1 1233/3/1
f 1236/3/1 1232/3/1 1234/3/1
f 1236/3/1 1234/3/1 1235/3/1
f 1237/3/1 1235/3/1 1229/3/1
f 1238/3/1 1232/3/1 1236/3/1
f 1239/3/1 1237/3/1 1229/3/1
f 1239/3/1 1238/3/1 1237/3/1
f 1240/3/1 1232/3/1 1238/3/1
f 1240/3/1 1238/3/1 1239/3/1
f 1241/3/1 1239/3/1 1229/3/1
f 1242/3/1 1232/3/1 1240/3/1
f 1243/3/1 1241/3/1 1229/3/1
f 1243/3/1 1242/3/1 1241/3/1
f 1244/3/1 1232/3/1 1242/3/1
f 1244/3/1 1242/3/1 1243/3/1
f 1245/3/1 1243/3/1 1229/3/1
f 1246/3/1 1232/3/1 1244/3/1
f 1247/3/1 1245/3/1 1229/3/1
f 1247/3/1 1246/3/1 1245/3/1
f 1248/3/1 1232/3/1 1246/3/1
f 1248/3/1 1246/3/1 1247/3/1
f 1249/3/1 1247/3/1 1229/3/1
f 1250/3/1 1232/3/1 1248/3/1
f 1251/3/1 1249/3/1 1229/3/1
f 1251/3/1 1250/3/1 1249/3/1
f 1252/3/1 1232/3/1 1250/3/1
f 1252/3/1 1250/3/1 1251/3/1
f 1253/3/1 1251/3/1 1229/3/1
f 1254/3/1 1232/3/1 1252/3/1
f 1255/3/1 1253/3/1 1229/3/1
f 1255/3/1 1254/3/1 1253/3/1
f 1256/3/1 1232/3/1 1254/3/1
f 1256/3/1 1254/3/1 1255/3/1
f 1257/3/1 1255/3/1 1229/3/1
f 1258/3/1 1232/3/1 1256/3/1
f 1259/3/1 1257/3/1 1229/3/1
f 1259/3/1 1258/3/1 1257/3/1
f 1260/3/1 1232/3/1 1258/3/1
f 1260/3/1 1258/3/1 1259/3/1
f 1261/3/1 1259/3/1 1229/3/1
f 1262/3/1 1232/3/1 1260/3/1
f 1263/3/1 1261/3/1 1229/3/1
f 1263/3/1 1262/3/1 1261/3/1
f 1264/3/1 1232/3/1 1262/3/1
f 1264/3/1 1262/3/1 1263/3/1
f 1265/3/1 1263/3/1 1229/3/1
f 1266/3/1 1232/3/1 1264/3/1
f 1267/3/1 1265/3/1 1229/3/1
f 1267/3/1 1266/3/1 1265/3/1
f 1268/3/1 1232/3/1 1266/3/1
f 1268/3/1 1266/3/1 1267/3/1
f 1269/3/1 1267/3/1 1229/3/1
f 1270/3/1 1232/3/1 1268/3/1
f 1271/3/1 1269/3/1 1229/3/1
f 1271/3/1 1270/3/1 1269/3/1
f 1272/3/1 1232/3/1 1270/3/1
f 1272/3/1 1270/3/1 1271/3/1
f 1273/3/1 1271/3/1 1229/3/1
f 1274/3/1 1232/3/1 1272/3/1
f 1275/3/1 1273/3/1 1229/3/1
f 1275/3/1 1274/3/1 1273/3/1
f 1276/3/1 1232/3/1 1274/3/1
f 1276/3/1 1274/3/1 1275/3/1
f 1277/3/1 1275/3/1 1229/3/1
f 1278/3/1 1232/3/1 1276/3/1
f 1279/3/1 1277/3/1 1229/3/1
f 1279/3/1 1278/3/1 1277/3/1
f 1280/3/1 1232/3/1 1278/3/1
f 1280/3/1 1278/3/1 1279/3/1
f 1281/3/1 1279/3/1 1229/3/1
f 1282/3/1 1232/3/1 1280/3/1
f 1283/3/1 1281/3/1 1229/3/1
f 1283/3/1 1282/3/1 1281/3/1
f 1284/3/1 1232/3/1 1282/3/1
f 1284/3/1 1282/3/1 1283/3/1
f 1285/3/1 1283/3/1 1229/3/1
f 1286/3/1 1232/3/1 1284/3/1
f 1287/3/1 1285/3/1 1229/3/1
f 1287/3/1 1286/3/1 1285/3/1
f 1288/3/1 1232/3/1 1286/3/1
f 1288/3/1 1286/3/1 1287/3/1
f 1289/3/1 1287/3/1 1229/3/1
f 1290/3/1 1232/3/1 1288/3/1
f 1291/3/1 1289/3/1 1229/3/1
f 1291/3/1 1290/3/1 1289/3/1
f 1292/3/1 1232/3/1 1290/3/1
f 1292/3/1 1290/3/1 1291/3/1
f 1293/3/1 1291/3/1 1229/3/1
f 1294/3/1 1232/3/1 1292/3/1
f 1295/3/1 1293/3/1 1229/3/1
f 1295/3/1 1294/3/1 1293/3/1
f 1296/3/1 1232/3/1 1294/3/1
f 1296/3/1 1294/3/1 1295/3/1
f 1297/3/1 1295/3/1 1229/3/1
f 1298/3/1 1232/3/1 1296/3/1
f 1299/3/1 1297/3/1 1229/3/1
f 1299/3/1 1298/3/1 1297/3/1
f 1300/3/1 1232/3/1 1298/3/1
f 1300/3/1 1298/3/1 1299/3/1
f 1301/3/1 1299/3/1 1229/3/1
f 1304/3/1 1232/3/1 1300/3/1
f 1305/3/1 1302/3/1 1301/3/1
f 1305/3/1 1301/3/1 1229/3/1
f 1306/3/1 1302/3/1 1305/3/1
f 1307/3/1 1304/3/1 1303/3/1
f 1308/3/1 1232/3/1 1304/3/1
f 1308/3/1 1304/3/1 1307/3/1
f 1309/3/1 1305/3/1 1229/3/1
f 1310/3/1 1232/3/1 1308/3/1
f 1311/3/1 1309/3/1 1229/3/1
f 1311/3/1 1310/3/1 1309/3/1
f 1312/3/1 1232/3/1 1310/3/1
f 1312/3/1 1310/3/1 1311/3/1
f 1313/3/1 1311/3/1 1229/3/1
f 1314/3/1 1232/3/1 1312/3/1
f 1315/3/1 1313/3/1 1229/3/1
f 1315/3/1 1314/3/1 1313/3/1
f 1316/3/1 1232/3/1 1314/3/1
f 1316/3/1 1314/3/1 1315/3/1
f 1317/3/1 1315/3/1 1229/3/1
f 1318/3/1 1232/3/1 1316/3/1
f 1319/3/1 1317/3/1 1229/3/1
f 1319/3/1 1318/3/1 1317/3/1
f 1320/3/1 1232/3/1 1318/3/1
f 1320/3/1 1318/3/1 1319/3/1
f 1321/3/1 1319/3/1 1229/3/1
f 1324/3/1 1232/3/1 1320/3/1
f 1325/3/1 1322/3/1 1321/3/1
f 1325/3/1 1321/3/1 1229/3/1
f 1326/3/1 1322/3/1 1325/3/1
f 1327/3/1 1324/3/1 1323/3/1
f 1328/3/1 1232/3/1 1324/3/1
f 1328/3/1 1324/3/1 1327/3/1
f 1329/3/1 1325/3/1 1229/3/1
f 1330/3/1 1232/3/1 1328/3/1
f 1331/3/1 1329/3/1 1229/3/1
f 1331/3/1 1330/3/1 1329/3/1
f 1332/3/1 1232/3/1 1330/3/1
f 1332/3/1 1330/3/1 1331/3/1
f 1333/3/1 1331/3/1 1229/3/1
f 1334/3/1 1232/3/1 1332/3/1
f 1335/3/1 1333/3/1 1229/3/1
f 1335/3/1 1334/3/1 1333/3/1
f 1336/3/1 1232/3/1 1334/3/1
f 1336/3/1 1334/3/1 1335/3/1
f 1337/3/1 1335/3/1 1229/3/1
f 1338/3/1 1232/3/1 1336/3/1
f 1339/3/1 1337/3/1 1229/3/1
f 1339/3/1 1338/3/1 1337/3/1
f 1340/3/1 1232/3/1 1338/3/1
f 1340/3/1 1338/3/1 1339/3/1
f 1341/3/1 1339/3/1 1229/3/1
f 1342/3/1 1232/3/1 1340/3/1
f 1343/3/1 1341/3/1 1229/3/1
f 1343/3/1 1342/3/1 1341/3/1
f 1344/3/1 1232/3/1 1342/3/1
f 1344/3/1 1342/3/1 1343/3/1
f 1345/3/1 1343/3/1 1229/3/1
f 1346/3/1 1232/3/1 1344/3/1
f 1347/3/1 1345/3/1 1229/3/1
f 1347/3/1 1346/3/1 1345/3/1
f 1348/3/1 1232/3/1 1346/3/1
f 1348/3/1 1346/3/1 1347/3/1
f 1349/3/1 1347/3/1 1229/3/1
f 1350/3/1 1232/3/1 1348/3/1
f 1351/3/1 1349/3/1 1229/3/1
f 1351/3/1 1350/3/1 1349/3/1
f 1352/3/1 1232/3/1 1350/3/1
f 1352/3/1 1350/3/1 1351/3/1
f 1353/3/1 1351/3/1 1229/3/1
f 1354/3/1 1232/3/1 1352/3/1
f 1355/3/1 1353/3/1 1229/3/1
f 1355/3/1 1354/3/1 1353/3/1
f 1356/3/1 1232/3/1 1354/3/1
f 1356/3/1 1354/3/1 1355/3/1
f 1357/3/1 1355/3/1 1229/3/1
f 1358/3/1 1232/3/1 1356/3/1
f 1359/3/1 1357/3/1 1229/3/1
f 1359/3/1 1358/3/1 1357/3/1
f 1360/3/1 1232/3/1 1358/3/1
f 1360/3/1 1358/3/1 1359/3/1
f 1361/3/1 1359/3/1 1229/3/1
f 1362/3/1 1232/3/1 1360/3/1
f 1363/3/1 1361/3/1 1229/3/1
f 1363/3/1 1362/3/1 1361/3/1
f 1364/3/1 1232/3/1 1362/3/1
f 1364/3/1 1362/3/1 1363/3/1
f 1365/3/1 1363/3/1 1229/3/1
f 1366/3/1 1232/3/1 1364/3/1
f 1367/3/1 1365/3/1 1229/3/1
f 1367/3/1 1366/3/1 1365/3/1
f 1368/3/1 1232/3/1 1366/3/1
f 1368/3/1 1366/3/1 1367/3/1
f 1369/3/1 1367/3/1 1229/3/1
f 1372/3/1 1232/3/1 1368/3/1
f 1373/3/1 1370/3/1 1369/3/1
f 1373/3/1 1369/3/1 1229/3/1
f 1374/3/1 1370/3/1 1373/3/1
f 1375/3/1 1372/3/1 1371/3/1
f 1376/3/1 1232/3/1 1372/3/1
f 1376/3/1 1372/3/1 1375/3/1
f 1377/3/1 1373/3/1 1229/3/1
f 1378/3/1 1232/3/1 1376/3/1
f 1379/3/1 1377/3/1 1229/3/1
f 1379/3/1 1378/3/1 1377/3/1
f 1380/3/1 1232/3/1 1378/3/1
f 1380/3/1 1378/3/1 1379/3/1
f 1381/3/1 1379/3/1 1229/3/1
f 1382/3/1 1232/3/1 1380/3/1
f 1383/3/1 1381/3/1 1229/3/1
f 1383/3/1 1382/3/1 1381/3/1
f 1384/3/1 1232/3/1 1382/3/1
f 1384/3/1 1382/3/1 1383/3/1
f 1385/3/1 1383/3/1 1229/3/1
f 1386/3/1 1232/3/1 1384/3/1
f 1387/3/1 1385/3/1 1229/3/1
f 1387/3/1 1386/3/1 1385/3/1
f 1388/3/1 1232/3/1 1386/3/1
f 1388/3/1 1386/3/1 1387/3/1
f 1389/3/1 1387/3/1 1229/3/1
f 1390/3/1 1232/3/1 1388/3/1
f 1391/3/1 1389/3/1 1229/3/1
f 1391/3/1 1390/3/1 1389/3/1
f 1392/3/1 1232/3/1 1390/3/1
f 1392/3/1 1390/3/1 1391/3/1
f 1393/3/1 1391/3/1 1229/3/1
f 1394/3/1 1232/3/1 1392/3/1
f 1395/3/1 1393/3/1 1229/3/1
f 1395/3/1 1394/3/1 1393/3/1
f 1396/3/1 1232/3/1 1394/3/1
f 1396/3/1 1394/3/1 1395/3/1
f 1397/3/1 1395/3/1 1229/3/1
f 1398/3/1 1232/3/1 1396/3/1
f 1399/3/1 1397/3/1 1229/3/1
f 1399/3/1 1398/3/1 1397/3/1
f 1400/3/1 1232/3/1 1398/3/1
f 1400/3/1 1398/3/1 1399/3/1
f 1401/3/1 1399/3/1 1229/3/1
f 1402/3/1 1232/3/1 1400/3/1
f 1403/3/1 1401/3/1 1229/3/1
f 1403/3/1 1402/3/1 1401/3/1
f 1404/3/1 1232/3/1 1402/3/1
f 1404/3/1 1402/3/1 1403/3/1
f 1405/3/1 1403/3/1 1229/3/1
f 1408/3/1 1232/3/1 1404/3/1
f 1409/3/1 1406/3/1 1405/3/1
f 1409/3/1 1405/3/1 1229/3/1
f 1410/3/1 1406/3/1 1409/3/1
f 1411/3/1 1408/3/1 1407/3/1
f 1412/3/1 1232/3/1 1408/3/1
f 1412/3/1 1408/3/1 1411/3/1
f 1413/3/1 1409/3/1 1229/3/1
f 1414/3/1 1232/3/1 1412/3/1
f 1415/3/1 1413/3/1 1229/3/1
f 1415/3/1 1414/3/1 1413/3/1
f 1416/3/1 1232/3/1 1414/3/1
f 1416/3/1 1414/3/1 1415/3/1
f 1417/3/1 1415/3/1 1229/3/1
f 1420/3/1 1232/3/1 1416/3/1
f 1421/3/1 1418/3/1 1417/3/1
f 1421/3/1 1417/3/1 1229/3/1
f 1422/3/1 1418/3/1 1421/3/1
f 1423/3/1 1420/3/1 1419/3/1
f 1424/3/1 1232/3/1 1420/3/1
f 1424/3/1 1420/3/1 1423/3/1
f 1425/3/1 1421/3/1 1229/3/1
f 1426/3/1 1232/3/1 1424/3/1
f 1427/3/1 1425/3/1 1229/3/1
f 1427/3/1 1426/3/1 1425/3/1
f 1428/3/1 1232/3/1 1426/3/1
f 1428/3/1 1426/3/1 1427/3/1
f 1429/3/1 1427/3/1 1229/3/1
f 1430/3/1 1232/3/1 1428/3/1
f 1431/3/1 1429/3/1 1229/3/1
f 1431/3/1 1430/3/1 1429/3/1
f 1432/3/1 1232/3/1 1430/3/1
f 1432/3/1 1430/3/1 1431/3/1
f 1433/3/1 1431/3/1 1229/3/1
f 1434/3/1 1232/3/1 1432/3/1
f 1435/3/1 1433/3/1 1229/3/1
f 1435/3/1 1434/3/1 1433/3/1
f 1436/3/1 1232/3/1 1434/3/1
f 1436/3/1 1434/3/1 1435/3/1
f 1437/3/1 1435/3/1 1229/3/1
f 1438/3/1 1232/3/1 1436/3/1
f 1439/3/1 1437/3/1 1229/3/1
f 1439/3/1 1438/3/1 1437/3/1
f 1440/3/1 1232/3/1 1438/3/1
f 1440/3/1 1438/3/1 1439/3/1
f 1441/3/1 1439/3/1 1229/3/1
f 1442/3/1 1232/3/1 1440/3/1
f 1443/3/1 1441/3/1 1229/3/1
f 1443/3/1 1442/3/1 1441/3/1
f 1444/3/1 1232/3/1 1442/3/1
f 1444/3/1 1442/3/1 1443/3/1
f 1445/3/1 1443/3/1 1229/3/1
f 1446/3/1 1232/3/1 1444/3/1
f 1447/3/1 1445/3/1 1229/3/1
f 1447/3/1 1446/3/1 1445/3/1
f 1448/3/1 1232/3/1 1446/3/1
f 1448/3/1 1446/3/1 1447/3/1
f 1449/3/1 1447/3/1 1229/3/1
f 1450/3/1 1232/3/1 1448/3/1
f 1451/3/1 1449/3/1 1229/3/1
f 1451/3/1 1450/3/1 1449/3/1
f 1452/3/1 1232/3/1 1450/3/1
f 1452/3/1 1450/3/1 1451/3/1
f 1453/3/1 1451/3/1 1229/3/1
f 1454/3/1 1232/3/1 1452/3/1
f 1455/3/1 1453/3/1 1229/3/1
f 1455/3/1 1454/3/1 1453/3/1
f 1456/3/1 1232/3/1 1454/3/1
f 1456/3/1 1454/3/1 1455/3/1
f 1457/3/1 1455/3/1 1229/3/1
f 1458/3/1 1232/3/1 1456/3/1
f 1459/3/1 1457/3/1 1229/3/1
f 1459/3/1 1458/3/1 1457/3/1
f 1460/3/1 1232/3/1 1458/3/1
f 1460/3/1 1458/3/1 1459/3/1
f 1461/3/1 1459/3/1 1229/3/1
f 1462/3/1 1232/3/1 1460/3/1
f 1463/3/1 1461/3/1 1229/3/1
f 1463/3/1 1462/3/1 1461/3/1
f 1464/3/1 1232/3/1 1462/3/1
f 1464/3/1 1462/3/1 1463/3/1
f 1465/3/1 1463/3/1 1229/3/1
f 1466/3/1 1463/3/1 1465/3/1
f 1467/3/1 1232/3/1 1464/3/1
f 1468/3/1 1232/3/1 1467/3/1
f 1469/5/1 1466/5/1 1465/5/1
f 1470/5/1 1466/5/1 1469/5/1
f 1471/5/1 1468/5/1 1467/5/1
f 1472/5/1 1468/5/1 1471/5/1
f 1475/4/1 1474/4/1 1473/4/1
f 1476/4/1 1474/4/1 1475/4/1
f 1479/4/1 1478/4/1 1477/4/1
f 1480/4/1 1478/4/1 1479/4/1
f 1483/4/1 1482/4/1 1481/4/1
f 1484/4/1 1482/4/1 1483/4/1
f 1487/4/1 1486/4/1 1485/4/1
f 1488/4/1 1486/4/1 1487/4/1
f 1491/2/1 1490/2/1 1489/2/1
f 1492/2/1 1490/2/1 1491/2/1
f 1495/2/1 1494/2/1 1493/2/1
f 1496/2/1 1494/2/1 1495/2/1
f 1499/2/1 1498/2/1 1497/2/1
f 1500/2/1 1498/2/1 1499/2/1
f 1503/2/1 1502/2/1 1501/2/1
f 1504/2/1 1502/2/1 1503/2/1
f 1507/4/1 1506/4/1 1505/4/1
f 1508/4/1 1506/4/1 1507/4/1
f 1511/4/1 1510/4/1 1509/4/1
f 1512/4/1 1510/4/1 1511/4/1
f 1515/4/1 1514/4/1 1513/4/1
f 1516/4/1 1514/4/1 1515/4/1
f 1519/4/1 1518/4/1 1517/4/1
f 1520/4/1 1518/4/1 1519/4/1
f 1525/2/1 1522/2/1 1521/2/1
f 1526/2/1 1522/2/1 1525/2/1
f 1529/2/1 1528/2/1 1527/2/1
f 1530/2/1 1528/2/1 1529/2/1
f 1533/2/1 1532/2/1 1531/2/1
f 1534/2/1 1532/2/1 1533/2/1
f 1537/2/1 1536/2/1 1535/2/1
f 1538/2/1 1536/2/1 1537/2/1
f 1541/2/1 1524/2/1 1523/2/1
f 1542/2/1 1524/2/1 1541/2/1
f 1543/4/1 1540/4/1 1539/4/1
f 1544/4/1 1540/4/1 1543/4/1
f 1547/4/1 1546/4/1 1545/4/1
f 1548/4/1 1546/4/1 1547/4/1
f 1549/4/1 1546/4/1 1548/4/1
f 1550/4/1 1546/4/1 1549/4/1
f 1552/4/1 1549/4/1 1548/4/1
f 1553/4/1 1549/4/1 1552/4/1
f 1555/4/1 1552/4/1 1551/4/1
f 1555/4/1 1554/4/1 1553/4/1
f 1555/4/1 1553/4/1 1552/4/1
f 1556/4/1 1554/4/1 1555/4/1
f 1559/4/1 1558/4/1 1557/4/1
f 1560/4/1 1558/4/1 1559/4/1
f 1563/4/1 1542/4/1 1541/4/1
f 1564/4/1 1542/4/1 1563/4/1
f 1565/2/1 1562/2/1 1561/2/1
f 1566/2/1 1562/2/1 1565/2/1
f 1569/2/1 1568/2/1 1567/2/1
f 1570/2/1 1568/2/1 1569/2/1
f 1571/2/1 1568/2/1 1570/2/1
f 1572/2/1 1568/2/1 1571/2/1
f 1574/2/1 1571/2/1 1570/2/1
f 1575/2/1 1571/2/1 1574/2/1
f 1577/2/1 1574/2/1 1573/2/1
f 1577/2/1 1576/2/1 1575/2/1
f 1577/2/1 1575/2/1 1574/2/1
f 1578/2/1 1576/2/1 1577/2/1
f 1581/2/1 1580/2/1 1579/2/1
f 1582/2/1 1580/2/1 1581/2/1
f 1585/2/1 1564/2/1 1563/2/1
f 1586/2/1 1564/2/1 1585/2/1
f 1587/4/1 1584/4/1 1583/4/1
f 1588/4/1 1584/4/1 1587/4/1
f 1591/4/1 1590/4/1 1589/4/1
f 1592/4/1 1590/4/1 1591/4/1
f 1595/4/1 1594/4/1 1593/4/1
f 1596/4/1 1594/4/1 1595/4/1
f 1599/4/1 1598/4/1 1597/4/1
f 1600/4/1 1598/4/1 1599/4/1
f 1603/4/1 1586/4/1 1585/4/1
f 1604/4/1 1586/4/1 1603/4/1
f 1605/2/1 1602/2/1 1601/2/1
f 1606/2/1 1602/2/1 1605/2/1
f 1609/2/1 1608/2/1 1607/2/1
f 1610/2/1 1608/2/1 1609/2/1
f 1613/2/1 1612/2/1 1611/2/1
f 1614/2/1 1612/2/1 1613/2/1
f 1617/2/1 1616/2/1 1615/2/1
f 1618/2/1 1616/2/1 1617/2/1
f 1621/2/1 1604/2/1 1603/2/1
f 1622/2/1 1604/2/1 1621/2/1
f 1623/4/1 1620/4/1 1619/4/1
f 1624/4/1 1620/4/1 1623/4/1
f 1625/4/1 1620/4/1 1624/4/1
f 1626/4/1 1620/4/1 1625/4/1
f 1628/4/1 1625/4/1 1624/4/1
f 1629/4/1 1625/4/1 1628/4/1
f 1631/4/1 1628/4/1 1627/4/1
f 1631/4/1 1630/4/1 1629/4/1
f 1631/4/1 1629/4/1 1628/4/1
f 1632/4/1 1630/4/1 1631/4/1
f 1635/4/1 1634/4/1 1633/4/1
f 1636/4/1 1634/4/1 1635/4/1
f 1639/4/1 1638/4/1 1637/4/1
f 1640/4/1 1638/4/1 1639/4/1
f 1643/4/1 1622/4/1 1621/4/1
f 1644/4/1 1622/4/1 1643/4/1
f 1645/2/1 1642/2/1 1641/2/1
f 1646/2/1 1642/2/1 1645/2/1
f 1649/2/1 1648/2/1 1647/2/1
f 1650/2/1 1648/2/1 1649/2/1
f 1653/2/1 1652/2/1 1651/2/1
f 1654/2/1 1652/2/1 1653/2/1
f 1657/2/1 1656/2/1 1655/2/1
f 1658/2/1 1656/2/1 1657/2/1
f 1661/2/1 1644/2/1 1643/2/1
f 1662/2/1 1644/2/1 1661/2/1
f 1663/4/1 1660/4/1 1659/4/1
f 1664/4/1 1660/4/1 1663/4/1
f 1665/4/1 1660/4/1 1664/4/1
f 1666/4/1 1660/4/1 1665/4/1
f 1668/4/1 1665/4/1 1664/4/1
f 1669/4/1 1665/4/1 1668/4/1
f 1671/4/1 1668/4/1 1667/4/1
f 1671/4/1 1670/4/1 1669/4/1
f 1671/4/1 1669/4/1 1668/4/1
f 1672/4/1 1670/4/1 1671/4/1
f 1675/4/1 1674/4/1 1673/4/1
f 1676/4/1 1674/4/1 1675/4/1
f 1677/4/1 1674/4/1 1676/4/1
f 1678/4/1 1674/4/1 1677/4/1
f 1680/4/1 1677/4/1 1676/4/1
f 1681/4/1 1677/4/1 1680/4/1
f 1683/4/1 1680/4/1 1679/4/1
f 1683/4/1 1682/4/1 1681/4/1
f 1683/4/1 1681/4/1 1680/4/1
f 1684/4/1 1682/4/1 1683/4/1
f 1687/4/1 1662/4/1 1661/4/1
f 1688/4/1 1662/4/1 1687/4/1
f 1689/2/1 1686/2/1 1685/2/1
f 1690/2/1 1686/2/1 1689/2/1
f 1693/2/1 1692/2/1 1691/2/1
f 1694/2/1 1692/2/1 1693/2/1
f 1697/2/1 1696/2/1 1695/2/1
f 1698/2/1 1696/2/1 1697/2/1
f 1701/2/1 1700/2/1 1699/2/1
f 1702/2/1 1700/2/1 1701/2/1
f 1705/2/1 1688/2/1 1687/2/1
f 1706/2/1 1688/2/1 1705/2/1
f 1707/4/1 1704/4/1 1703/4/1
f 1708/4/1 1704/4/1 1707/4/1
f 1711/4/1 1710/4/1 1709/4/1
f 1712/4/1 1710/4/1 1711/4/1
f 1715/4/1 1714/4/1 1713/4/1
f 1716/4/1 1714/4/1 1715/4/1
f 1719/4/1 1718/4/1 1717/4/1
f 1720/4/1 1718/4/1 1719/4/1
f 1725/4/1 1706/4/1 1705/4/1
f 1726/4/1 1706/4/1 1725/4/1
f 1727/3/1 1724/3/1 1723/3/1
f 1728/3/1 1724/3/1 1727/3/1
f 1731/3/1 1722/3/1 1721/3/1
f 1732/3/1 1722/3/1 1731/3/1
f 1733/3/1 1730/3/1 1729/3/1
f 1734/3/1 1730/3/1 1733/3/1
f 1735/3/1 1726/3/1 1725/3/1
f 1736/3/1 1726/3/1 1735/3/1
f 1741/4/1 1738/4/1 1737/4/1
f 1742/4/1 1738/4/1 1741/4/1
f 1743/4/1 1740/4/1 1739/4/1
f 1744/4/1 1740/4/1 1743/4/1
f 1745/2/1 1742/2/1 1741/2/1
f 1746/2/1 1742/2/1 1745/2/1
f 1747/2/1 1744/2/1 1743/2/1
f 1748/2/1 1744/2/1 1747/2/1
f 1749/4/1 1746/4/1 1745/4/1
f 1750/4/1 1746/4/1 1749/4/1
f 1751/4/1 1748/4/1 1747/4/1
f 1752/4/1 1748/4/1 1751/4/1
f 1753/2/1 1750/2/1 1749/2/1
f 1754/2/1 1750/2/1 1753/2/1
f 1755/4/1 1754/4/1 1753/4/1
f 1756/4/1 1754/4/1 1755/4/1
f 1757/2/1 1756/2/1 1755/2/1
f 1758/2/1 1756/2/1 1757/2/1
f 1759/4/1 1758/4/1 1757/4/1
f 1760/4/1 1758/4/1 1759/4/1
f 1761/2/1 1760/2/1 1759/2/1
f 1762/2/1 1760/2/1 1761/2/1
f 1763/4/1 1762/4/1 1761/4/1
f 1764/4/1 1762/4/1 1763/4/1
f 1765/2/1 1764/2/1 1763/2/1
f 1766/2/1 1764/2/1 1765/2/1
f 1767/4/1 1766/4/1 1765/4/1
f 1768/4/1 1766/4/1 1767/4/1
f 1769/2/1 1768/2/1 1767/2/1
f 1770/2/1 1768/2/1 1769/2/1
f 1771/4/1 1770/4/1 1769/4/1
f 1772/4/1 1770/4/1 1771/4/1
f 1777/1/1 1774/1/1 1773/1/1
f 1778/1/1 1774/1/1 1777/1/1
f 1779/1/1 1776/1/1 1775/1/1
f 1780/1/1 1776/1/1 1779/1/1
f 1785/1/1 1782/1/1 1781/1/1
f 1786/1/1 1782/1/1 1785/1/1
f 1787/1/1 1784/1/1 1783/1/1
f 1788/1/1 1784/1/1 1787/1/1
f 1793/1/1 1790/1/1 1789/1/1
f 1794/1/1 1790/1/1 1793/1/1
f 1795/1/1 1792/1/1 1791/1/1
f 1796/1/1 1792/1/1 1795/1/1
f 1801/1/1 1798/1/1 1797/1/1
f 1802/1/1 1798/1/1 1801/1/1
f 1803/1/1 1800/1/1 1799/1/1
f 1804/1/1 1800/1/1 1803/1/1
f 1809/1/1 1806/1/1 1805/1/1
f 1810/1/1 1806/1/1 1809/1/1
f 1811/1/1 1808/1/1 1807/1/1
f 1812/1/1 1808/1/1 1811/1/1
f 1815/1/1 1814/1/1 1813/1/1
f 1816/1/1 1814/1/1 1815/1/1
f 1817/1/2 1818/1/2 1819/1/2
f 1819/1/2 1818/1/2 1820/1/2
f 1821/1/2 1822/1/2 1825/1/2
f 1825/1/2 1822/1/2 1826/1/2
f 1823/1/2 1824/1/2 1827/1/2
f 1827/1/2 1824/1/2 1828/1/2
f 1829/1/2 1830/1/2 1833/1/2
f 1833/1/2 1830/1/2 1834/1/2
f 1831/1/2 1832/1/2 1835/1/2
f 1835/1/2 1832/1/2 1836/1/2
f 1837/1/2 1838/1/2 1841/1/2
f 1841/1/2 1838/1/2 1842/1/2
f 1839/1/2 1840/1/2 1843/1/2
f 1843/1/2 1840/1/2 1844/1/2
f 1845/1/2 1846/1/2 1847/1/2
f 1847/1/2 1846/1/2 1848/1/2
f 1849/1/2 1850/1/2 1851/1/2
f 1851/1/2 1850/1/2 1852/1/2
f 1853/1/2 1854/1/2 1855/1/2
f 1855/1/2 1854/1/2 1856/1/2
f 1857/1/2 1858/1/2 1859/1/2
f 1859/1/2 1858/1/2 1860/1/2
f 1861/4/2 1862/4/2 1863/4/2
f 1863/4/2 1862/4/2 1864/4/2
f 1863/2/2 1864/2/2 1865/2/2
f 1865/2/2 1864/2/2 1866/2/2
f 1865/4/2 1866/4/2 1867/4/2
f 1867/4/2 1866/4/2 1868/4/2
f 1867/2/2 1868/2/2 1869/2/2
f 1869/2/2 1868/2/2 1870/2/2
f 1869/4/2 1870/4/2 1871/4/2
f 1871/4/2 1870/4/2 1872/4/2
f 1871/2/2 1872/2/2 1873/2/2
f 1873/2/2 1872/2/2 1874/2/2
f 1873/4/2 1874/4/2 1875/4/2
f 1875/4/2 1874/4/2 1876/4/2
f 1875/2/2 1876/2/2 1877/2/2
f 1877/2/2 1876/2/2 1878/2/2
f 1877/4/2 1878/4/2 1879/4/2
f 1879/4/2 1878/4/2 1880/4/2
f 1879/2/2 1880/2/2 1881/2/2
f 1881/2/2 1880/2/2 1882/2/2
f 1881/4/2 1882/4/2 1883/4/2
f 1883/4/2 1882/4/2 1884/4/2
f 1883/3/2 1884/3/2 1885/3/2
f 1885/3/2 1884/3/2 1886/3/2
f 1887/4/2 1888/4/2 1891/4/2
f 1891/4/2 1888/4/2 1892/4/2
f 1889/4/2 1890/4/2 1893/4/2
f 1893/4/2 1890/4/2 1894/4/2
f 1891/2/2 1892/2/2 1895/2/2
f 1895/2/2 1892/2/2 1896/2/2
f 1893/2/2 1894/2/2 1897/2/2
f 1897/2/2 1894/2/2 1898/2/2
f 1895/4/2 1896/4/2 1899/4/2
f 1899/4/2 1896/4/2 1900/4/2
f 1897/4/2 1898/4/2 1901/4/2
f 1901/4/2 1898/4/2 1902/4/2
f 1899/2/2 1900/2/2 1903/2/2
f 1903/2/2 1900/2/2 1904/2/2
f 1901/2/2 1902/2/2 1905/2/2
f 1905/2/2 1902/2/2 1906/2/2
f 1903/4/2 1904/4/2 1907/4/2
f 1907/4/2 1904/4/2 1908/4/2
f 1905/4/2 1906/4/2 1909/4/2
f 1909/4/2 1906/4/2 1910/4/2
f 1907/2/2 1908/2/2 1911/2/2
f 1911/2/2 1908/2/2 1912/2/2
f 1909/2/2 1910/2/2 1913/2/2
f 1913/2/2 1910/2/2 1914/2/2
f 1911/4/2 1912/4/2 1915/4/2
f 1915/4/2 1912/4/2 1916/4/2
f 1913/4/2 1914/4/2 1917/4/2
f 1917/4/2 1914/4/2 1918/4/2
f 1915/2/2 1916/2/2 1919/2/2
f 1919/2/2 1916/2/2 1920/2/2
f 1917/2/2 1918/2/2 1921/2/2
f 1921/2/2 1918/2/2 1922/2/2
f 1919/4/2 1920/4/2 1923/4/2
f 1923/4/2 1920/4/2 1924/4/2
f 1921/4/2 1922/4/2 1925/4/2
f 1925/4/2 1922/4/2 1926/4/2
f 1923/2/2 1924/2/2 1927/2/2
f 1927/2/2 1924/2/2 1928/2/2
f 1925/2/2 1926/2/2 1929/2/2
f 1929/2/2 1926/2/2 1930/2/2
f 1927/4/2 1928/4/2 1931/4/2
f 1931/4/2 1928/4/2 1932/4/2
f 1929/4/2 1930/4/2 1933/4/2
f 1933/4/2 1930/4/2 1934/4/2
f 1931/2/2 1932/2/2 1935/2/2
f 1935/2/2 1932/2/2 1936/2/2
f 1933/2/2 1934/2/2 1937/2/2
f 1937/2/2 1934/2/2 1938/2/2
f 1935/4/2 1936/4/2 1939/4/2
f 1939/4/2 1936/4/2 1940/4/2
f 1937/4/2 1938/4/2 1941/4/2
f 1941/4/2 1938/4/2 1942/4/2
f 1939/3/2 1940/3/2 1943/3/2
f 1943/3/2 1940/3/2 1944/3/2
f 1941/3/2 1942/3/2 1945/3/2
f 1945/3/2 1942/3/2 1946/3/2
f 1947/1/2 1948/1/2 1951/1/2
f 1951/1/2 1948/1/2 1952/1/2
f 1949/1/2 1950/1/2 1953/1/2
f 1953/1/2 1950/1/2 1954/1/2
f 1955/4/2 1956/4/2 1959/4/2
f 1959/4/2 1956/4/2 1960/4/2
f 1957/4/2 1958/4/2 1961/4/2
f 1961/4/2 1958/4/2 1962/4/2
f 1959/2/2 1960/2/2 1963/2/2
f 1963/2/2 1960/2/2 1964/2/2
f 1961/2/2 1962/2/2 1965/2/2
f 1965/2/2 1962/2/2 1966/2/2
f 1963/4/2 1964/4/2 1967/4/2
f 1967/4/2 1964/4/2 1968/4/2
f 1965/4/2 1966/4/2 1969/4/2
f 1969/4/2 1966/4/2 1970/4/2
f 1967/2/2 1968/2/2 1971/2/2
f 1971/2/2 1968/2/2 1972/2/2
f 1969/2/2 1970/2/2 1973/2/2
f 1973/2/2 1970/2/2 1974/2/2
f 1971/4/2 1972/4/2 1975/4/2
f 1975/4/2 1972/4/2 1976/4/2
f 1973/4/2 1974/4/2 1977/4/2
f 1977/4/2 1974/4/2 1978/4/2
f 1975/2/2 1976/2/2 1979/2/2
f 1979/2/2 1976/2/2 1980/2/2
f 1977/2/2 1978/2/2 1981/2/2
f 1981/2/2 1978/2/2 1982/2/2
f 1979/4/2 1980/4/2 1983/4/2
f 1983/4/2 1980/4/2 1984/4/2
f 1981/4/2 1982/4/2 1985/4/2
f 1985/4/2 1982/4/2 1986/4/2
f 1983/2/2 1984/2/2 1987/2/2
f 1987/2/2 1984/2/2 1988/2/2
f 1985/2/2 1986/2/2 1989/2/2
f 1989/2/2 1986/2/2 1990/2/2
f 1987/4/2 1988/4/2 1991/4/2
f 1991/4/2 1988/4/2 1992/4/2
f 1989/4/2 1990/4/2 1993/4/2
f 1993/4/2 1990/4/2 1994/4/2
f 1991/2/2 1992/2/2 1995/2/2
f 1995/2/2 1992/2/2 1996/2/2
f 1993/2/2 1994/2/2 1997/2/2
f 1997/2/2 1994/2/2 1998/2/2
f 1995/4/2 1996/4/2 1999/4/2
f 1999/4/2 1996/4/2 2000/4/2
f 1997/4/2 1998/4/2 2001/4/2
f 2001/4/2 1998/4/2 2002/4/2
f 1999/2/2 2000/2/2 2003/2/2
f 2003/2/2 2000/2/2 2004/2/2
f 2001/2/2 2002/2/2 2005/2/2
f 2005/2/2 2002/2/2 2006/2/2
f 2003/4/2 2004/4/2 2007/4/2
f 2007/4/2 2004/4/2 2008/4/2
f 2005/4/2 2006/4/2 2009/4/2
f 2009/4/2 2006/4/2 2010/4/2
f 2007/3/2 2008/3/2 2011/3/2
f 2011/3/2 2008/3/2 2012/3/2
f 2009/3/2 2010/3/2 2013/3/2
f 2013/3/2 2010/3/2 2014/3/2
f 2015/4/2 2016/4/2 2019/4/2
f 2019/4/2 2016/4/2 2020/4/2
f 2017/4/2 2018/4/2 2021/4/2
f 2021/4/2 2018/4/2 2022/4/2
f 2019/2/2 2020/2/2 2023/2/2
f 2023/2/2 2020/2/2 2024/2/2
f 2021/2/2 2022/2/2 2025/2/2
f 2025/2/2 2022/2/2 2026/2/2
f 2023/4/2 2024/4/2 2027/4/2
f 2027/4/2 2024/4/2 2028/4/2
f 2025/4/2 2026/4/2 2029/4/2
f 2029/4/2 2026/4/2 2030/4/2
f 2027/2/2 2028/2/2 2031/2/2
f 2031/2/2 2028/2/2 2032/2/2
f 2029/2/2 2030/2/2 2033/2/2
f 2033/2/2 2030/2/2 2034/2/2
f 2031/4/2 2032/4/2 2035/4/2
f 2035/4/2 2032/4/2 2036/4/2
f 2033/4/2 2034/4/2 2037/4/2
f 2037/4/2 2034/4/2 2038/4/2
f 2035/2/2 2036/2/2 2039/2/2
f 2039/2/2 2036/2/2 2040/2/2
f 2037/2/2 2038/2/2 2041/2/2
f 2041/2/2 2038/2/2 2042/2/2
f 2039/4/2 2040/4/2 2043/4/2
f 2043/4/2 2040/4/2 2044/4/2
f 2041/4/2 2042/4/2 2045/4/2
f 2045/4/2 2042/4/2 2046/4/2
f 2043/2/2 2044/2/2 2047/2/2
f 2047/2/2 2044/2/2 2048/2/2
f 2045/2/2 2046/2/2 2049/2/2
f 2049/2/2 2046/2/2 2050/2/2
f 2047/4/2 2048/4/2 2051/4/2
f 2051/4/2 2048/4/2 2052/4/2
f 2049/4/2 2050/4/2 2053/4/2
f 2053/4/2 2050/4/2 2054/4/2
f 2051/2/2 2052/2/2 2055/2/2
f 2055/2/2 2052/2/2 2056/2/2
f 2053/2/2 2054/2/2 2057/2/2
f 2057/2/2 2054/2/2 2058/2/2
f 2055/4/2 2056/4/2 2059/4/2
f 2059/4/2 2056/4/2 2060/4/2
f 2057/4/2 2058/4/2 2061/4/2
f 2061/4/2 2058/4/2 2062/4/2
f 2059/2/2 2060/2/2 2063/2/2
f 2063/2/2 2060/2/2 2064/2/2
f 2061/2/2 2062/2/2 2065/2/2
f 2065/2/2 2062/2/2 2066/2/2
f 2063/4/2 2064/4/2 2067/4/2
f 2067/4/2 2064/4/2 2068/4/2
f 2065/4/2 2066/4/2 2069/4/2
f 2069/4/2 2066/4/2 2070/4/2
f 2067/3/2 2068/3/2 2071/3/2
f 2071/3/2 2068/3/2 2072/3/2
f 2069/3/2 2070/3/2 2073/3/2
f 2073/3/2 2070/3/2 2074/3/2
f 2075/1/2 2076/1/2 2077/1/2
f 2077/1/2 2076/1/2 2078/1/2
f 2079/1/2 2080/1/2 2081/1/2
f 2081/1/2 2080/1/2 2082/1/2
f 2083/4/2 2084/4/2 2087/4/2
f 2087/4/2 2084/4/2 2088/4/2
f 2085/4/2 2086/4/2 2089/4/2
f 2089/4/2 2086/4/2 2090/4/2
f 2087/2/2 2088/2/2 2091/2/2
f 2091/2/2 2088/2/2 2092/2/2
f 2089/2/2 2090/2/2 2093/2/2
f 2093/2/2 2090/2/2 2094/2/2
f 2091/4/2 2092/4/2 2095/4/2
f 2095/4/2 2092/4/2 2096/4/2
f 2093/4/2 2094/4/2 2097/4/2
f 2097/4/2 2094/4/2 2098/4/2
f 2095/2/2 2096/2/2 2099/2/2
f 2099/2/2 2096/2/2 2100/2/2
f 2097/2/2 2098/2/2 2101/2/2
f 2101/2/2 2098/2/2 2102/2/2
f 2099/4/2 2100/4/2 2103/4/2
f 2103/4/2 2100/4/2 2104/4/2
f 2101/4/2 2102/4/2 2105/4/2
f 2105/4/2 2102/4/2 2106/4/2
f 2103/2/2 2104/2/2 2107/2/2
f 2107/2/2 2104/2/2 2108/2/2
f 2105/2/2 2106/2/2 2109/2/2
f 2109/2/2 2106/2/2 2110/2/2
f 2107/4/2 2108/4/2 2111/4/2
f 2111/4/2 2108/4/2 2112/4/2
f 2109/4/2 2110/4/2 2113/4/2
f 2113/4/2 2110/4/2 2114/4/2
f 2111/2/2 2112/2/2 2115/2/2
f 2115/2/2 2112/2/2 2116/2/2
f 2113/2/2 2114/2/2 2117/2/2
f 2117/2/2 2114/2/2 2118/2/2
f 2115/4/2 2116/4/2 2119/4/2
f 2119/4/2 2116/4/2 2120/4/2
f 2117/4/2 2118/4/2 2121/4/2
f 2121/4/2 2118/4/2 2122/4/2
f 2119/2/2 2120/2/2 2123/2/2
f 2123/2/2 2120/2/2 2124/2/2
f 2121/2/2 2122/2/2 2125/2/2
f 2125/2/2 2122/2/2 2126/2/2
f 2123/4/2 2124/4/2 2127/4/2
f 2127/4/2 2124/4/2 2128/4/2
f 2125/4/2 2126/4/2 2129/4/2
f 2129/4/2 2126/4/2 2130/4/2
f 2127/2/2 2128/2/2 2131/2/2
f 2131/2/2 2128/2/2 2132/2/2
f 2129/2/2 2130/2/2 2133/2/2
f 2133/2/2 2130/2/2 2134/2/2
f 2131/4/2 2132/4/2 2135/4/2
f 2135/4/2 2132/4/2 2136/4/2
f 2133/4/2 2134/4/2 2137/4/2
f 2137/4/2 2134/4/2 2138/4/2
f 2135/3/2 2136/3/2 2139/3/2
f 2139/3/2 2136/3/2 2140/3/2
f 2137/3/2 2138/3/2 2141/3/2
f 2141/3/2 2138/3/2 2142/3/2
f 2143/1/2 2144/1/2 2147/1/2
f 2147/1/2 2144/1/2 2148/1/2
f 2145/1/2 2146/1/2 2149/1/2
f 2149/1/2 2146/1/2 2150/1/2
f 2151/1/2 2152/1/2 2155/1/2
f 2155/1/2 2152/1/2 2156/1/2
f 2153/1/2 2154/1/2 2157/1/2
f 2157/1/2 2154/1/2 2158/1/2
f 2159/2/2 2160/2/2 2163/2/2
f 2163/2/2 2160/2/2 2164/2/2
f 2161/2/2 2162/2/2 2167/2/2
f 2167/2/2 2162/2/2 2168/2/2
f 2164/4/2 2165/4/2 2169/4/2
f 2169/4/2 2165/4/2 2170/4/2
f 2166/4/2 2167/4/2 2173/4/2
f 2173/4/2 2167/4/2 2174/4/2
f 2170/2/2 2171/2/2 2175/2/2
f 2175/2/2 2171/2/2 2176/2/2
f 2172/2/2 2173/2/2 2177/2/2
f 2177/2/2 2173/2/2 2178/2/2
f 2175/4/2 2176/4/2 2179/4/2
f 2179/4/2 2176/4/2 2180/4/2
f 2177/4/2 2178/4/2 2183/4/2
f 2183/4/2 2178/4/2 2184/4/2
f 2180/2/2 2181/2/2 2185/2/2
f 2185/2/2 2181/2/2 2186/2/2
f 2182/2/2 2183/2/2 2189/2/2
f 2189/2/2 2183/2/2 2190/2/2
f 2186/4/2 2187/4/2 2191/4/2
f 2191/4/2 2187/4/2 2192/4/2
f 2188/4/2 2189/4/2 2193/4/2
f 2193/4/2 2189/4/2 2194/4/2
f 2191/2/2 2192/2/2 2195/2/2
f 2195/2/2 2192/2/2 2196/2/2
f 2193/2/2 2194/2/2 2197/2/2
f 2197/2/2 2194/2/2 2198/2/2
f 2195/4/2 2196/4/2 2199/4/2
f 2199/4/2 2196/4/2 2200/4/2
f 2197/4/2 2198/4/2 2201/4/2
f 2201/4/2 2198/4/2 2202/4/2
f 2199/2/2 2200/2/2 2203/2/2
f 2203/2/2 2200/2/2 2204/2/2
f 2201/2/2 2202/2/2 2205/2/2
f 2205/2/2 2202/2/2 2206/2/2
f 2203/4/2 2204/4/2 2207/4/2
f 2207/4/2 2204/4/2 2208/4/2
f 2205/4/2 2206/4/2 2209/4/2
f 2209/4/2 2206/4/2 2210/4/2
f 2207/2/2 2208/2/2 2211/2/2
f 2211/2/2 2208/2/2 2212/2/2
f 2209/2/2 2210/2/2 2213/2/2
f 2213/2/2 2210/2/2 2214/2/2
f 2211/4/2 2212/4/2 2215/4/2
f 2215/4/2 2212/4/2 2216/4/2
f 2213/4/2 2214/4/2 2217/4/2
f 2217/4/2 2214/4/2 2218/4/2
f 2215/2/2 2216/2/2 2219/2/2
f 2219/2/2 2216/2/2 2220/2/2
f 2217/2/2 2218/2/2 2221/2/2
f 2221/2/2 2218/2/2 2222/2/2
f 2219/4/2 2220/4/2 2225/4/2
f 2225/4/2 2220/4/2 2226/4/2
f 2221/4/2 2222/4/2 2227/4/2
f 2227/4/2 2222/4/2 2228/4/2
f 2223/3/2 2224/3/2 2231/3/2
f 2231/3/2 2224/3/2 2232/3/2
f 2229/3/2 2230/3/2 2233/3/2
f 2233/3/2 2230/3/2 2234/3/2
f 2231/1/2 2232/1/2 2235/1/2
f 2235/1/2 2232/1/2 2236/1/2
f 2236/1/2 2232/1/2 2237/1/2
f 2233/1/2 2234/1/2 2238/1/2
f 2238/1/2 2234/1/2 2239/1/2
f 2239/1/2 2234/1/2 2240/1/2
f 2241/1/2 2242/1/2 2245/1/2
f 2245/1/2 2242/1/2 2246/1/2
f 2243/1/2 2244/1/2 2247/1/2
f 2247/1/2 2244/1/2 2248/1/2
f 2249/1/2 2250/1/2 2253/1/2
f 2253/1/2 2250/1/2 2254/1/2
f 2251/1/2 2252/1/2 2255/1/2
f 2255/1/2 2252/1/2 2256/1/2
f 2257/2/2 2258/2/2 2261/2/2
f 2261/2/2 2258/2/2 2262/2/2
f 2259/2/2 2260/2/2 2263/2/2
f 2263/2/2 2260/2/2 2264/2/2
f 2261/4/2 2262/4/2 2265/4/2
f 2265/4/2 2262/4/2 2266/4/2
f 2263/4/2 2264/4/2 2269/4/2
f 2269/4/2 2264/4/2 2270/4/2
f 2266/2/2 2267/2/2 2271/2/2
f 2271/2/2 2267/2/2 2272/2/2
f 2268/2/2 2269/2/2 2275/2/2
f 2275/2/2 2269/2/2 2276/2/2
f 2272/4/2 2273/4/2 2277/4/2
f 2277/4/2 2273/4/2 2278/4/2
f 2274/4/2 2275/4/2 2279/4/2
f 2279/4/2 2275/4/2 2280/4/2
f 2277/2/2 2278/2/2 2281/2/2
f 2281/2/2 2278/2/2 2282/2/2
f 2279/2/2 2280/2/2 2283/2/2
f 2283/2/2 2280/2/2 2284/2/2
f 2281/4/2 2282/4/2 2285/4/2
f 2285/4/2 2282/4/2 2286/4/2
f 2283/4/2 2284/4/2 2287/4/2
f 2287/4/2 2284/4/2 2288/4/2
f 2285/2/2 2286/2/2 2289/2/2
f 2289/2/2 2286/2/2 2290/2/2
f 2287/2/2 2288/2/2 2291/2/2
f 2291/2/2 2288/2/2 2292/2/2
f 2289/4/2 2290/4/2 2293/4/2
f 2293/4/2 2290/4/2 2294/4/2
f 2291/4/2 2292/4/2 2295/4/2
f 2295/4/2 2292/4/2 2296/4/2
f 2293/2/2 2294/2/2 2297/2/2
f 2297/2/2 2294/2/2 2298/2/2
f 2295/2/2 2296/2/2 2299/2/2
f 2299/2/2 2296/2/2 2300/2/2
f 2297/4/2 2298/4/2 2301/4/2
f 2301/4/2 2298/4/2 2302/4/2
f 2299/4/2 2300/4/2 2303/4/2
f 2303/4/2 2300/4/2 2304/4/2
f 2301/2/2 2302/2/2 2305/2/2
f 2305/2/2 2302/2/2 2306/2/2
f 2303/2/2 2304/2/2 2307/2/2
f 2307/2/2 2304/2/2 2308/2/2
f 2305/4/2 2306/4/2 2309/4/2
f 2309/4/2 2306/4/2 2310/4/2
f 2307/4/2 2308/4/2 2311/4/2
f 2311/4/2 2308/4/2 2312/4/2
f 2313/1/2 2314/1/2 2317/1/2
f 2317/1/2 2314/1/2 2318/1/2
f 2315/1/2 2316/1/2 2319/1/2
f 2319/1/2 2316/1/2 2320/1/2
f 2321/1/2 2322/1/2 2325/1/2
f 2325/1/2 2322/1/2 2326/1/2
f 2323/1/2 2324/1/2 2327/1/2
f 2327/1/2 2324/1/2 2328/1/2
f 2329/2/2 2330/2/2 2333/2/2
f 2333/2/2 2330/2/2 2334/2/2
f 2331/2/2 2332/2/2 2337/2/2
f 2337/2/2 2332/2/2 2338/2/2
f 2334/4/2 2335/4/2 2339/4/2
f 2339/4/2 2335/4/2 2340/4/2
f 2336/4/2 2337/4/2 2341/4/2
f 2341/4/2 2337/4/2 2342/4/2
f 2343/4/2 2344/4/2 2347/4/2
f 2347/4/2 2344/4/2 2348/4/2
f 2345/4/2 2346/4/2 2349/4/2
f 2349/4/2 2346/4/2 2350/4/2
f 2347/2/2 2348/2/2 2351/2/2
f 2351/2/2 2348/2/2 2352/2/2
f 2349/2/2 2350/2/2 2353/2/2
f 2353/2/2 2350/2/2 2354/2/2
f 2351/4/2 2352/4/2 2355/4/2
f 2355/4/2 2352/4/2 2356/4/2
f 2353/4/2 2354/4/2 2357/4/2
f 2357/4/2 2354/4/2 2358/4/2
f 2355/2/2 2356/2/2 2359/2/2
f 2359/2/2 2356/2/2 2360/2/2
f 2357/2/2 2358/2/2 2361/2/2
f 2361/2/2 2358/2/2 2362/2/2
f 2359/4/2 2360/4/2 2363/4/2
f 2363/4/2 2360/4/2 2364/4/2
f 2361/4/2 2362/4/2 2365/4/2
f 2365/4/2 2362/4/2 2366/4/2
f 2363/2/2 2364/2/2 2367/2/2
f 2367/2/2 2364/2/2 2368/2/2
f 2365/2/2 2366/2/2 2369/2/2
f 2369/2/2 2366/2/2 2370/2/2
f 2367/4/2 2368/4/2 2371/4/2
f 2371/4/2 2368/4/2 2372/4/2
f 2369/4/2 2370/4/2 2373/4/2
f 2373/4/2 2370/4/2 2374/4/2
f 2371/2/2 2372/2/2 2375/2/2
f 2375/2/2 2372/2/2 2376/2/2
f 2373/2/2 2374/2/2 2377/2/2
f 2377/2/2 2374/2/2 2378/2/2
f 2375/4/2 2376/4/2 2381/4/2
f 2381/4/2 2376/4/2 2382/4/2
f 2377/4/2 2378/4/2 2383/4/2
f 2383/4/2 2378/4/2 2384/4/2
f 2379/3/2 2380/3/2 2387/3/2
f 2387/3/2 2380/3/2 2388/3/2
f 2385/3/2 2386/3/2 2389/3/2
f 2389/3/2 2386/3/2 2390/3/2
f 2387/1/2 2388/1/2 2391/1/2
f 2391/1/2 2388/1/2 2392/1/2
f 2392/1/2 2388/1/2 2393/1/2
f 2393/1/2 2388/1/2 2394/1/2
f 2389/1/2 2390/1/2 2395/1/2
f 2395/1/2 2390/1/2 2396/1/2
f 2396/1/2 2390/1/2 2397/1/2
f 2397/1/2 2390/1/2 2398/1/2
f 2392/1/2 2393/1/2 2399/1/2
f 2399/1/2 2393/1/2 2400/1/2
f 2396/1/2 2397/1/2 2401/1/2
f 2401/1/2 2397/1/2 2402/1/2
f 2403/1/2 2404/1/2 2407/1/2
f 2407/1/2 2404/1/2 2408/1/2
f 2405/1/2 2406/1/2 2409/1/2
f 2409/1/2 2406/1/2 2410/1/2
f 2411/4/2 2412/4/2 2415/4/2
f 2415/4/2 2412/4/2 2416/4/2
f 2413/4/2 2414/4/2 2419/4/2
f 2419/4/2 2414/4/2 2420/4/2
f 2416/2/2 2417/2/2 2421/2/2
f 2421/2/2 2417/2/2 2422/2/2
f 2418/2/2 2419/2/2 2423/2/2
f 2423/2/2 2419/2/2 2424/2/2
f 2421/4/2 2422/4/2 2425/4/2
f 2425/4/2 2422/4/2 2426/4/2
f 2423/4/2 2424/4/2 2429/4/2
f 2429/4/2 2424/4/2 2430/4/2
f 2426/2/2 2427/2/2 2431/2/2
f 2431/2/2 2427/2/2 2432/2/2
f 2428/2/2 2429/2/2 2437/2/2
f 2437/2/2 2429/2/2 2438/2/2
f 2433/4/2 2434/4/2 2439/4/2
f 2439/4/2 2434/4/2 2440/4/2
f 2435/4/2 2436/4/2 2441/4/2
f 2441/4/2 2436/4/2 2442/4/2
f 2439/2/2 2440/2/2 2443/2/2
f 2443/2/2 2440/2/2 2444/2/2
f 2441/2/2 2442/2/2 2445/2/2
f 2445/2/2 2442/2/2 2446/2/2
f 2443/4/2 2444/4/2 2447/4/2
f 2447/4/2 2444/4/2 2448/4/2
f 2445/4/2 2446/4/2 2449/4/2
f 2449/4/2 2446/4/2 2450/4/2
f 2447/2/2 2448/2/2 2451/2/2
f 2451/2/2 2448/2/2 2452/2/2
f 2449/2/2 2450/2/2 2453/2/2
f 2453/2/2 2450/2/2 2454/2/2
f 2451/4/2 2452/4/2 2455/4/2
f 2455/4/2 2452/4/2 2456/4/2
f 2453/4/2 2454/4/2 2457/4/2
f 2457/4/2 2454/4/2 2458/4/2
f 2455/2/2 2456/2/2 2459/2/2
f 2459/2/2 2456/2/2 2460/2/2
f 2457/2/2 2458/2/2 2461/2/2
f 2461/2/2 2458/2/2 2462/2/2
f 2459/4/2 2460/4/2 2463/4/2
f 2463/4/2 2460/4/2 2464/4/2
f 2461/4/2 2462/4/2 2465/4/2
f 2465/4/2 2462/4/2 2466/4/2
f 2463/2/2 2464/2/2 2467/2/2
f 2467/2/2 2464/2/2 2468/2/2
f 2465/2/2 2466/2/2 2469/2/2
f 2469/2/2 2466/2/2 2470/2/2
f 2467/4/2 2468/4/2 2471/4/2
f 2471/4/2 2468/4/2 2472/4/2
f 2469/4/2 2470/4/2 2473/4/2
f 2473/4/2 2470/4/2 2474/4/2
f 2475/3/2 2476/3/2 2479/3/2
f 2479/3/2 2476/3/2 2480/3/2
f 2477/3/2 2478/3/2 2481/3/2
f 2481/3/2 2478/3/2 2482/3/2
f 2483/1/2 2484/1/2 2487/1/2
f 2487/1/2 2484/1/2 2488/1/2
f 2485/1/2 2486/1/2 2489/1/2
f 2489/1/2 2486/1/2 2490/1/2
f 2491/5/2 2492/5/2 2495/5/2
f 2495/5/2 2492/5/2 2496/5/2
f 2493/5/2 2494/5/2 2497/5/2
f 2497/5/2 2494/5/2 2498/5/2
f 2499/1/2 2500/1/2 2503/1/2
f 2503/1/2 2500/1/2 2504/1/2
f 2501/1/2 2502/1/2 2505/1/2
f 2505/1/2 2502/1/2 2506/1/2
f 2507/1/2 2508/1/2 2511/1/2
f 2511/1/2 2508/1/2 2512/1/2
f 2509/1/2 2510/1/2 2513/1/2
f 2513/1/2 2510/1/2 2514/1/2
f 2515/2/2 2516/2/2 2519/2/2
f 2519/2/2 2516/2/2 2520/2/2
f 2517/2/2 2518/2/2 2521/2/2
f 2521/2/2 2518/2/2 2522/2/2
f 2523/2/2 2524/2/2 2527/2/2
f 2527/2/2 2524/2/2 2528/2/2
f 2525/2/2 2526/2/2 2529/2/2
f 2529/2/2 2526/2/2 2530/2/2
f 2527/4/2 2528/4/2 2531/4/2
f 2531/4/2 2528/4/2 2532/4/2
f 2529/4/2 2530/4/2 2535/4/2
f 2535/4/2 2530/4/2 2536/4/2
f 2532/2/2 2533/2/2 2537/2/2
f 2537/2/2 2533/2/2 2538/2/2
f 2534/2/2 2535/2/2 2543/2/2
f 2543/2/2 2535/2/2 2544/2/2
f 2539/4/2 2540/4/2 2545/4/2
f 2545/4/2 2540/4/2 2546/4/2
f 2541/4/2 2542/4/2 2547/4/2
f 2547/4/2 2542/4/2 2548/4/2
f 2545/2/2 2546/2/2 2549/2/2
f 2549/2/2 2546/2/2 2550/2/2
f 2547/2/2 2548/2/2 2551/2/2
f 2551/2/2 2548/2/2 2552/2/2
f 2549/4/2 2550/4/2 2553/4/2
f 2553/4/2 2550/4/2 2554/4/2
f 2551/4/2 2552/4/2 2555/4/2
f 2555/4/2 2552/4/2 2556/4/2
f 2553/2/2 2554/2/2 2557/2/2
f 2557/2/2 2554/2/2 2558/2/2
f 2555/2/2 2556/2/2 2559/2/2
f 2559/2/2 2556/2/2 2560/2/2
f 2557/4/2 2558/4/2 2561/4/2
f 2561/4/2 2558/4/2 2562/4/2
f 2559/4/2 2560/4/2 2563/4/2
f 2563/4/2 2560/4/2 2564/4/2
f 2561/2/2 2562/2/2 2565/2/2
f 2565/2/2 2562/2/2 2566/2/2
f 2563/2/2 2564/2/2 2567/2/2
f 2567/2/2 2564/2/2 2568/2/2
f 2565/4/2 2566/4/2 2569/4/2
f 2569/4/2 2566/4/2 2570/4/2
f 2567/4/2 2568/4/2 2571/4/2
f 2571/4/2 2568/4/2 2572/4/2
f 2569/2/2 2570/2/2 2573/2/2
f 2573/2/2 2570/2/2 2574/2/2
f 2571/2/2 2572/2/2 2575/2/2
f 2575/2/2 2572/2/2 2576/2/2
f 2573/4/2 2574/4/2 2579/4/2
f 2579/4/2 2574/4/2 2580/4/2
f 2575/4/2 2576/4/2 2581/4/2
f 2581/4/2 2576/4/2 2582/4/2
f 2577/3/2 2578/3/2 2585/3/2
f 2585/3/2 2578/3/2 2586/3/2
f 2583/3/2 2584/3/2 2587/3/2
f 2587/3/2 2584/3/2 2588/3/2
f 2585/1/2 2586/1/2 2589/1/2
f 2589/1/2 2586/1/2 2590/1/2
f 2590/1/2 2586/1/2 2591/1/2
f 2591/1/2 2586/1/2 2592/1/2
f 2587/1/2 2588/1/2 2593/1/2
f 2593/1/2 2588/1/2 2594/1/2
f 2590/1/2 2591/1/2 2595/1/2
f 2595/1/2 2591/1/2 2596/1/2
f 2587/1/2 2593/1/2 2597/1/2
f 2597/1/2 2593/1/2 2598/1/2
f 2599/1/2 2600/1/2 2603/1/2
f 2603/1/2 2600/1/2 2604/1/2
f 2601/1/2 2602/1/2 2605/1/2
f 2605/1/2 2602/1/2 2606/1/2
f 2607/1/2 2608/1/2 2611/1/2
f 2611/1/2 2608/1/2 2612/1/2
f 2609/1/2 2610/1/2 2613/1/2
f 2613/1/2 2610/1/2 2614/1/2
f 2615/2/2 2616/2/2 2619/2/2
f 2619/2/2 2616/2/2 2620/2/2
f 2617/2/2 2618/2/2 2623/2/2
f 2623/2/2 2618/2/2 2624/2/2
f 2620/4/2 2621/4/2 2625/4/2
f 2625/4/2 2621/4/2 2626/4/2
f 2622/4/2 2623/4/2 2631/4/2
f 2631/4/2 2623/4/2 2632/4/2
f 2627/2/2 2628/2/2 2633/2/2
f 2633/2/2 2628/2/2 2634/2/2
f 2629/2/2 2630/2/2 2635/2/2
f 2635/2/2 2630/2/2 2636/2/2
f 2633/4/2 2634/4/2 2637/4/2
f 2637/4/2 2634/4/2 2638/4/2
f 2635/4/2 2636/4/2 2641/4/2
f 2641/4/2 2636/4/2 2642/4/2
f 2638/2/2 2639/2/2 2643/2/2
f 2643/2/2 2639/2/2 2644/2/2
f 2640/2/2 2641/2/2 2647/2/2
f 2647/2/2 2641/2/2 2648/2/2
f 2644/4/2 2645/4/2 2649/4/2
f 2649/4/2 2645/4/2 2650/4/2
f 2646/4/2 2647/4/2 2651/4/2
f 2651/4/2 2647/4/2 2652/4/2
f 2649/2/2 2650/2/2 2653/2/2
f 2653/2/2 2650/2/2 2654/2/2
f 2651/2/2 2652/2/2 2655/2/2
f 2655/2/2 2652/2/2 2656/2/2
f 2653/4/2 2654/4/2 2657/4/2
f 2657/4/2 2654/4/2 2658/4/2
f 2655/4/2 2656/4/2 2659/4/2
f 2659/4/2 2656/4/2 2660/4/2
f 2657/2/2 2658/2/2 2661/2/2
f 2661/2/2 2658/2/2 2662/2/2
f 2659/2/2 2660/2/2 2663/2/2
f 2663/2/2 2660/2/2 2664/2/2
f 2661/4/2 2662/4/2 2665/4/2
f 2665/4/2 2662/4/2 2666/4/2
f 2663/4/2 2664/4/2 2667/4/2
f 2667/4/2 2664/4/2 2668/4/2
f 2665/2/2 2666/2/2 2669/2/2
f 2669/2/2 2666/2/2 2670/2/2
f 2667/2/2 2668/2/2 2671/2/2
f 2671/2/2 2668/2/2 2672/2/2
f 2669/4/2 2670/4/2 2673/4/2
f 2673/4/2 2670/4/2 2674/4/2
f 2671/4/2 2672/4/2 2675/4/2
f 2675/4/2 2672/4/2 2676/4/2
f 2673/2/2 2674/2/2 2677/2/2
f 2677/2/2 2674/2/2 2678/2/2
f 2675/2/2 2676/2/2 2679/2/2
f 2679/2/2 2676/2/2 2680/2/2
f 2677/4/2 2678/4/2 2683/4/2
f 2683/4/2 2678/4/2 2684/4/2
f 2679/4/2 2680/4/2 2685/4/2
f 2685/4/2 2680/4/2 2686/4/2
f 2681/3/2 2682/3/2 2689/3/2
f 2689/3/2 2682/3/2 2690/3/2
f 2687/3/2 2688/3/2 2691/3/2
f 2691/3/2 2688/3/2 2692/3/2
f 2689/1/2 2690/1/2 2693/1/2
f 2693/1/2 2690/1/2 2694/1/2
f 2694/1/2 2690/1/2 2695/1/2
f 2695/1/2 2690/1/2 2696/1/2
f 2691/1/2 2692/1/2 2697/1/2
f 2697/1/2 2692/1/2 2698/1/2
f 2698/1/2 2692/1/2 2699/1/2
f 2699/1/2 2692/1/2 2700/1/2
f 2694/1/2 2695/1/2 2701/1/2
f 2701/1/2 2695/1/2 2702/1/2
f 2698/1/2 2699/1/2 2703/1/2
f 2703/1/2 2699/1/2 2704/1/2
f 2705/1/2 2706/1/2 2709/1/2
f 2709/1/2 2706/1/2 2710/1/2
f 2707/1/2 2708/1/2 2711/1/2
f 2711/1/2 2708/1/2 2712/1/2
f 2713/1/2 2714/1/2 2717/1/2
f 2717/1/2 2714/1/2 2718/1/2
f 2715/1/2 2716/1/2 2719/1/2
f 2719/1/2 2716/1/2 2720/1/2
f 2721/1/2 2722/1/2 2725/1/2
f 2725/1/2 2722/1/2 2726/1/2
f 2723/1/2 2724/1/2 2727/1/2
f 2727/1/2 2724/1/2 2728/1/2
f 2729/2/2 2730/2/2 2733/2/2
f 2733/2/2 2730/2/2 2734/2/2
f 2731/2/2 2732/2/2 2737/2/2
f 2737/2/2 2732/2/2 2738/2/2
f 2734/4/2 2735/4/2 2739/4/2
f 2739/4/2 2735/4/2 2740/4/2
f 2736/4/2 2737/4/2 2743/4/2
f 2743/4/2 2737/4/2 2744/4/2
f 2740/2/2 2741/2/2 2745/2/2
f 2745/2/2 2741/2/2 2746/2/2
f 2742/2/2 2743/2/2 2747/2/2
f 2747/2/2 2743/2/2 2748/2/2
f 2745/4/2 2746/4/2 2749/4/2
f 2749/4/2 2746/4/2 2750/4/2
f 2747/4/2 2748/4/2 2753/4/2
f 2753/4/2 2748/4/2 2754/4/2
f 2750/2/2 2751/2/2 2755/2/2
f 2755/2/2 2751/2/2 2756/2/2
f 2752/2/2 2753/2/2 2757/2/2
f 2757/2/2 2753/2/2 2758/2/2
f 2756/4/2 2757/4/2 2759/4/2
f 2759/4/2 2757/4/2 2760/4/2
f 2759/2/2 2760/2/2 2761/2/2
f 2761/2/2 2760/2/2 2762/2/2
f 2761/4/2 2762/4/2 2763/4/2
f 2763/4/2 2762/4/2 2764/4/2
f 2763/2/2 2764/2/2 2765/2/2
f 2765/2/2 2764/2/2 2766/2/2
f 2765/4/2 2766/4/2 2767/4/2
f 2767/4/2 2766/4/2 2768/4/2
f 2767/2/2 2768/2/2 2769/2/2
f 2769/2/2 2768/2/2 2770/2/2
f 2769/4/2 2770/4/2 2771/4/2
f 2771/4/2 2770/4/2 2772/4/2
f 2771/2/2 2772/2/2 2773/2/2
f 2773/2/2 2772/2/2 2774/2/2
f 2773/4/2 2774/4/2 2777/4/2
f 2777/4/2 2774/4/2 2778/4/2
f 2775/3/2 2776/3/2 2781/3/2
f 2781/3/2 2776/3/2 2782/3/2
f 2779/3/2 2780/3/2 2783/3/2
f 2783/3/2 2780/3/2 2784/3/2
f 2781/1/2 2782/1/2 2785/1/2
f 2785/1/2 2782/1/2 2786/1/2
f 2786/1/2 2782/1/2 2787/1/2
f 2787/1/2 2782/1/2 2788/1/2
f 2783/1/2 2784/1/2 2789/1/2
f 2789/1/2 2784/1/2 2790/1/2
f 2790/1/2 2784/1/2 2791/1/2
f 2791/1/2 2784/1/2 2792/1/2
f 2786/1/2 2787/1/2 2793/1/2
f 2793/1/2 2787/1/2 2794/1/2
f 2790/1/2 2791/1/2 2795/1/2
f 2795/1/2 2791/1/2 2796/1/2
f 2797/1/2 2798/1/2 2801/1/2
f 2801/1/2 2798/1/2 2802/1/2
f 2799/1/2 2800/1/2 2803/1/2
f 2803/1/2 2800/1/2 2804/1/2
f 2805/1/2 2806/1/2 2809/1/2
f 2809/1/2 2806/1/2 2810/1/2
f 2807/1/2 2808/1/2 2811/1/2
f 2811/1/2 2808/1/2 2812/1/2
f 2813/1/2 2814/1/2 2817/1/2
f 2817/1/2 2814/1/2 2818/1/2
f 2815/1/2 2816/1/2 2819/1/2
f 2819/1/2 2816/1/2 2820/1/2
f 2821/2/2 2822/2/2 2825/2/2
f 2825/2/2 2822/2/2 2826/2/2
f 2823/2/2 2824/2/2 2831/2/2
f 2831/2/2 2824/2/2 2832/2/2
f 2827/4/2 2828/4/2 2833/4/2
f 2833/4/2 2828/4/2 2834/4/2
f 2829/4/2 2830/4/2 2839/4/2
f 2839/4/2 2830/4/2 2840/4/2
f 2835/2/2 2836/2/2 2841/2/2
f 2841/2/2 2836/2/2 2842/2/2
f 2837/2/2 2838/2/2 2843/2/2
f 2843/2/2 2838/2/2 2844/2/2
f 2841/4/2 2842/4/2 2845/4/2
f 2845/4/2 2842/4/2 2846/4/2
f 2843/4/2 2844/4/2 2847/4/2
f 2847/4/2 2844/4/2 2848/4/2
f 2846/2/2 2847/2/2 2849/2/2
f 2849/2/2 2847/2/2 2850/2/2
f 2851/3/2 2852/3/2 2855/3/2
f 2855/3/2 2852/3/2 2856/3/2
f 2853/3/2 2854/3/2 2857/3/2
f 2857/3/2 2854/3/2 2858/3/2
f 2855/1/2 2856/1/2 2859/1/2
f 2859/1/2 2856/1/2 2860/1/2
f 2860/1/2 2856/1/2 2861/1/2
f 2861/1/2 2856/1/2 2862/1/2
f 2857/1/2 2858/1/2 2863/1/2
f 2863/1/2 2858/1/2 2864/1/2
f 2860/1/2 2861/1/2 2865/1/2
f 2865/1/2 2861/1/2 2866/1/2
f 2857/1/2 2863/1/2 2867/1/2
f 2867/1/2 2863/1/2 2868/1/2
f 2869/1/2 2870/1/2 2873/1/2
f 2873/1/2 2870/1/2 2874/1/2
f 2871/1/2 2872/1/2 2875/1/2
f 2875/1/2 2872/1/2 2876/1/2
f 2877/1/2 2878/1/2 2881/1/2
f 2881/1/2 2878/1/2 2882/1/2
f 2879/1/2 2880/1/2 2883/1/2
f 2883/1/2 2880/1/2 2884/1/2
f 2885/1/2 2886/1/2 2889/1/2
f 2889/1/2 2886/1/2 2890/1/2
f 2887/1/2 2888/1/2 2891/1/2
f 2891/1/2 2888/1/2 2892/1/2
f 2893/2/2 2894/2/2 2897/2/2
f 2897/2/2 2894/2/2 2898/2/2
f 2895/2/2 2896/2/2 2901/2/2
f 2901/2/2 2896/2/2 2902/2/2
f 2898/4/2 2899/4/2 2903/4/2
f 2903/4/2 2899/4/2 2904/4/2
f 2900/4/2 2901/4/2 2905/4/2
f 2905/4/2 2901/4/2 2906/4/2
f 2904/2/2 2905/2/2 2907/2/2
f 2907/2/2 2905/2/2 2908/2/2
f 2907/4/2 2908/4/2 2909/4/2
f 2909/4/2 2908/4/2 2910/4/2
f 2911/3/2 2912/3/2 2915/3/2
f 2915/3/2 2912/3/2 2916/3/2
f 2913/3/2 2914/3/2 2917/3/2
f 2917/3/2 2914/3/2 2918/3/2
f 2915/1/2 2916/1/2 2919/1/2
f 2919/1/2 2916/1/2 2920/1/2
f 2920/1/2 2916/1/2 2921/1/2
f 2921/1/2 2916/1/2 2922/1/2
f 2917/1/2 2918/1/2 2923/1/2
f 2923/1/2 2918/1/2 2924/1/2
f 2924/1/2 2918/1/2 2925/1/2
f 2925/1/2 2918/1/2 2926/1/2
f 2920/1/2 2921/1/2 2927/1/2
f 2927/1/2 2921/1/2 2928/1/2
f 2924/1/2 2925/1/2 2929/1/2
f 2929/1/2 2925/1/2 2930/1/2
f 2931/1/2 2932/1/2 2935/1/2
f 2935/1/2 2932/1/2 2936/1/2
f 2933/1/2 2934/1/2 2937/1/2
f 2937/1/2 2934/1/2 2938/1/2
f 2939/1/2 2940/1/2 2944/1/2
f 2940/1/2 2941/1/2 2944/1/2
f 2944/1/2 2941/1/2 2945/1/2
f 2942/1/2 2943/1/2 2946/1/2
f 2946/1/2 2943/1/2 2947/1/2
f 2948/1/2 2949/1/2 2952/1/2
f 2952/1/2 2949/1/2 2953/1/2
f 2950/1/2 2951/1/2 2954/1/2
f 2954/1/2 2951/1/2 2955/1/2
f 2956/2/2 2957/2/2 2960/2/2
f 2960/2/2 2957/2/2 2961/2/2
f 2958/2/2 2959/2/2 2962/2/2
f 2962/2/2 2959/2/2 2963/2/2
f 2961/4/2 2962/4/2 2964/4/2
f 2964/4/2 2962/4/2 2965/4/2
f 2966/3/2 2967/3/2 2970/3/2
f 2970/3/2 2967/3/2 2971/3/2
f 2968/3/2 2969/3/2 2972/3/2
f 2972/3/2 2969/3/2 2973/3/2
f 2970/1/2 2971/1/2 2974/1/2
f 2974/1/2 2971/1/2 2975/1/2
f 2975/1/2 2971/1/2 2976/1/2
f 2976/1/2 2971/1/2 2977/1/2
f 2972/1/2 2973/1/2 2978/1/2
f 2978/1/2 2973/1/2 2979/1/2
f 2979/1/2 2973/1/2 2980/1/2
f 2980/1/2 2973/1/2 2981/1/2
f 2975/1/2 2976/1/2 2982/1/2
f 2982/1/2 2976/1/2 2983/1/2
f 2979/1/2 2980/1/2 2984/1/2
f 2984/1/2 2980/1/2 2985/1/2
f 2986/1/2 2987/1/2 2990/1/2
f 2990/1/2 2987/1/2 2991/1/2
f 2988/1/2 2989/1/2 2992/1/2
f 2992/1/2 2989/1/2 2993/1/2
f 2994/1/2 2995/1/2 2999/1/2
f 2999/1/2 2995/1/2 3000/1/2
f 2997/1/2 2998/1/2 3001/1/2
f 2996/1/2 2997/1/2 3001/1/2
f 3001/1/2 2998/1/2 3002/1/2
f 3003/1/2 3004/1/2 3007/1/2
f 3007/1/2 3004/1/2 3008/1/2
f 3005/1/2 3006/1/2 3009/1/2
f 3009/1/2 3006/1/2 3010/1/2
f 3011/2/2 3012/2/2 3013/2/2
f 3013/2/2 3012/2/2 3014/2/2
f 3015/3/2 3016/3/2 3017/3/2
f 3017/3/2 3016/3/2 3018/3/2
f 3017/1/2 3018/1/2 3019/1/2
f 3019/1/2 3018/1/2 3020/1/2
f 3020/1/2 3018/1/2 3021/1/2
f 3021/1/2 3018/1/2 3022/1/2
f 3020/1/2 3021/1/2 3023/1/2
f 3023/1/2 3021/1/2 3024/1/2
f 3027/1/3 3026/1/3 3025/1/3
f 3028/1/3 3026/1/3 3027/1/3
f 3034/1/3 3033/1/3 3032/1/3
f 3035/1/3 3033/1/3 3034/1/3
f 3036/1/3 3034/1/3 3032/1/3
f 3038/1/3 3036/1/3 3032/1/3
f 3038/1/3 3037/1/3 3036/1/3
f 3039/1/3 3037/1/3 3038/1/3
f 3040/2/3 3030/2/3 3029/2/3
f 3041/2/3 3030/2/3 3040/2/3
f 3042/3/3 3032/3/3 3031/3/3
f 3043/1/3 3038/1/3 3032/1/3
f 3043/3/3 3032/3/3 3042/3/3
f 3044/1/3 3038/1/3 3043/1/3
f 3047/1/3 3046/1/3 3045/1/3
f 3048/1/3 3046/1/3 3047/1/3
f 3051/1/3 3050/1/3 3049/1/3
f 3052/1/3 3050/1/3 3051/1/3
f 3053/1/3 3050/1/3 3052/1/3
f 3056/1/3 3055/1/3 3054/1/3
f 3057/1/3 3055/1/3 3056/1/3
f 3060/1/3 3059/1/3 3058/1/3
f 3061/1/3 3059/1/3 3060/1/3
f 3064/1/3 3063/1/3 3062/1/3
f 3065/1/3 3063/1/3 3064/1/3
f 3068/1/3 3067/1/3 3066/1/3
f 3069/1/3 3067/1/3 3068/1/3
f 3075/1/3 3074/1/3 3073/1/3
f 3077/1/3 3075/1/3 3073/1/3
f 3077/1/3 3076/1/3 3075/1/3
f 3078/1/3 3076/1/3 3077/1/3
f 3079/2/3 3071/2/3 3070/2/3
f 3080/2/3 3071/2/3 3079/2/3
f 3082/3/3 3073/3/3 3072/3/3
f 3083/1/3 3077/1/3 3073/1/3
f 3083/3/3 3073/3/3 3082/3/3
f 3084/1/3 3077/1/3 3083/1/3
f 3086/4/3 3081/4/3 3080/4/3
f 3087/4/3 3081/4/3 3086/4/3
f 3091/1/3 3090/1/3 3089/1/3
f 3093/1/3 3091/1/3 3089/1/3
f 3093/1/3 3092/1/3 3091/1/3
f 3094/1/3 3092/1/3 3093/1/3
f 3095/2/3 3086/2/3 3085/2/3
f 3096/2/3 3086/2/3 3095/2/3
f 3097/3/3 3089/3/3 3088/3/3
f 3098/1/3 3093/1/3 3089/1/3
f 3098/3/3 3089/3/3 3097/3/3
f 3099/1/3 3093/1/3 3098/1/3
f 3102/1/3 3101/1/3 3100/1/3
f 3103/1/3 3101/1/3 3102/1/3
f 3104/1/3 3101/1/3 3103/1/3
f 3107/1/3 3106/1/3 3105/1/3
f 3108/1/3 3106/1/3 3107/1/3
f 3111/1/3 3110/1/3 3109/1/3
f 3112/1/3 3110/1/3 3111/1/3
f 3115/1/3 3114/1/3 3113/1/3
f 3116/1/3 3114/1/3 3115/1/3
f 3119/1/3 3118/1/3 3117/1/3
f 3120/1/3 3118/1/3 3119/1/3
f 3123/1/3 3122/1/3 3121/1/3
f 3124/1/3 3122/1/3 3123/1/3
f 3130/1/3 3129/1/3 3128/1/3
f 3132/1/3 3130/1/3 3128/1/3
f 3132/1/3 3131/1/3 3130/1/3
f 3133/1/3 3131/1/3 3132/1/3
f 3134/2/3 3126/2/3 3125/2/3
f 3135/2/3 3126/2/3 3134/2/3
f 3137/3/3 3128/3/3 3127/3/3
f 3138/1/3 3132/1/3 3128/1/3
f 3138/3/3 3128/3/3 3137/3/3
f 3139/1/3 3132/1/3 3138/1/3
f 3140/4/3 3136/4/3 3135/4/3
f 3141/4/3 3136/4/3 3140/4/3
f 3145/2/3 3142/2/3 3141/2/3
f 3146/4/3 3143/4/3 3142/4/3
f 3146/2/3 3142/2/3 3145/2/3
f 3147/4/3 3143/4/3 3146/4/3
f 3149/4/3 3145/4/3 3144/4/3
f 3150/4/3 3145/4/3 3149/4/3
f 3154/1/3 3153/1/3 3152/1/3
f 3156/1/3 3154/1/3 3152/1/3
f 3156/1/3 3155/1/3 3154/1/3
f 3157/1/3 3155/1/3 3156/1/3
f 3158/2/3 3149/2/3 3148/2/3
f 3159/2/3 3149/2/3 3158/2/3
f 3160/3/3 3152/3/3 3151/3/3
f 3161/1/3 3156/1/3 3152/1/3
f 3161/3/3 3152/3/3 3160/3/3
f 3162/1/3 3156/1/3 3161/1/3
f 3165/1/3 3164/1/3 3163/1/3
f 3166/1/3 3164/1/3 3165/1/3
f 3169/1/3 3168/1/3 3167/1/3
f 3170/1/3 3168/1/3 3169/1/3
f 3173/1/3 3172/1/3 3171/1/3
f 3174/1/3 3172/1/3 3173/1/3
f 3177/1/3 3176/1/3 3175/1/3
f 3178/1/3 3176/1/3 3177/1/3
f 3181/1/3 3180/1/3 3179/1/3
f 3182/1/3 3180/1/3 3181/1/3
f 3185/1/3 3184/1/3 3183/1/3
f 3186/1/3 3184/1/3 3185/1/3
f 3192/1/3 3191/1/3 3190/1/3
f 3193/1/3 3191/1/3 3192/1/3
f 3194/2/3 3188/2/3 3187/2/3
f 3195/2/3 3188/2/3 3194/2/3
f 3196/3/3 3190/3/3 3189/3/3
f 3197/1/3 3192/1/3 3190/1/3
f 3197/3/3 3190/3/3 3196/3/3
f 3198/1/3 3192/1/3 3197/1/3
f 3201/4/3 3200/4/3 3199/4/3
f 3202/4/3 3200/4/3 3201/4/3
f 3206/2/3 3204/2/3 3203/2/3
f 3207/4/3 3205/4/3 3204/4/3
f 3207/2/3 3204/2/3 3206/2/3
f 3208/4/3 3205/4/3 3207/4/3
f 3212/2/3 3209/2/3 3208/2/3
f 3213/2/3 3209/2/3 3212/2/3
f 3214/2/3 3211/2/3 3210/2/3
f 3215/4/3 3212/4/3 3211/4/3
f 3215/2/3 3211/2/3 3214/2/3
f 3216/4/3 3212/4/3 3215/4/3
f 3219/4/3 3218/4/3 3217/4/3
f 3220/4/3 3218/4/3 3219/4/3
f 3226/1/3 3225/1/3 3224/1/3
f 3228/1/3 3226/1/3 3224/1/3
f 3228/1/3 3227/1/3 3226/1/3
f 3229/1/3 3227/1/3 3228/1/3
f 3230/2/3 3222/2/3 3221/2/3
f 3231/2/3 3222/2/3 3230/2/3
f 3232/3/3 3224/3/3 3223/3/3
f 3233/1/3 3228/1/3 3224/1/3
f 3233/3/3 3224/3/3 3232/3/3
f 3234/1/3 3228/1/3 3233/1/3
f 3237/1/3 3236/1/3 3235/1/3
f 3238/1/3 3236/1/3 3237/1/3
f 3241/1/3 3240/1/3 3239/1/3
f 3242/1/3 3240/1/3 3241/1/3
f 3245/1/3 3244/1/3 3243/1/3
f 3246/1/3 3244/1/3 3245/1/3
f 3249/1/3 3248/1/3 3247/1/3
f 3250/1/3 3248/1/3 3249/1/3
f 3253/1/3 3252/1/3 3251/1/3
f 3254/1/3 3252/1/3 3253/1/3
f 3257/1/3 3256/1/3 3255/1/3
f 3258/1/3 3256/1/3 3257/1/3
f 3264/1/3 3263/1/3 3262/1/3
f 3265/1/3 3263/1/3 3264/1/3
f 3266/2/3 3260/2/3 3259/2/3
f 3267/2/3 3260/2/3 3266/2/3
f 3269/3/3 3262/3/3 3261/3/3
f 3270/1/3 3264/1/3 3262/1/3
f 3270/3/3 3262/3/3 3269/3/3
f 3271/1/3 3264/1/3 3270/1/3
f 3272/4/3 3268/4/3 3267/4/3
f 3273/4/3 3268/4/3 3272/4/3
f 3276/2/3 3274/2/3 3273/2/3
f 3277/4/3 3275/4/3 3274/4/3
f 3277/2/3 3274/2/3 3276/2/3
f 3278/4/3 3275/4/3 3277/4/3
f 3280/2/3 3279/2/3 3278/2/3
f 3281/2/3 3279/2/3 3280/2/3
f 3292/4/3 3282/4/3 3281/4/3
f 3293/2/3 3283/2/3 3282/2/3
f 3293/4/3 3282/4/3 3292/4/3
f 3294/4/3 3284/4/3 3283/4/3
f 3294/2/3 3283/2/3 3293/2/3
f 3295/2/3 3285/2/3 3284/2/3
f 3295/4/3 3284/4/3 3294/4/3
f 3296/4/3 3286/4/3 3285/4/3
f 3296/2/3 3285/2/3 3295/2/3
f 3297/2/3 3287/2/3 3286/2/3
f 3297/4/3 3286/4/3 3296/4/3
f 3298/4/3 3288/4/3 3287/4/3
f 3298/2/3 3287/2/3 3297/2/3
f 3299/2/3 3289/2/3 3288/2/3
f 3299/4/3 3288/4/3 3298/4/3
f 3300/4/3 3290/4/3 3289/4/3
f 3300/2/3 3289/2/3 3299/2/3
f 3301/4/3 3290/4/3 3300/4/3
f 3304/2/3 3292/2/3 3291/2/3
f 3305/2/3 3292/2/3 3304/2/3
f 3307/2/3 3303/2/3 3302/2/3
f 3308/4/3 3304/4/3 3303/4/3
f 3308/2/3 3303/2/3 3307/2/3
f 3309/4/3 3304/4/3 3308/4/3
f 3311/4/3 3307/4/3 3306/4/3
f 3312/4/3 3307/4/3 3311/4/3
f 3316/1/3 3315/1/3 3314/1/3
f 3318/1/3 3316/1/3 3314/1/3
f 3318/1/3 3317/1/3 3316/1/3
f 3319/1/3 3317/1/3 3318/1/3
f 3320/2/3 3311/2/3 3310/2/3
f 3321/2/3 3311/2/3 3320/2/3
f 3322/3/3 3314/3/3 3313/3/3
f 3323/1/3 3318/1/3 3314/1/3
f 3323/3/3 3314/3/3 3322/3/3
f 3324/1/3 3318/1/3 3323/1/3
f 3327/1/3 3326/1/3 3325/1/3
f 3328/1/3 3326/1/3 3327/1/3
f 3331/1/3 3330/1/3 3329/1/3
f 3332/1/3 3330/1/3 3331/1/3
f 3335/1/3 3334/1/3 3333/1/3
f 3336/1/3 3334/1/3 3335/1/3
f 3339/1/3 3338/1/3 3337/1/3
f 3340/1/3 3338/1/3 3339/1/3
f 3343/1/3 3342/1/3 3341/1/3
f 3344/1/3 3342/1/3 3343/1/3
f 3347/1/3 3346/1/3 3345/1/3
f 3348/1/3 3346/1/3 3347/1/3
f 3354/1/3 3353/1/3 3352/1/3
f 3355/1/3 3353/1/3 3354/1/3
f 3356/2/3 3350/2/3 3349/2/3
f 3357/2/3 3350/2/3 3356/2/3
f 3359/3/3 3352/3/3 3351/3/3
f 3360/1/3 3354/1/3 3352/1/3
f 3360/3/3 3352/3/3 3359/3/3
f 3361/1/3 3354/1/3 3360/1/3
f 3362/4/3 3358/4/3 3357/4/3
f 3363/4/3 3358/4/3 3362/4/3
f 3367/2/3 3365/2/3 3364/2/3
f 3368/4/3 3366/4/3 3365/4/3
f 3368/2/3 3365/2/3 3367/2/3
f 3369/4/3 3366/4/3 3368/4/3
f 3371/2/3 3370/2/3 3369/2/3
f 3372/2/3 3370/2/3 3371/2/3
f 3382/4/3 3373/4/3 3372/4/3
f 3383/2/3 3374/2/3 3373/2/3
f 3383/4/3 3373/4/3 3382/4/3
f 3384/4/3 3375/4/3 3374/4/3
f 3384/2/3 3374/2/3 3383/2/3
f 3385/2/3 3376/2/3 3375/2/3
f 3385/4/3 3375/4/3 3384/4/3
f 3386/4/3 3377/4/3 3376/4/3
f 3386/2/3 3376/2/3 3385/2/3
f 3387/2/3 3378/2/3 3377/2/3
f 3387/4/3 3377/4/3 3386/4/3
f 3388/4/3 3379/4/3 3378/4/3
f 3388/2/3 3378/2/3 3387/2/3
f 3389/2/3 3380/2/3 3379/2/3
f 3389/4/3 3379/4/3 3388/4/3
f 3390/4/3 3381/4/3 3380/4/3
f 3390/2/3 3380/2/3 3389/2/3
f 3391/4/3 3381/4/3 3390/4/3
f 3403/4/3 3393/4/3 3392/4/3
f 3404/2/3 3394/2/3 3393/2/3
f 3404/4/3 3393/4/3 3403/4/3
f 3405/4/3 3395/4/3 3394/4/3
f 3405/2/3 3394/2/3 3404/2/3
f 3406/2/3 3396/2/3 3395/2/3
f 3406/4/3 3395/4/3 3405/4/3
f 3407/4/3 3397/4/3 3396/4/3
f 3407/2/3 3396/2/3 3406/2/3
f 3408/2/3 3398/2/3 3397/2/3
f 3408/4/3 3397/4/3 3407/4/3
f 3409/4/3 3399/4/3 3398/4/3
f 3409/2/3 3398/2/3 3408/2/3
f 3410/2/3 3400/2/3 3399/2/3
f 3410/4/3 3399/4/3 3409/4/3
f 3411/4/3 3401/4/3 3400/4/3
f 3411/2/3 3400/2/3 3410/2/3
f 3412/4/3 3401/4/3 3411/4/3
f 3415/2/3 3403/2/3 3402/2/3
f 3416/2/3 3403/2/3 3415/2/3
f 3417/2/3 3414/2/3 3413/2/3
f 3418/4/3 3415/4/3 3414/4/3
f 3418/2/3 3414/2/3 3417/2/3
f 3419/4/3 3415/4/3 3418/4/3
f 3423/4/3 3421/4/3 3420/4/3
f 3424/4/3 3421/4/3 3423/4/3
f 3428/1/3 3427/1/3 3426/1/3
f 3430/1/3 3428/1/3 3426/1/3
f 3430/1/3 3429/1/3 3428/1/3
f 3431/1/3 3429/1/3 3430/1/3
f 3432/2/3 3423/2/3 3422/2/3
f 3433/2/3 3423/2/3 3432/2/3
f 3434/3/3 3426/3/3 3425/3/3
f 3435/1/3 3430/1/3 3426/1/3
f 3435/3/3 3426/3/3 3434/3/3
f 3436/1/3 3430/1/3 3435/1/3
f 3439/1/3 3438/1/3 3437/1/3
f 3440/1/3 3438/1/3 3439/1/3
f 3443/1/3 3442/1/3 3441/1/3
f 3444/1/3 3442/1/3 3443/1/3
f 3447/1/3 3446/1/3 3445/1/3
f 3448/1/3 3446/1/3 3447/1/3
f 3451/1/3 3450/1/3 3449/1/3
f 3452/1/3 3450/1/3 3451/1/3
f 3458/1/3 3457/1/3 3456/1/3
f 3460/1/3 3458/1/3 3456/1/3
f 3460/1/3 3459/1/3 3458/1/3
f 3461/1/3 3459/1/3 3460/1/3
f 3462/2/3 3454/2/3 3453/2/3
f 3463/2/3 3454/2/3 3462/2/3
f 3464/3/3 3456/3/3 3455/3/3
f 3465/1/3 3460/1/3 3456/1/3
f 3465/3/3 3456/3/3 3464/3/3
f 3466/1/3 3460/1/3 3465/1/3
f 3470/2/3 3468/2/3 3467/2/3
f 3471/4/3 3469/4/3 3468/4/3
f 3471/2/3 3468/2/3 3470/2/3
f 3472/4/3 3469/4/3 3471/4/3
f 3474/2/3 3473/2/3 3472/2/3
f 3475/2/3 3473/2/3 3474/2/3
f 3486/4/3 3477/4/3 3476/4/3
f 3487/2/3 3478/2/3 3477/2/3
f 3487/4/3 3477/4/3 3486/4/3
f 3488/4/3 3479/4/3 3478/4/3
f 3488/2/3 3478/2/3 3487/2/3
f 3489/2/3 3480/2/3 3479/2/3
f 3489/4/3 3479/4/3 3488/4/3
f 3490/4/3 3481/4/3 3480/4/3
f 3490/2/3 3480/2/3 3489/2/3
f 3491/2/3 3482/2/3 3481/2/3
f 3491/4/3 3481/4/3 3490/4/3
f 3492/4/3 3483/4/3 3482/4/3
f 3492/2/3 3482/2/3 3491/2/3
f 3493/2/3 3484/2/3 3483/2/3
f 3493/4/3 3483/4/3 3492/4/3
f 3494/4/3 3485/4/3 3484/4/3
f 3494/2/3 3484/2/3 3493/2/3
f 3495/4/3 3485/4/3 3494/4/3
f 3506/4/3 3497/4/3 3496/4/3
f 3507/2/3 3498/2/3 3497/2/3
f 3507/4/3 3497/4/3 3506/4/3
f 3508/4/3 3499/4/3 3498/4/3
f 3508/2/3 3498/2/3 3507/2/3
f 3509/2/3 3500/2/3 3499/2/3
f 3509/4/3 3499/4/3 3508/4/3
f 3510/4/3 3501/4/3 3500/4/3
f 3510/2/3 3500/2/3 3509/2/3
f 3511/2/3 3502/2/3 3501/2/3
f 3511/4/3 3501/4/3 3510/4/3
f 3512/4/3 3503/4/3 3502/4/3
f 3512/2/3 3502/2/3 3511/2/3
f 3513/2/3 3504/2/3 3503/2/3
f 3513/4/3 3503/4/3 3512/4/3
f 3514/4/3 3505/4/3 3504/4/3
f 3514/2/3 3504/2/3 3513/2/3
f 3515/4/3 3505/4/3 3514/4/3
f 3520/2/3 3517/2/3 3516/2/3
f 3521/2/3 3517/2/3 3520/2/3
f 3522/2/3 3519/2/3 3518/2/3
f 3523/4/3 3520/4/3 3519/4/3
f 3523/2/3 3519/2/3 3522/2/3
f 3524/4/3 3520/4/3 3523/4/3
f 3530/1/3 3529/1/3 3528/1/3
f 3532/1/3 3530/1/3 3528/1/3
f 3532/1/3 3531/1/3 3530/1/3
f 3533/1/3 3531/1/3 3532/1/3
f 3534/2/3 3526/2/3 3525/2/3
f 3535/2/3 3526/2/3 3534/2/3
f 3536/3/3 3528/3/3 3527/3/3
f 3537/1/3 3532/1/3 3528/1/3
f 3537/3/3 3528/3/3 3536/3/3
f 3538/1/3 3532/1/3 3537/1/3
f 3541/1/3 3540/1/3 3539/1/3
f 3542/1/3 3540/1/3 3541/1/3
f 3545/1/3 3544/1/3 3543/1/3
f 3546/1/3 3544/1/3 3545/1/3
f 3549/1/3 3548/1/3 3547/1/3
f 3550/1/3 3548/1/3 3549/1/3
f 3553/1/3 3552/1/3 3551/1/3
f 3554/1/3 3552/1/3 3553/1/3
f 3557/4/3 3556/4/3 3555/4/3
f 3558/4/3 3556/4/3 3557/4/3
f 3561/2/3 3559/2/3 3558/2/3
f 3562/4/3 3560/4/3 3559/4/3
f 3562/2/3 3559/2/3 3561/2/3
f 3563/4/3 3560/4/3 3562/4/3
f 3565/2/3 3564/2/3 3563/2/3
f 3566/2/3 3564/2/3 3565/2/3
f 3577/4/3 3568/4/3 3567/4/3
f 3578/2/3 3569/2/3 3568/2/3
f 3578/4/3 3568/4/3 3577/4/3
f 3579/4/3 3570/4/3 3569/4/3
f 3579/2/3 3569/2/3 3578/2/3
f 3580/2/3 3571/2/3 3570/2/3
f 3580/4/3 3570/4/3 3579/4/3
f 3581/4/3 3572/4/3 3571/4/3
f 3581/2/3 3571/2/3 3580/2/3
f 3582/2/3 3573/2/3 3572/2/3
f 3582/4/3 3572/4/3 3581/4/3
f 3583/4/3 3574/4/3 3573/4/3
f 3583/2/3 3573/2/3 3582/2/3
f 3584/2/3 3575/2/3 3574/2/3
f 3584/4/3 3574/4/3 3583/4/3
f 3585/4/3 3576/4/3 3575/4/3
f 3585/2/3 3575/2/3 3584/2/3
f 3586/4/3 3576/4/3 3585/4/3
f 3597/4/3 3588/4/3 3587/4/3
f 3598/2/3 3589/2/3 3588/2/3
f 3598/4/3 3588/4/3 3597/4/3
f 3599/4/3 3590/4/3 3589/4/3
f 3599/2/3 3589/2/3 3598/2/3
f 3600/2/3 3591/2/3 3590/2/3
f 3600/4/3 3590/4/3 3599/4/3
f 3601/4/3 3592/4/3 3591/4/3
f 3601/2/3 3591/2/3 3600/2/3
f 3602/2/3 3593/2/3 3592/2/3
f 3602/4/3 3592/4/3 3601/4/3
f 3603/4/3 3594/4/3 3593/4/3
f 3603/2/3 3593/2/3 3602/2/3
f 3604/2/3 3595/2/3 3594/2/3
f 3604/4/3 3594/4/3 3603/4/3
f 3605/4/3 3596/4/3 3595/4/3
f 3605/2/3 3595/2/3 3604/2/3
f 3606/4/3 3596/4/3 3605/4/3
f 3611/2/3 3608/2/3 3607/2/3
f 3612/2/3 3608/2/3 3611/2/3
f 3614/2/3 3610/2/3 3609/2/3
f 3615/4/3 3611/4/3 3610/4/3
f 3615/2/3 3610/2/3 3614/2/3
f 3616/4/3 3611/4/3 3615/4/3
f 3617/4/3 3614/4/3 3613/4/3
f 3618/4/3 3614/4/3 3617/4/3
f 3621/1/3 3620/1/3 3619/1/3
f 3622/1/3 3620/1/3 3621/1/3
f 3625/1/3 3624/1/3 3623/1/3
f 3626/1/3 3624/1/3 3625/1/3
f 3629/1/3 3628/1/3 3627/1/3
f 3630/1/3 3628/1/3 3629/1/3
f 3633/1/3 3632/1/3 3631/1/3
f 3634/1/3 3632/1/3 3633/1/3
f 3640/1/3 3639/1/3 3638/1/3
f 3641/2/3 3636/2/3 3635/2/3
f 3642/2/3 3636/2/3 3641/2/3
f 3644/3/3 3638/3/3 3637/3/3
f 3645/1/3 3640/1/3 3638/1/3
f 3645/3/3 3638/3/3 3644/3/3
f 3646/1/3 3640/1/3 3645/1/3
f 3647/4/3 3643/4/3 3642/4/3
f 3648/4/3 3643/4/3 3647/4/3
f 3659/4/3 3650/4/3 3649/4/3
f 3660/2/3 3651/2/3 3650/2/3
f 3660/4/3 3650/4/3 3659/4/3
f 3661/4/3 3652/4/3 3651/4/3
f 3661/2/3 3651/2/3 3660/2/3
f 3662/2/3 3653/2/3 3652/2/3
f 3662/4/3 3652/4/3 3661/4/3
f 3663/4/3 3654/4/3 3653/4/3
f 3663/2/3 3653/2/3 3662/2/3
f 3664/2/3 3655/2/3 3654/2/3
f 3664/4/3 3654/4/3 3663/4/3
f 3665/4/3 3656/4/3 3655/4/3
f 3665/2/3 3655/2/3 3664/2/3
f 3666/2/3 3657/2/3 3656/2/3
f 3666/4/3 3656/4/3 3665/4/3
f 3667/4/3 3658/4/3 3657/4/3
f 3667/2/3 3657/2/3 3666/2/3
f 3668/4/3 3658/4/3 3667/4/3
f 3679/4/3 3670/4/3 3669/4/3
f 3680/2/3 3671/2/3 3670/2/3
f 3680/4/3 3670/4/3 3679/4/3
f 3681/4/3 3672/4/3 3671/4/3
f 3681/2/3 3671/2/3 3680/2/3
f 3682/2/3 3673/2/3 3672/2/3
f 3682/4/3 3672/4/3 3681/4/3
f 3683/4/3 3674/4/3 3673/4/3
f 3683/2/3 3673/2/3 3682/2/3
f 3684/2/3 3675/2/3 3674/2/3
f 3684/4/3 3674/4/3 3683/4/3
f 3685/4/3 3676/4/3 3675/4/3
f 3685/2/3 3675/2/3 3684/2/3
f 3686/2/3 3677/2/3 3676/2/3
f 3686/4/3 3676/4/3 3685/4/3
f 3687/4/3 3678/4/3 3677/4/3
f 3687/2/3 3677/2/3 3686/2/3
f 3688/4/3 3678/4/3 3687/4/3
f 3692/4/3 3690/4/3 3689/4/3
f 3693/4/3 3690/4/3 3692/4/3
f 3697/1/3 3696/1/3 3695/1/3
f 3698/2/3 3692/2/3 3691/2/3
f 3699/2/3 3692/2/3 3698/2/3
f 3700/3/3 3695/3/3 3694/3/3
f 3701/1/3 3697/1/3 3695/1/3
f 3701/3/3 3695/3/3 3700/3/3
f 3702/1/3 3697/1/3 3701/1/3
f 3705/1/3 3704/1/3 3703/1/3
f 3706/1/3 3704/1/3 3705/1/3
f 3709/1/3 3708/1/3 3707/1/3
f 3710/1/3 3708/1/3 3709/1/3
f 3713/1/3 3712/1/3 3711/1/3
f 3714/1/3 3712/1/3 3713/1/3
f 3717/1/3 3716/1/3 3715/1/3
f 3718/1/3 3716/1/3 3717/1/3
f 3722/2/3 3720/2/3 3719/2/3
f 3723/4/3 3721/4/3 3720/4/3
f 3723/2/3 3720/2/3 3722/2/3
f 3724/4/3 3721/4/3 3723/4/3
f 3726/2/3 3725/2/3 3724/2/3
f 3727/2/3 3725/2/3 3726/2/3
f 3737/4/3 3728/4/3 3727/4/3
f 3738/2/3 3729/2/3 3728/2/3
f 3738/4/3 3728/4/3 3737/4/3
f 3739/4/3 3730/4/3 3729/4/3
f 3739/2/3 3729/2/3 3738/2/3
f 3740/2/3 3731/2/3 3730/2/3
f 3740/4/3 3730/4/3 3739/4/3
f 3741/4/3 3732/4/3 3731/4/3
f 3741/2/3 3731/2/3 3740/2/3
f 3742/2/3 3733/2/3 3732/2/3
f 3742/4/3 3732/4/3 3741/4/3
f 3743/4/3 3734/4/3 3733/4/3
f 3743/2/3 3733/2/3 3742/2/3
f 3744/2/3 3735/2/3 3734/2/3
f 3744/4/3 3734/4/3 3743/4/3
f 3745/4/3 3736/4/3 3735/4/3
f 3745/2/3 3735/2/3 3744/2/3
f 3746/4/3 3736/4/3 3745/4/3
f 3758/4/3 3748/4/3 3747/4/3
f 3759/2/3 3749/2/3 3748/2/3
f 3759/4/3 3748/4/3 3758/4/3
f 3760/4/3 3750/4/3 3749/4/3
f 3760/2/3 3749/2/3 3759/2/3
f 3761/2/3 3751/2/3 3750/2/3
f 3761/4/3 3750/4/3 3760/4/3
f 3762/4/3 3752/4/3 3751/4/3
f 3762/2/3 3751/2/3 3761/2/3
f 3763/2/3 3753/2/3 3752/2/3
f 3763/4/3 3752/4/3 3762/4/3
f 3764/4/3 3754/4/3 3753/4/3
f 3764/2/3 3753/2/3 3763/2/3
f 3765/2/3 3755/2/3 3754/2/3
f 3765/4/3 3754/4/3 3764/4/3
f 3766/4/3 3756/4/3 3755/4/3
f 3766/2/3 3755/2/3 3765/2/3
f 3767/4/3 3756/4/3 3766/4/3
f 3770/2/3 3758/2/3 3757/2/3
f 3771/2/3 3758/2/3 3770/2/3
f 3772/2/3 3769/2/3 3768/2/3
f 3773/4/3 3770/4/3 3769/4/3
f 3773/2/3 3769/2/3 3772/2/3
f 3774/4/3 3770/4/3 3773/4/3
f 3777/1/3 3776/1/3 3775/1/3
f 3778/1/3 3776/1/3 3777/1/3
f 3781/1/3 3780/1/3 3779/1/3
f 3782/1/3 3780/1/3 3781/1/3
f 3785/1/3 3784/1/3 3783/1/3
f 3786/1/3 3784/1/3 3785/1/3
f 3789/1/3 3788/1/3 3787/1/3
f 3790/1/3 3788/1/3 3789/1/3
f 3796/1/3 3795/1/3 3794/1/3
f 3797/1/3 3795/1/3 3796/1/3
f 3798/2/3 3792/2/3 3791/2/3
f 3799/2/3 3792/2/3 3798/2/3
f 3801/3/3 3794/3/3 3793/3/3
f 3802/1/3 3796/1/3 3794/1/3
f 3802/3/3 3794/3/3 3801/3/3
f 3803/1/3 3796/1/3 3802/1/3
f 3804/4/3 3800/4/3 3799/4/3
f 3805/4/3 3800/4/3 3804/4/3
f 3808/2/3 3806/2/3 3805/2/3
f 3809/4/3 3807/4/3 3806/4/3
f 3809/2/3 3806/2/3 3808/2/3
f 3810/4/3 3807/4/3 3809/4/3
f 3812/2/3 3811/2/3 3810/2/3
f 3813/2/3 3811/2/3 3812/2/3
f 3823/4/3 3814/4/3 3813/4/3
f 3824/2/3 3815/2/3 3814/2/3
f 3824/4/3 3814/4/3 3823/4/3
f 3825/4/3 3816/4/3 3815/4/3
f 3825/2/3 3815/2/3 3824/2/3
f 3826/2/3 3817/2/3 3816/2/3
f 3826/4/3 3816/4/3 3825/4/3
f 3827/4/3 3818/4/3 3817/4/3
f 3827/2/3 3817/2/3 3826/2/3
f 3828/2/3 3819/2/3 3818/2/3
f 3828/4/3 3818/4/3 3827/4/3
f 3829/4/3 3820/4/3 3819/4/3
f 3829/2/3 3819/2/3 3828/2/3
f 3830/2/3 3821/2/3 3820/2/3
f 3830/4/3 3820/4/3 3829/4/3
f 3831/4/3 3822/4/3 3821/4/3
f 3831/2/3 3821/2/3 3830/2/3
f 3832/4/3 3822/4/3 3831/4/3
f 3844/4/3 3834/4/3 3833/4/3
f 3845/2/3 3835/2/3 3834/2/3
f 3845/4/3 3834/4/3 3844/4/3
f 3846/4/3 3836/4/3 3835/4/3
f 3846/2/3 3835/2/3 3845/2/3
f 3847/2/3 3837/2/3 3836/2/3
f 3847/4/3 3836/4/3 3846/4/3
f 3848/4/3 3838/4/3 3837/4/3
f 3848/2/3 3837/2/3 3847/2/3
f 3849/2/3 3839/2/3 3838/2/3
f 3849/4/3 3838/4/3 3848/4/3
f 3850/4/3 3840/4/3 3839/4/3
f 3850/2/3 3839/2/3 3849/2/3
f 3851/2/3 3841/2/3 3840/2/3
f 3851/4/3 3840/4/3 3850/4/3
f 3852/4/3 3842/4/3 3841/4/3
f 3852/2/3 3841/2/3 3851/2/3
f 3853/4/3 3842/4/3 3852/4/3
f 3856/2/3 3844/2/3 3843/2/3
f 3857/2/3 3844/2/3 3856/2/3
f 3859/2/3 3855/2/3 3854/2/3
f 3860/4/3 3856/4/3 3855/4/3
f 3860/2/3 3855/2/3 3859/2/3
f 3861/4/3 3856/4/3 3860/4/3
f 3863/4/3 3859/4/3 3858/4/3
f 3864/4/3 3859/4/3 3863/4/3
f 3868/1/3 3867/1/3 3866/1/3
f 3870/1/3 3868/1/3 3866/1/3
f 3870/1/3 3869/1/3 3868/1/3
f 3871/1/3 3869/1/3 3870/1/3
f 3872/2/3 3863/2/3 3862/2/3
f 3873/2/3 3863/2/3 3872/2/3
f 3874/3/3 3866/3/3 3865/3/3
f 3875/1/3 3870/1/3 3866/1/3
f 3875/3/3 3866/3/3 3874/3/3
f 3876/1/3 3870/1/3 3875/1/3
f 3879/2/3 3878/2/3 3877/2/3
f 3880/2/3 3878/2/3 3879/2/3
f 3883/2/3 3882/2/3 3881/2/3
f 3884/2/3 3882/2/3 3883/2/3
f 3887/2/3 3886/2/3 3885/2/3
f 3888/2/3 3886/2/3 3887/2/3
f 3891/2/3 3890/2/3 3889/2/3
f 3892/2/3 3890/2/3 3891/2/3
f 3895/2/3 3894/2/3 3893/2/3
f 3896/2/3 3894/2/3 3895/2/3
f 3899/2/3 3898/2/3 3897/2/3
f 3900/2/3 3898/2/3 3899/2/3
f 3903/2/3 3902/2/3 3901/2/3
f 3904/2/3 3902/2/3 3903/2/3
f 3909/2/3 3906/2/3 3905/2/3
f 3910/2/3 3906/2/3 3909/2/3
f 3911/1/3 3908/1/3 3907/1/3
f 3912/1/3 3908/1/3 3911/1/3
f 3915/1/3 3914/1/3 3913/1/3
f 3916/1/3 3914/1/3 3915/1/3
f 3919/2/3 3918/2/3 3917/2/3
f 3920/2/3 3918/2/3 3919/2/3
f 3923/2/3 3922/2/3 3921/2/3
f 3924/2/3 3922/2/3 3923/2/3
f 3927/2/3 3926/2/3 3925/2/3
f 3928/2/3 3926/2/3 3927/2/3
f 3931/2/3 3930/2/3 3929/2/3
f 3932/2/3 3930/2/3 3931/2/3
f 3935/2/3 3934/2/3 3933/2/3
f 3936/2/3 3934/2/3 3935/2/3
f 3940/3/3 3938/3/3 3937/3/3
f 3941/3/3 3938/3/3 3940/3/3
f 3942/3/3 3938/3/3 3941/3/3
f 3943/3/3 3938/3/3 3942/3/3
f 3944/3/3 3938/3/3 3943/3/3
f 3945/3/3 3938/3/3 3944/3/3
f 3946/3/3 3938/3/3 3945/3/3
f 3947/3/3 3938/3/3 3946/3/3
f 3948/3/3 3938/3/3 3947/3/3
f 3949/3/3 3938/3/3 3948/3/3
f 3950/3/3 3938/3/3 3949/3/3
f 3951/3/3 3938/3/3 3950/3/3
f 3952/3/3 3938/3/3 3951/3/3
f 3953/3/3 3938/3/3 3952/3/3
f 3954/3/3 3938/3/3 3953/3/3
f 3955/5/3 3939/5/3 3938/5/3
f 3955/3/3 3938/3/3 3954/3/3
f 3956/4/3 3941/4/3 3940/4/3
f 3957/2/3 3942/2/3 3941/2/3
f 3957/4/3 3941/4/3 3956/4/3
f 3958/4/3 3943/4/3 3942/4/3
f 3958/2/3 3942/2/3 3957/2/3
f 3959/2/3 3944/2/3 3943/2/3
f 3959/4/3 3943/4/3 3958/4/3
f 3960/4/3 3945/4/3 3944/4/3
f 3960/2/3 3944/2/3 3959/2/3
f 3961/2/3 3946/2/3 3945/2/3
f 3961/4/3 3945/4/3 3960/4/3
f 3962/4/3 3947/4/3 3946/4/3
f 3962/2/3 3946/2/3 3961/2/3
f 3963/2/3 3948/2/3 3947/2/3
f 3963/4/3 3947/4/3 3962/4/3
f 3964/4/3 3949/4/3 3948/4/3
f 3964/2/3 3948/2/3 3963/2/3
f 3965/2/3 3950/2/3 3949/2/3
f 3965/4/3 3949/4/3 3964/4/3
f 3966/4/3 3951/4/3 3950/4/3
f 3966/2/3 3950/2/3 3965/2/3
f 3967/2/3 3952/2/3 3951/2/3
f 3967/4/3 3951/4/3 3966/4/3
f 3968/4/3 3953/4/3 3952/4/3
f 3968/2/3 3952/2/3 3967/2/3
f 3969/4/3 3953/4/3 3968/4/3
f 3970/5/3 3939/5/3 3955/5/3
f 3971/5/3 3939/5/3 3970/5/3
f 3974/2/3 3973/2/3 3972/2/3
f 3975/2/3 3973/2/3 3974/2/3
f 3980/3/3 3977/3/3 3976/3/3
f 3981/3/3 3977/3/3 3980/3/3
f 3982/3/3 3979/3/3 3978/3/3
f 3983/3/3 3979/3/3 3982/3/3
f 3988/3/3 3985/3/3 3984/3/3
f 3989/3/3 3985/3/3 3988/3/3
f 3990/3/3 3987/3/3 3986/3/3
f 3991/3/3 3987/3/3 3990/3/3
f 3994/3/3 3993/3/3 3992/3/3
f 3995/3/3 3993/3/3 3994/3/3
f 4105/3/3 3997/3/3 3996/3/3
f 4106/3/3 3997/3/3 4105/3/3
f 4107/3/3 3999/3/3 3998/3/3
f 4108/3/3 3999/3/3 4107/3/3
f 4109/3/3 4001/3/3 4000/3/3
f 4110/3/3 4001/3/3 4109/3/3
f 4111/3/3 4003/3/3 4002/3/3
f 4112/3/3 4003/3/3 4111/3/3
f 4113/3/3 4005/3/3 4004/3/3
f 4114/3/3 4005/3/3 4113/3/3
f 4115/3/3 4007/3/3 4006/3/3
f 4116/3/3 4007/3/3 4115/3/3
f 4117/3/3 4009/3/3 4008/3/3
f 4118/3/3 4009/3/3 4117/3/3
f 4119/3/3 4011/3/3 4010/3/3
f 4120/3/3 4011/3/3 4119/3/3
f 4121/3/3 4013/3/3 4012/3/3
f 4122/3/3 4013/3/3 4121/3/3
f 4123/3/3 4015/3/3 4014/3/3
f 4124/3/3 4015/3/3 4123/3/3
f 4125/3/3 4017/3/3 4016/3/3
f 4126/3/3 4017/3/3 4125/3/3
f 4127/3/3 4019/3/3 4018/3/3
f 4128/3/3 4019/3/3 4127/3/3
f 4129/3/3 4021/3/3 4020/3/3
f 4130/3/3 4021/3/3 4129/3/3
f 4131/3/3 4023/3/3 4022/3/3
f 4132/3/3 4023/3/3 4131/3/3
f 4133/3/3 4025/3/3 4024/3/3
f 4134/3/3 4025/3/3 4133/3/3
f 4135/3/3 4027/3/3 4026/3/3
f 4136/3/3 4027/3/3 4135/3/3
f 4137/3/3 4029/3/3 4028/3/3
f 4138/3/3 4029/3/3 4137/3/3
f 4139/3/3 4031/3/3 4030/3/3
f 4140/3/3 4031/3/3 4139/3/3
f 4141/3/3 4033/3/3 4032/3/3
f 4142/3/3 4033/3/3 4141/3/3
f 4143/3/3 4035/3/3 4034/3/3
f 4144/3/3 4035/3/3 4143/3/3
f 4145/3/3 4037/3/3 4036/3/3
f 4146/3/3 4037/3/3 4145/3/3
f 4147/3/3 4039/3/3 4038/3/3
f 4148/3/3 4039/3/3 4147/3/3
f 4149/3/3 4041/3/3 4040/3/3
f 4150/3/3 4041/3/3 4149/3/3
f 4151/3/3 4043/3/3 4042/3/3
f 4152/3/3 4043/3/3 4151/3/3
f 4153/3/3 4045/3/3 4044/3/3
f 4154/3/3 4045/3/3 4153/3/3
f 4155/3/3 4047/3/3 4046/3/3
f 4156/3/3 4047/3/3 4155/3/3
f 4157/3/3 4049/3/3 4048/3/3
f 4158/3/3 4049/3/3 4157/3/3
f 4159/3/3 4051/3/3 4050/3/3
f 4160/3/3 4051/3/3 4159/3/3
f 4161/3/3 4053/3/3 4052/3/3
f 4162/3/3 4053/3/3 4161/3/3
f 4163/3/3 4055/3/3 4054/3/3
f 4164/3/3 4055/3/3 4163/3/3
f 4165/3/3 4057/3/3 4056/3/3
f 4166/3/3 4057/3/3 4165/3/3
f 4167/3/3 4059/3/3 4058/3/3
f 4168/3/3 4059/3/3 4167/3/3
f 4169/3/3 4061/3/3 4060/3/3
f 4170/3/3 4061/3/3 4169/3/3
f 4171/3/3 4063/3/3 4062/3/3
f 4172/3/3 4063/3/3 4171/3/3
f 4173/3/3 4065/3/3 4064/3/3
f 4174/3/3 4065/3/3 4173/3/3
f 4175/3/3 4067/3/3 4066/3/3
f 4176/3/3 4067/3/3 4175/3/3
f 4177/3/3 4069/3/3 4068/3/3
f 4178/3/3 4069/3/3 4177/3/3
f 4179/3/3 4071/3/3 4070/3/3
f 4180/3/3 4071/3/3 4179/3/3
f 4181/3/3 4073/3/3 4072/3/3
f 4182/3/3 4073/3/3 4181/3/3
f 4183/3/3 4075/3/3 4074/3/3
f 4184/3/3 4075/3/3 4183/3/3
f 4185/3/3 4077/3/3 4076/3/3
f 4186/3/3 4077/3/3 4185/3/3
f 4187/3/3 4079/3/3 4078/3/3
f 4188/3/3 4079/3/3 4187/3/3
f 4189/3/3 4081/3/3 4080/3/3
f 4190/3/3 4081/3/3 4189/3/3
f 4191/3/3 4083/3/3 4082/3/3
f 4192/3/3 4083/3/3 4191/3/3
f 4193/3/3 4085/3/3 4084/3/3
f 4194/3/3 4085/3/3 4193/3/3
f 4195/3/3 4087/3/3 4086/3/3
f 4196/3/3 4087/3/3 4195/3/3
f 4197/3/3 4089/3/3 4088/3/3
f 4198/3/3 4089/3/3 4197/3/3
f 4199/3/3 4091/3/3 4090/3/3
f 4200/3/3 4091/3/3 4199/3/3
f 4201/3/3 4093/3/3 4092/3/3
f 4202/3/3 4093/3/3 4201/3/3
f 4203/3/3 4095/3/3 4094/3/3
f 4204/3/3 4095/3/3 4203/3/3
f 4205/3/3 4097/3/3 4096/3/3
f 4206/3/3 4097/3/3 4205/3/3
f 4207/3/3 4099/3/3 4098/3/3
f 4208/3/3 4099/3/3 4207/3/3
f 4209/3/3 4101/3/3 4100/3/3
f 4210/3/3 4101/3/3 4209/3/3
f 4211/3/3 4103/3/3 4102/3/3
f 4212/3/3 4103/3/3 4211/3/3
f 4213/5/3 4104/5/3 4103/5/3
f 4213/3/3 4103/3/3 4212/3/3
f 4214/5/3 4104/5/3 4213/5/3
f 4215/5/3 4104/5/3 4214/5/3
f 4218/4/3 4217/4/3 4216/4/3
f 4220/2/3 4219/2/3 4218/2/3
f 4233/4/3 4218/4/3 4216/4/3
f 4234/2/3 4220/2/3 4218/2/3
f 4234/4/3 4218/4/3 4233/4/3
f 4235/4/3 4221/4/3 4220/4/3
f 4235/2/3 4220/2/3 4234/2/3
f 4236/2/3 4222/2/3 4221/2/3
f 4236/4/3 4221/4/3 4235/4/3
f 4237/4/3 4223/4/3 4222/4/3
f 4237/2/3 4222/2/3 4236/2/3
f 4238/2/3 4224/2/3 4223/2/3
f 4238/4/3 4223/4/3 4237/4/3
f 4239/4/3 4225/4/3 4224/4/3
f 4239/2/3 4224/2/3 4238/2/3
f 4240/2/3 4226/2/3 4225/2/3
f 4240/4/3 4225/4/3 4239/4/3
f 4241/4/3 4227/4/3 4226/4/3
f 4241/2/3 4226/2/3 4240/2/3
f 4242/2/3 4228/2/3 4227/2/3
f 4242/4/3 4227/4/3 4241/4/3
f 4243/4/3 4229/4/3 4228/4/3
f 4243/2/3 4228/2/3 4242/2/3
f 4244/2/3 4230/2/3 4229/2/3
f 4244/4/3 4229/4/3 4243/4/3
f 4245/4/3 4231/4/3 4230/4/3
f 4245/2/3 4230/2/3 4244/2/3
f 4246/3/3 4232/3/3 4231/3/3
f 4246/4/3 4231/4/3 4245/4/3
f 4247/3/3 4232/3/3 4246/3/3
f 4263/4/3 4251/4/3 4250/4/3
f 4263/2/3 4252/2/3 4251/2/3
f 4264/4/3 4253/4/3 4252/4/3
f 4264/2/3 4252/2/3 4263/2/3
f 4265/2/3 4254/2/3 4253/2/3
f 4265/4/3 4253/4/3 4264/4/3
f 4266/4/3 4255/4/3 4254/4/3
f 4266/2/3 4254/2/3 4265/2/3
f 4267/2/3 4256/2/3 4255/2/3
f 4267/4/3 4255/4/3 4266/4/3
f 4268/4/3 4257/4/3 4256/4/3
f 4268/2/3 4256/2/3 4267/2/3
f 4269/2/3 4258/2/3 4257/2/3
f 4269/4/3 4257/4/3 4268/4/3
f 4270/4/3 4259/4/3 4258/4/3
f 4270/2/3 4258/2/3 4269/2/3
f 4271/2/3 4260/2/3 4259/2/3
f 4271/4/3 4259/4/3 4270/4/3
f 4272/4/3 4261/4/3 4260/4/3
f 4272/2/3 4260/2/3 4271/2/3
f 4273/3/3 4262/3/3 4261/3/3
f 4273/4/3 4261/4/3 4272/4/3
f 4274/3/3 4262/3/3 4273/3/3
f 4275/4/3 4249/4/3 4248/4/3
f 4276/2/3 4250/2/3 4249/2/3
f 4276/4/3 4249/4/3 4275/4/3
f 4277/4/3 4263/4/3 4250/4/3
f 4277/2/3 4250/2/3 4276/2/3
f 4278/4/3 4263/4/3 4277/4/3
f 4281/1/3 4280/1/3 4279/1/3
f 4282/1/3 4280/1/3 4281/1/3
f 4285/1/3 4284/1/3 4283/1/3
f 4286/1/3 4284/1/3 4285/1/3
f 4302/4/3 4288/4/3 4287/4/3
f 4303/2/3 4289/2/3 4288/2/3
f 4303/4/3 4288/4/3 4302/4/3
f 4304/4/3 4290/4/3 4289/4/3
f 4304/2/3 4289/2/3 4303/2/3
f 4305/2/3 4291/2/3 4290/2/3
f 4305/4/3 4290/4/3 4304/4/3
f 4306/4/3 4292/4/3 4291/4/3
f 4306/2/3 4291/2/3 4305/2/3
f 4307/2/3 4293/2/3 4292/2/3
f 4307/4/3 4292/4/3 4306/4/3
f 4308/4/3 4294/4/3 4293/4/3
f 4308/2/3 4293/2/3 4307/2/3
f 4309/2/3 4295/2/3 4294/2/3
f 4309/4/3 4294/4/3 4308/4/3
f 4310/4/3 4296/4/3 4295/4/3
f 4310/2/3 4295/2/3 4309/2/3
f 4311/2/3 4297/2/3 4296/2/3
f 4311/4/3 4296/4/3 4310/4/3
f 4312/4/3 4298/4/3 4297/4/3
f 4312/2/3 4297/2/3 4311/2/3
f 4313/2/3 4299/2/3 4298/2/3
f 4313/4/3 4298/4/3 4312/4/3
f 4314/4/3 4300/4/3 4299/4/3
f 4314/2/3 4299/2/3 4313/2/3
f 4315/3/3 4301/3/3 4300/3/3
f 4315/4/3 4300/4/3 4314/4/3
f 4316/3/3 4301/3/3 4315/3/3
f 4332/4/3 4318/4/3 4317/4/3
f 4333/2/3 4319/2/3 4318/2/3
f 4333/4/3 4318/4/3 4332/4/3
f 4334/4/3 4320/4/3 4319/4/3
f 4334/2/3 4319/2/3 4333/2/3
f 4335/2/3 4321/2/3 4320/2/3
f 4335/4/3 4320/4/3 4334/4/3
f 4336/4/3 4322/4/3 4321/4/3
f 4336/2/3 4321/2/3 4335/2/3
f 4337/2/3 4323/2/3 4322/2/3
f 4337/4/3 4322/4/3 4336/4/3
f 4338/4/3 4324/4/3 4323/4/3
f 4338/2/3 4323/2/3 4337/2/3
f 4339/2/3 4325/2/3 4324/2/3
f 4339/4/3 4324/4/3 4338/4/3
f 4340/4/3 4326/4/3 4325/4/3
f 4340/2/3 4325/2/3 4339/2/3
f 4341/2/3 4327/2/3 4326/2/3
f 4341/4/3 4326/4/3 4340/4/3
f 4342/4/3 4328/4/3 4327/4/3
f 4342/2/3 4327/2/3 4341/2/3
f 4343/2/3 4329/2/3 4328/2/3
f 4343/4/3 4328/4/3 4342/4/3
f 4344/4/3 4330/4/3 4329/4/3
f 4344/2/3 4329/2/3 4343/2/3
f 4345/3/3 4331/3/3 4330/3/3
f 4345/4/3 4330/4/3 4344/4/3
f 4346/3/3 4331/3/3 4345/3/3
f 4362/4/3 4348/4/3 4347/4/3
f 4363/2/3 4349/2/3 4348/2/3
f 4363/4/3 4348/4/3 4362/4/3
f 4364/4/3 4350/4/3 4349/4/3
f 4364/2/3 4349/2/3 4363/2/3
f 4365/2/3 4351/2/3 4350/2/3
f 4365/4/3 4350/4/3 4364/4/3
f 4366/4/3 4352/4/3 4351/4/3
f 4366/2/3 4351/2/3 4365/2/3
f 4367/2/3 4353/2/3 4352/2/3
f 4367/4/3 4352/4/3 4366/4/3
f 4368/4/3 4354/4/3 4353/4/3
f 4368/2/3 4353/2/3 4367/2/3
f 4369/2/3 4355/2/3 4354/2/3
f 4369/4/3 4354/4/3 4368/4/3
f 4370/4/3 4356/4/3 4355/4/3
f 4370/2/3 4355/2/3 4369/2/3
f 4371/2/3 4357/2/3 4356/2/3
f 4371/4/3 4356/4/3 4370/4/3
f 4372/4/3 4358/4/3 4357/4/3
f 4372/2/3 4357/2/3 4371/2/3
f 4373/2/3 4359/2/3 4358/2/3
f 4373/4/3 4358/4/3 4372/4/3
f 4374/4/3 4360/4/3 4359/4/3
f 4374/2/3 4359/2/3 4373/2/3
f 4375/3/3 4361/3/3 4360/3/3
f 4375/4/3 4360/4/3 4374/4/3
f 4376/3/3 4361/3/3 4375/3/3
f 4392/4/3 4378/4/3 4377/4/3
f 4393/2/3 4379/2/3 4378/2/3
f 4393/4/3 4378/4/3 4392/4/3
f 4394/4/3 4380/4/3 4379/4/3
f 4394/2/3 4379/2/3 4393/2/3
f 4395/2/3 4381/2/3 4380/2/3
f 4395/4/3 4380/4/3 4394/4/3
f 4396/4/3 4382/4/3 4381/4/3
f 4396/2/3 4381/2/3 4395/2/3
f 4397/2/3 4383/2/3 4382/2/3
f 4397/4/3 4382/4/3 4396/4/3
f 4398/4/3 4384/4/3 4383/4/3
f 4398/2/3 4383/2/3 4397/2/3
f 4399/2/3 4385/2/3 4384/2/3
f 4399/4/3 4384/4/3 4398/4/3
f 4400/4/3 4386/4/3 4385/4/3
f 4400/2/3 4385/2/3 4399/2/3
f 4401/2/3 4387/2/3 4386/2/3
f 4401/4/3 4386/4/3 4400/4/3
f 4402/4/3 4388/4/3 4387/4/3
f 4402/2/3 4387/2/3 4401/2/3
f 4403/2/3 4389/2/3 4388/2/3
f 4403/4/3 4388/4/3 4402/4/3
f 4404/4/3 4390/4/3 4389/4/3
f 4404/2/3 4389/2/3 4403/2/3
f 4405/3/3 4391/3/3 4390/3/3
f 4405/4/3 4390/4/3 4404/4/3
f 4406/3/3 4391/3/3 4405/3/3
f 4409/1/3 4408/1/3 4407/1/3
f 4410/1/3 4408/1/3 4409/1/3
f 4413/1/3 4412/1/3 4411/1/3
f 4414/1/3 4412/1/3 4413/1/3
f 4430/4/3 4416/4/3 4415/4/3
f 4431/2/3 4417/2/3 4416/2/3
f 4431/4/3 4416/4/3 4430/4/3
f 4432/4/3 4418/4/3 4417/4/3
f 4432/2/3 4417/2/3 4431/2/3
f 4433/2/3 4419/2/3 4418/2/3
f 4433/4/3 4418/4/3 4432/4/3
f 4434/4/3 4420/4/3 4419/4/3
f 4434/2/3 4419/2/3 4433/2/3
f 4435/2/3 4421/2/3 4420/2/3
f 4435/4/3 4420/4/3 4434/4/3
f 4436/4/3 4422/4/3 4421/4/3
f 4436/2/3 4421/2/3 4435/2/3
f 4437/2/3 4423/2/3 4422/2/3
f 4437/4/3 4422/4/3 4436/4/3
f 4438/4/3 4424/4/3 4423/4/3
f 4438/2/3 4423/2/3 4437/2/3
f 4439/2/3 4425/2/3 4424/2/3
f 4439/4/3 4424/4/3 4438/4/3
f 4440/4/3 4426/4/3 4425/4/3
f 4440/2/3 4425/2/3 4439/2/3
f 4441/2/3 4427/2/3 4426/2/3
f 4441/4/3 4426/4/3 4440/4/3
f 4442/4/3 4428/4/3 4427/4/3
f 4442/2/3 4427/2/3 4441/2/3
f 4443/3/3 4429/3/3 4428/3/3
f 4443/4/3 4428/4/3 4442/4/3
f 4444/3/3 4429/3/3 4443/3/3
f 4460/4/3 4446/4/3 4445/4/3
f 4461/2/3 4447/2/3 4446/2/3
f 4461/4/3 4446/4/3 4460/4/3
f 4462/4/3 4448/4/3 4447/4/3
f 4462/2/3 4447/2/3 4461/2/3
f 4463/2/3 4449/2/3 4448/2/3
f 4463/4/3 4448/4/3 4462/4/3
f 4464/4/3 4450/4/3 4449/4/3
f 4464/2/3 4449/2/3 4463/2/3
f 4465/2/3 4451/2/3 4450/2/3
f 4465/4/3 4450/4/3 4464/4/3
f 4466/4/3 4452/4/3 4451/4/3
f 4466/2/3 4451/2/3 4465/2/3
f 4467/2/3 4453/2/3 4452/2/3
f 4467/4/3 4452/4/3 4466/4/3
f 4468/4/3 4454/4/3 4453/4/3
f 4468/2/3 4453/2/3 4467/2/3
f 4469/2/3 4455/2/3 4454/2/3
f 4469/4/3 4454/4/3 4468/4/3
f 4470/4/3 4456/4/3 4455/4/3
f 4470/2/3 4455/2/3 4469/2/3
f 4471/2/3 4457/2/3 4456/2/3
f 4471/4/3 4456/4/3 4470/4/3
f 4472/4/3 4458/4/3 4457/4/3
f 4472/2/3 4457/2/3 4471/2/3
f 4473/3/3 4459/3/3 4458/3/3
f 4473/4/3 4458/4/3 4472/4/3
f 4474/3/3 4459/3/3 4473/3/3
f 4490/4/3 4476/4/3 4475/4/3
f 4491/2/3 4477/2/3 4476/2/3
f 4491/4/3 4476/4/3 4490/4/3
f 4492/4/3 4478/4/3 4477/4/3
f 4492/2/3 4477/2/3 4491/2/3
f 4493/2/3 4479/2/3 4478/2/3
f 4493/4/3 4478/4/3 4492/4/3
f 4494/4/3 4480/4/3 4479/4/3
f 4494/2/3 4479/2/3 4493/2/3
f 4495/2/3 4481/2/3 4480/2/3
f 4495/4/3 4480/4/3 4494/4/3
f 4496/4/3 4482/4/3 4481/4/3
f 4496/2/3 4481/2/3 4495/2/3
f 4497/2/3 4483/2/3 4482/2/3
f 4497/4/3 4482/4/3 4496/4/3
f 4498/4/3 4484/4/3 4483/4/3
f 4498/2/3 4483/2/3 4497/2/3
f 4499/2/3 4485/2/3 4484/2/3
f 4499/4/3 4484/4/3 4498/4/3
f 4500/4/3 4486/4/3 4485/4/3
f 4500/2/3 4485/2/3 4499/2/3
f 4501/2/3 4487/2/3 4486/2/3
f 4501/4/3 4486/4/3 4500/4/3
f 4502/4/3 4488/4/3 4487/4/3
f 4502/2/3 4487/2/3 4501/2/3
f 4503/3/3 4489/3/3 4488/3/3
f 4503/4/3 4488/4/3 4502/4/3
f 4504/3/3 4489/3/3 4503/3/3
f 4507/1/3 4506/1/3 4505/1/3
f 4508/1/3 4506/1/3 4507/1/3
f 4511/1/3 4510/1/3 4509/1/3
f 4512/1/3 4510/1/3 4511/1/3
f 4515/1/3 4514/1/3 4513/1/3
f 4516/1/3 4514/1/3 4515/1/3
f 4519/1/3 4518/1/3 4517/1/3
f 4520/1/3 4518/1/3 4519/1/3
f 4523/1/3 4522/1/3 4521/1/3
f 4524/1/3 4522/1/3 4523/1/3
f 4527/1/3 4526/1/3 4525/1/3
f 4528/1/3 4526/1/3 4527/1/3
f 4531/1/3 4530/1/3 4529/1/3
f 4532/1/3 4530/1/3 4531/1/3
f 4535/1/3 4534/1/3 4533/1/3
f 4536/1/3 4534/1/3 4535/1/3
f 4539/1/3 4538/1/3 4537/1/3
f 4540/1/3 4538/1/3 4539/1/3
f 4543/1/3 4542/1/3 4541/1/3
f 4544/1/3 4542/1/3 4543/1/3
f 4547/1/3 4546/1/3 4545/1/3
f 4548/1/3 4546/1/3 4547/1/3
f 4549/1/4 4550/1/4 4551/1/4
f 4551/1/4 4550/1/4 4552/1/4
f 4553/1/4 4554/1/4 4555/1/4
f 4555/1/4 4554/1/4 4556/1/4
f 4557/1/4 4558/1/4 4559/1/4
f 4559/1/4 4558/1/4 4560/1/4
f 4561/1/4 4562/1/4 4563/1/4
f 4563/1/4 4562/1/4 4564/1/4
f 4565/1/4 4566/1/4 4567/1/4
f 4567/1/4 4566/1/4 4568/1/4
f 4569/1/4 4570/1/4 4571/1/4
f 4571/1/4 4570/1/4 4572/1/4
f 4573/1/4 4574/1/4 4575/1/4
f 4575/1/4 4574/1/4 4576/1/4
f 4577/1/4 4578/1/4 4579/1/4
f 4579/1/4 4578/1/4 4580/1/4
f 4581/1/4 4582/1/4 4583/1/4
f 4583/1/4 4582/1/4 4584/1/4
f 4585/1/4 4586/1/4 4587/1/4
f 4587/1/4 4586/1/4 4588/1/4
f 4589/1/4 4590/1/4 4591/1/4
f 4591/1/4 4590/1/4 4592/1/4
f 4593/4/4 4594/4/4 4608/4/4
f 4594/2/4 4595/2/4 4609/2/4
f 4608/4/4 4594/4/4 4609/4/4
f 4595/4/4 4596/4/4 4610/4/4
f 4609/2/4 4595/2/4 4610/2/4
f 4596/2/4 4597/2/4 4611/2/4
f 4610/4/4 4596/4/4 4611/4/4
f 4597/4/4 4598/4/4 4612/4/4
f 4611/2/4 4597/2/4 4612/2/4
f 4598/2/4 4599/2/4 4613/2/4
f 4612/4/4 4598/4/4 4613/4/4
f 4599/4/4 4600/4/4 4614/4/4
f 4613/2/4 4599/2/4 4614/2/4
f 4600/2/4 4601/2/4 4615/2/4
f 4614/4/4 4600/4/4 4615/4/4
f 4601/4/4 4602/4/4 4616/4/4
f 4615/2/4 4601/2/4 4616/2/4
f 4602/2/4 4603/2/4 4617/2/4
f 4616/4/4 4602/4/4 4617/4/4
f 4603/4/4 4604/4/4 4618/4/4
f 4617/2/4 4603/2/4 4618/2/4
f 4604/2/4 4605/2/4 4619/2/4
f 4618/4/4 4604/4/4 4619/4/4
f 4605/4/4 4606/4/4 4620/4/4
f 4619/2/4 4605/2/4 4620/2/4
f 4606/3/4 4607/3/4 4621/3/4
f 4620/4/4 4606/4/4 4621/4/4
f 4621/3/4 4607/3/4 4622/3/4
f 4623/4/4 4624/4/4 4638/4/4
f 4624/2/4 4625/2/4 4639/2/4
f 4638/4/4 4624/4/4 4639/4/4
f 4625/4/4 4626/4/4 4640/4/4
f 4639/2/4 4625/2/4 4640/2/4
f 4626/2/4 4627/2/4 4641/2/4
f 4640/4/4 4626/4/4 4641/4/4
f 4627/4/4 4628/4/4 4642/4/4
f 4641/2/4 4627/2/4 4642/2/4
f 4628/2/4 4629/2/4 4643/2/4
f 4642/4/4 4628/4/4 4643/4/4
f 4629/4/4 4630/4/4 4644/4/4
f 4643/2/4 4629/2/4 4644/2/4
f 4630/2/4 4631/2/4 4645/2/4
f 4644/4/4 4630/4/4 4645/4/4
f 4631/4/4 4632/4/4 4646/4/4
f 4645/2/4 4631/2/4 4646/2/4
f 4632/2/4 4633/2/4 4647/2/4
f 4646/4/4 4632/4/4 4647/4/4
f 4633/4/4 4634/4/4 4648/4/4
f 4647/2/4 4633/2/4 4648/2/4
f 4634/2/4 4635/2/4 4649/2/4
f 4648/4/4 4634/4/4 4649/4/4
f 4635/4/4 4636/4/4 4650/4/4
f 4649/2/4 4635/2/4 4650/2/4
f 4636/3/4 4637/3/4 4651/3/4
f 4650/4/4 4636/4/4 4651/4/4
f 4651/3/4 4637/3/4 4652/3/4
f 4653/4/4 4654/4/4 4668/4/4
f 4654/2/4 4655/2/4 4669/2/4
f 4668/4/4 4654/4/4 4669/4/4
f 4655/4/4 4656/4/4 4670/4/4
f 4669/2/4 4655/2/4 4670/2/4
f 4656/2/4 4657/2/4 4671/2/4
f 4670/4/4 4656/4/4 4671/4/4
f 4657/4/4 4658/4/4 4672/4/4
f 4671/2/4 4657/2/4 4672/2/4
f 4658/2/4 4659/2/4 4673/2/4
f 4672/4/4 4658/4/4 4673/4/4
f 4659/4/4 4660/4/4 4674/4/4
f 4673/2/4 4659/2/4 4674/2/4
f 4660/2/4 4661/2/4 4675/2/4
f 4674/4/4 4660/4/4 4675/4/4
f 4661/4/4 4662/4/4 4676/4/4
f 4675/2/4 4661/2/4 4676/2/4
f 4662/2/4 4663/2/4 4677/2/4
f 4676/4/4 4662/4/4 4677/4/4
f 4663/4/4 4664/4/4 4678/4/4
f 4677/2/4 4663/2/4 4678/2/4
f 4664/2/4 4665/2/4 4679/2/4
f 4678/4/4 4664/4/4 4679/4/4
f 4665/4/4 4666/4/4 4680/4/4
f 4679/2/4 4665/2/4 4680/2/4
f 4666/3/4 4667/3/4 4681/3/4
f 4680/4/4 4666/4/4 4681/4/4
f 4681/3/4 4667/3/4 4682/3/4
f 4683/1/4 4684/1/4 4685/1/4
f 4685/1/4 4684/1/4 4686/1/4
f 4687/1/4 4688/1/4 4689/1/4
f 4689/1/4 4688/1/4 4690/1/4
f 4691/4/4 4692/4/4 4706/4/4
f 4692/2/4 4693/2/4 4707/2/4
f 4706/4/4 4692/4/4 4707/4/4
f 4693/4/4 4694/4/4 4708/4/4
f 4707/2/4 4693/2/4 4708/2/4
f 4694/2/4 4695/2/4 4709/2/4
f 4708/4/4 4694/4/4 4709/4/4
f 4695/4/4 4696/4/4 4710/4/4
f 4709/2/4 4695/2/4 4710/2/4
f 4696/2/4 4697/2/4 4711/2/4
f 4710/4/4 4696/4/4 4711/4/4
f 4697/4/4 4698/4/4 4712/4/4
f 4711/2/4 4697/2/4 4712/2/4
f 4698/2/4 4699/2/4 4713/2/4
f 4712/4/4 4698/4/4 4713/4/4
f 4699/4/4 4700/4/4 4714/4/4
f 4713/2/4 4699/2/4 4714/2/4
f 4700/2/4 4701/2/4 4715/2/4
f 4714/4/4 4700/4/4 4715/4/4
f 4701/4/4 4702/4/4 4716/4/4
f 4715/2/4 4701/2/4 4716/2/4
f 4702/2/4 4703/2/4 4717/2/4
f 4716/4/4 4702/4/4 4717/4/4
f 4703/4/4 4704/4/4 4718/4/4
f 4717/2/4 4703/2/4 4718/2/4
f 4704/3/4 4705/3/4 4719/3/4
f 4718/4/4 4704/4/4 4719/4/4
f 4719/3/4 4705/3/4 4720/3/4
f 4721/4/4 4722/4/4 4736/4/4
f 4722/2/4 4723/2/4 4737/2/4
f 4736/4/4 4722/4/4 4737/4/4
f 4723/4/4 4724/4/4 4738/4/4
f 4737/2/4 4723/2/4 4738/2/4
f 4724/2/4 4725/2/4 4739/2/4
f 4738/4/4 4724/4/4 4739/4/4
f 4725/4/4 4726/4/4 4740/4/4
f 4739/2/4 4725/2/4 4740/2/4
f 4726/2/4 4727/2/4 4741/2/4
f 4740/4/4 4726/4/4 4741/4/4
f 4727/4/4 4728/4/4 4742/4/4
f 4741/2/4 4727/2/4 4742/2/4
f 4728/2/4 4729/2/4 4743/2/4
f 4742/4/4 4728/4/4 4743/4/4
f 4729/4/4 4730/4/4 4744/4/4
f 4743/2/4 4729/2/4 4744/2/4
f 4730/2/4 4731/2/4 4745/2/4
f 4744/4/4 4730/4/4 4745/4/4
f 4731/4/4 4732/4/4 4746/4/4
f 4745/2/4 4731/2/4 4746/2/4
f 4732/2/4 4733/2/4 4747/2/4
f 4746/4/4 4732/4/4 4747/4/4
f 4733/4/4 4734/4/4 4748/4/4
f 4747/2/4 4733/2/4 4748/2/4
f 4734/3/4 4735/3/4 4749/3/4
f 4748/4/4 4734/4/4 4749/4/4
f 4749/3/4 4735/3/4 4750/3/4
f 4751/4/4 4752/4/4 4766/4/4
f 4752/2/4 4753/2/4 4767/2/4
f 4766/4/4 4752/4/4 4767/4/4
f 4753/4/4 4754/4/4 4768/4/4
f 4767/2/4 4753/2/4 4768/2/4
f 4754/2/4 4755/2/4 4769/2/4
f 4768/4/4 4754/4/4 4769/4/4
f 4755/4/4 4756/4/4 4770/4/4
f 4769/2/4 4755/2/4 4770/2/4
f 4756/2/4 4757/2/4 4771/2/4
f 4770/4/4 4756/4/4 4771/4/4
f 4757/4/4 4758/4/4 4772/4/4
f 4771/2/4 4757/2/4 4772/2/4
f 4758/2/4 4759/2/4 4773/2/4
f 4772/4/4 4758/4/4 4773/4/4
f 4759/4/4 4760/4/4 4774/4/4
f 4773/2/4 4759/2/4 4774/2/4
f 4760/2/4 4761/2/4 4775/2/4
f 4774/4/4 4760/4/4 4775/4/4
f 4761/4/4 4762/4/4 4776/4/4
f 4775/2/4 4761/2/4 4776/2/4
f 4762/2/4 4763/2/4 4777/2/4
f 4776/4/4 4762/4/4 4777/4/4
f 4763/4/4 4764/4/4 4778/4/4
f 4777/2/4 4763/2/4 4778/2/4
f 4764/3/4 4765/3/4 4779/3/4
f 4778/4/4 4764/4/4 4779/4/4
f 4779/3/4 4765/3/4 4780/3/4
f 4781/4/4 4782/4/4 4796/4/4
f 4782/2/4 4783/2/4 4797/2/4
f 4796/4/4 4782/4/4 4797/4/4
f 4783/4/4 4784/4/4 4798/4/4
f 4797/2/4 4783/2/4 4798/2/4
f 4784/2/4 4785/2/4 4799/2/4
f 4798/4/4 4784/4/4 4799/4/4
f 4785/4/4 4786/4/4 4800/4/4
f 4799/2/4 4785/2/4 4800/2/4
f 4786/2/4 4787/2/4 4801/2/4
f 4800/4/4 4786/4/4 4801/4/4
f 4787/4/4 4788/4/4 4802/4/4
f 4801/2/4 4787/2/4 4802/2/4
f 4788/2/4 4789/2/4 4803/2/4
f 4802/4/4 4788/4/4 4803/4/4
f 4789/4/4 4790/4/4 4804/4/4
f 4803/2/4 4789/2/4 4804/2/4
f 4790/2/4 4791/2/4 4805/2/4
f 4804/4/4 4790/4/4 4805/4/4
f 4791/4/4 4792/4/4 4806/4/4
f 4805/2/4 4791/2/4 4806/2/4
f 4792/2/4 4793/2/4 4807/2/4
f 4806/4/4 4792/4/4 4807/4/4
f 4793/4/4 4794/4/4 4808/4/4
f 4807/2/4 4793/2/4 4808/2/4
f 4794/3/4 4795/3/4 4809/3/4
f 4808/4/4 4794/4/4 4809/4/4
f 4809/3/4 4795/3/4 4810/3/4
f 4811/1/4 4812/1/4 4813/1/4
f 4813/1/4 4812/1/4 4814/1/4
f 4815/1/4 4816/1/4 4817/1/4
f 4817/1/4 4816/1/4 4818/1/4
f 4819/4/4 4820/4/4 4821/4/4
f 4821/2/4 4822/2/4 4823/2/4
f 4819/4/4 4821/4/4 4836/4/4
f 4821/2/4 4823/2/4 4837/2/4
f 4836/4/4 4821/4/4 4837/4/4
f 4823/4/4 4824/4/4 4838/4/4
f 4837/2/4 4823/2/4 4838/2/4
f 4824/2/4 4825/2/4 4839/2/4
f 4838/4/4 4824/4/4 4839/4/4
f 4825/4/4 4826/4/4 4840/4/4
f 4839/2/4 4825/2/4 4840/2/4
f 4826/2/4 4827/2/4 4841/2/4
f 4840/4/4 4826/4/4 4841/4/4
f 4827/4/4 4828/4/4 4842/4/4
f 4841/2/4 4827/2/4 4842/2/4
f 4828/2/4 4829/2/4 4843/2/4
f 4842/4/4 4828/4/4 4843/4/4
f 4829/4/4 4830/4/4 4844/4/4
f 4843/2/4 4829/2/4 4844/2/4
f 4830/2/4 4831/2/4 4845/2/4
f 4844/4/4 4830/4/4 4845/4/4
f 4831/4/4 4832/4/4 4846/4/4
f 4845/2/4 4831/2/4 4846/2/4
f 4832/2/4 4833/2/4 4847/2/4
f 4846/4/4 4832/4/4 4847/4/4
f 4833/4/4 4834/4/4 4848/4/4
f 4847/2/4 4833/2/4 4848/2/4
f 4834/3/4 4835/3/4 4849/3/4
f 4848/4/4 4834/4/4 4849/4/4
f 4849/3/4 4835/3/4 4850/3/4
f 4863/4/4 4864/4/4 4866/4/4
f 4864/3/4 4865/3/4 4866/3/4
f 4866/3/4 4865/3/4 4867/3/4
f 4851/4/4 4852/4/4 4868/4/4
f 4852/2/4 4853/2/4 4869/2/4
f 4868/4/4 4852/4/4 4869/4/4
f 4853/4/4 4854/4/4 4870/4/4
f 4869/2/4 4853/2/4 4870/2/4
f 4854/2/4 4855/2/4 4871/2/4
f 4870/4/4 4854/4/4 4871/4/4
f 4855/4/4 4856/4/4 4872/4/4
f 4871/2/4 4855/2/4 4872/2/4
f 4856/2/4 4857/2/4 4873/2/4
f 4872/4/4 4856/4/4 4873/4/4
f 4857/4/4 4858/4/4 4874/4/4
f 4873/2/4 4857/2/4 4874/2/4
f 4858/2/4 4859/2/4 4875/2/4
f 4874/4/4 4858/4/4 4875/4/4
f 4859/4/4 4860/4/4 4876/4/4
f 4875/2/4 4859/2/4 4876/2/4
f 4860/2/4 4861/2/4 4877/2/4
f 4876/4/4 4860/4/4 4877/4/4
f 4861/4/4 4862/4/4 4878/4/4
f 4877/2/4 4861/2/4 4878/2/4
f 4862/2/4 4863/2/4 4879/2/4
f 4878/4/4 4862/4/4 4879/4/4
f 4863/4/4 4866/4/4 4880/4/4
f 4879/2/4 4863/2/4 4880/2/4
f 4880/4/4 4866/4/4 4881/4/4
f 4882/3/4 4883/3/4 4991/3/4
f 4991/3/4 4883/3/4 4992/3/4
f 4884/3/4 4885/3/4 4993/3/4
f 4993/3/4 4885/3/4 4994/3/4
f 4886/3/4 4887/3/4 4995/3/4
f 4995/3/4 4887/3/4 4996/3/4
f 4888/3/4 4889/3/4 4997/3/4
f 4997/3/4 4889/3/4 4998/3/4
f 4890/3/4 4891/3/4 4999/3/4
f 4999/3/4 4891/3/4 5000/3/4
f 4892/3/4 4893/3/4 5001/3/4
f 5001/3/4 4893/3/4 5002/3/4
f 4894/3/4 4895/3/4 5003/3/4
f 5003/3/4 4895/3/4 5004/3/4
f 4896/3/4 4897/3/4 5005/3/4
f 5005/3/4 4897/3/4 5006/3/4
f 4898/3/4 4899/3/4 5007/3/4
f 5007/3/4 4899/3/4 5008/3/4
f 4900/3/4 4901/3/4 5009/3/4
f 5009/3/4 4901/3/4 5010/3/4
f 4902/3/4 4903/3/4 5011/3/4
f 5011/3/4 4903/3/4 5012/3/4
f 4904/3/4 4905/3/4 5013/3/4
f 5013/3/4 4905/3/4 5014/3/4
f 4906/3/4 4907/3/4 5015/3/4
f 5015/3/4 4907/3/4 5016/3/4
f 4908/3/4 4909/3/4 5017/3/4
f 5017/3/4 4909/3/4 5018/3/4
f 4910/3/4 4911/3/4 5019/3/4
f 5019/3/4 4911/3/4 5020/3/4
f 4912/3/4 4913/3/4 5021/3/4
f 5021/3/4 4913/3/4 5022/3/4
f 4914/3/4 4915/3/4 5023/3/4
f 5023/3/4 4915/3/4 5024/3/4
f 4916/3/4 4917/3/4 5025/3/4
f 5025/3/4 4917/3/4 5026/3/4
f 4918/3/4 4919/3/4 5027/3/4
f 5027/3/4 4919/3/4 5028/3/4
f 4920/3/4 4921/3/4 5029/3/4
f 5029/3/4 4921/3/4 5030/3/4
f 4922/3/4 4923/3/4 5031/3/4
f 5031/3/4 4923/3/4 5032/3/4
f 4924/3/4 4925/3/4 5033/3/4
f 5033/3/4 4925/3/4 5034/3/4
f 4926/3/4 4927/3/4 5035/3/4
f 5035/3/4 4927/3/4 5036/3/4
f 4928/3/4 4929/3/4 5037/3/4
f 5037/3/4 4929/3/4 5038/3/4
f 4930/3/4 4931/3/4 5039/3/4
f 5039/3/4 4931/3/4 5040/3/4
f 4932/3/4 4933/3/4 5041/3/4
f 5041/3/4 4933/3/4 5042/3/4
f 4934/3/4 4935/3/4 5043/3/4
f 5043/3/4 4935/3/4 5044/3/4
f 4936/3/4 4937/3/4 5045/3/4
f 5045/3/4 4937/3/4 5046/3/4
f 4938/3/4 4939/3/4 5047/3/4
f 5047/3/4 4939/3/4 5048/3/4
f 4940/3/4 4941/3/4 5049/3/4
f 5049/3/4 4941/3/4 5050/3/4
f 4942/3/4 4943/3/4 5051/3/4
f 5051/3/4 4943/3/4 5052/3/4
f 4944/3/4 4945/3/4 5053/3/4
f 5053/3/4 4945/3/4 5054/3/4
f 4946/3/4 4947/3/4 5055/3/4
f 5055/3/4 4947/3/4 5056/3/4
f 4948/3/4 4949/3/4 5057/3/4
f 5057/3/4 4949/3/4 5058/3/4
f 4950/3/4 4951/3/4 5059/3/4
f 5059/3/4 4951/3/4 5060/3/4
f 4952/3/4 4953/3/4 5061/3/4
f 5061/3/4 4953/3/4 5062/3/4
f 4954/3/4 4955/3/4 5063/3/4
f 5063/3/4 4955/3/4 5064/3/4
f 4956/3/4 4957/3/4 5065/3/4
f 5065/3/4 4957/3/4 5066/3/4
f 4958/3/4 4959/3/4 5067/3/4
f 5067/3/4 4959/3/4 5068/3/4
f 4960/3/4 4961/3/4 5069/3/4
f 5069/3/4 4961/3/4 5070/3/4
f 4962/3/4 4963/3/4 5071/3/4
f 5071/3/4 4963/3/4 5072/3/4
f 4964/3/4 4965/3/4 5073/3/4
f 5073/3/4 4965/3/4 5074/3/4
f 4966/3/4 4967/3/4 5075/3/4
f 5075/3/4 4967/3/4 5076/3/4
f 4968/3/4 4969/3/4 5077/3/4
f 5077/3/4 4969/3/4 5078/3/4
f 4970/3/4 4971/3/4 5079/3/4
f 5079/3/4 4971/3/4 5080/3/4
f 4972/3/4 4973/3/4 5081/3/4
f 5081/3/4 4973/3/4 5082/3/4
f 4974/3/4 4975/3/4 5083/3/4
f 5083/3/4 4975/3/4 5084/3/4
f 4976/3/4 4977/3/4 5085/3/4
f 5085/3/4 4977/3/4 5086/3/4
f 4978/3/4 4979/3/4 5087/3/4
f 5087/3/4 4979/3/4 5088/3/4
f 4980/3/4 4981/3/4 5089/3/4
f 5089/3/4 4981/3/4 5090/3/4
f 4982/3/4 4983/3/4 5091/3/4
f 5091/3/4 4983/3/4 5092/3/4
f 4984/3/4 4985/3/4 5093/3/4
f 5093/3/4 4985/3/4 5094/3/4
f 4986/3/4 4987/3/4 5095/3/4
f 5095/3/4 4987/3/4 5096/3/4
f 4988/3/4 4989/3/4 5097/3/4
f 5097/3/4 4989/3/4 5098/3/4
f 4989/5/4 4990/5/4 5099/5/4
f 5098/3/4 4989/3/4 5099/3/4
f 5099/5/4 4990/5/4 5100/5/4
f 5100/5/4 4990/5/4 5101/5/4
f 5102/3/4 5103/3/4 5106/3/4
f 5106/3/4 5103/3/4 5107/3/4
f 5104/3/4 5105/3/4 5108/3/4
f 5108/3/4 5105/3/4 5109/3/4
f 5110/3/4 5111/3/4 5114/3/4
f 5114/3/4 5111/3/4 5115/3/4
f 5112/3/4 5113/3/4 5116/3/4
f 5116/3/4 5113/3/4 5117/3/4
f 5118/3/4 5119/3/4 5120/3/4
f 5120/3/4 5119/3/4 5121/3/4
f 5122/2/4 5123/2/4 5124/2/4
f 5124/2/4 5123/2/4 5125/2/4
f 5126/2/4 5127/2/4 5128/2/4
f 5128/2/4 5127/2/4 5129/2/4
f 5130/2/4 5131/2/4 5132/2/4
f 5132/2/4 5131/2/4 5133/2/4
f 5134/3/4 5135/3/4 5137/3/4
f 5137/3/4 5135/3/4 5138/3/4
f 5138/3/4 5135/3/4 5139/3/4
f 5139/3/4 5135/3/4 5140/3/4
f 5140/3/4 5135/3/4 5141/3/4
f 5141/3/4 5135/3/4 5142/3/4
f 5142/3/4 5135/3/4 5143/3/4
f 5143/3/4 5135/3/4 5144/3/4
f 5144/3/4 5135/3/4 5145/3/4
f 5145/3/4 5135/3/4 5146/3/4
f 5146/3/4 5135/3/4 5147/3/4
f 5147/3/4 5135/3/4 5148/3/4
f 5148/3/4 5135/3/4 5149/3/4
f 5149/3/4 5135/3/4 5150/3/4
f 5150/3/4 5135/3/4 5151/3/4
f 5135/5/4 5136/5/4 5152/5/4
f 5151/3/4 5135/3/4 5152/3/4
f 5137/4/4 5138/4/4 5153/4/4
f 5138/2/4 5139/2/4 5154/2/4
f 5153/4/4 5138/4/4 5154/4/4
f 5139/4/4 5140/4/4 5155/4/4
f 5154/2/4 5139/2/4 5155/2/4
f 5155/4/4 5140/4/4 5156/4/4
f 5152/5/4 5136/5/4 5157/5/4
f 5157/5/4 5136/5/4 5158/5/4
f 5159/2/4 5160/2/4 5161/2/4
f 5161/2/4 5160/2/4 5162/2/4
f 5163/2/4 5164/2/4 5165/2/4
f 5165/2/4 5164/2/4 5166/2/4
f 5167/2/4 5168/2/4 5169/2/4
f 5169/2/4 5168/2/4 5170/2/4
f 5171/2/4 5172/2/4 5173/2/4
f 5173/2/4 5172/2/4 5174/2/4
f 5175/2/4 5176/2/4 5179/2/4
f 5179/2/4 5176/2/4 5180/2/4
f 5177/1/4 5178/1/4 5181/1/4
f 5181/1/4 5178/1/4 5182/1/4
f 5183/1/4 5184/1/4 5185/1/4
f 5185/1/4 5184/1/4 5186/1/4
f 5187/2/4 5188/2/4 5189/2/4
f 5189/2/4 5188/2/4 5190/2/4
f 5191/2/4 5192/2/4 5193/2/4
f 5193/2/4 5192/2/4 5194/2/4
f 5195/2/4 5196/2/4 5197/2/4
f 5197/2/4 5196/2/4 5198/2/4
f 5199/2/4 5200/2/4 5201/2/4
f 5201/2/4 5200/2/4 5202/2/4
f 5203/1/4 5204/1/4 5205/1/4
f 5205/1/4 5204/1/4 5206/1/4
f 5207/1/4 5208/1/4 5209/1/4
f 5209/1/4 5208/1/4 5210/1/4
f 5214/1/4 5215/1/4 5216/1/4
f 5211/2/4 5212/2/4 5217/2/4
f 5217/2/4 5212/2/4 5218/2/4
f 5213/3/4 5214/3/4 5220/3/4
f 5214/1/4 5216/1/4 5221/1/4
f 5220/3/4 5214/3/4 5221/3/4
f 5221/1/4 5216/1/4 5222/1/4
f 5218/4/4 5219/4/4 5223/4/4
f 5223/4/4 5219/4/4 5224/4/4
f 5224/2/4 5225/2/4 5227/2/4
f 5225/4/4 5226/4/4 5228/4/4
f 5227/2/4 5225/2/4 5228/2/4
f 5228/4/4 5226/4/4 5229/4/4
f 5229/2/4 5230/2/4 5231/2/4
f 5231/2/4 5230/2/4 5232/2/4
f 5232/4/4 5233/4/4 5242/4/4
f 5233/2/4 5234/2/4 5243/2/4
f 5242/4/4 5233/4/4 5243/4/4
f 5234/4/4 5235/4/4 5244/4/4
f 5243/2/4 5234/2/4 5244/2/4
f 5235/2/4 5236/2/4 5245/2/4
f 5244/4/4 5235/4/4 5245/4/4
f 5236/4/4 5237/4/4 5246/4/4
f 5245/2/4 5236/2/4 5246/2/4
f 5237/2/4 5238/2/4 5247/2/4
f 5246/4/4 5237/4/4 5247/4/4
f 5238/4/4 5239/4/4 5248/4/4
f 5247/2/4 5238/2/4 5248/2/4
f 5239/2/4 5240/2/4 5249/2/4
f 5248/4/4 5239/4/4 5249/4/4
f 5240/4/4 5241/4/4 5250/4/4
f 5249/2/4 5240/2/4 5250/2/4
f 5250/4/4 5241/4/4 5251/4/4
f 5252/4/4 5253/4/4 5263/4/4
f 5253/2/4 5254/2/4 5264/2/4
f 5263/4/4 5253/4/4 5264/4/4
f 5254/4/4 5255/4/4 5265/4/4
f 5264/2/4 5254/2/4 5265/2/4
f 5255/2/4 5256/2/4 5266/2/4
f 5265/4/4 5255/4/4 5266/4/4
f 5256/4/4 5257/4/4 5267/4/4
f 5266/2/4 5256/2/4 5267/2/4
f 5257/2/4 5258/2/4 5268/2/4
f 5267/4/4 5257/4/4 5268/4/4
f 5258/4/4 5259/4/4 5269/4/4
f 5268/2/4 5258/2/4 5269/2/4
f 5259/2/4 5260/2/4 5270/2/4
f 5269/4/4 5259/4/4 5270/4/4
f 5260/4/4 5261/4/4 5271/4/4
f 5270/2/4 5260/2/4 5271/2/4
f 5271/4/4 5261/4/4 5272/4/4
f 5262/2/4 5263/2/4 5275/2/4
f 5275/2/4 5263/2/4 5276/2/4
f 5273/2/4 5274/2/4 5278/2/4
f 5274/4/4 5275/4/4 5279/4/4
f 5278/2/4 5274/2/4 5279/2/4
f 5279/4/4 5275/4/4 5280/4/4
f 5277/4/4 5278/4/4 5282/4/4
f 5282/4/4 5278/4/4 5283/4/4
f 5285/1/4 5286/1/4 5287/1/4
f 5281/2/4 5282/2/4 5288/2/4
f 5288/2/4 5282/2/4 5289/2/4
f 5284/3/4 5285/3/4 5290/3/4
f 5285/1/4 5287/1/4 5291/1/4
f 5290/3/4 5285/3/4 5291/3/4
f 5291/1/4 5287/1/4 5292/1/4
f 5293/1/4 5294/1/4 5295/1/4
f 5295/1/4 5294/1/4 5296/1/4
f 5297/1/4 5298/1/4 5299/1/4
f 5299/1/4 5298/1/4 5300/1/4
f 5301/1/4 5302/1/4 5303/1/4
f 5303/1/4 5302/1/4 5304/1/4
f 5305/1/4 5306/1/4 5307/1/4
f 5307/1/4 5306/1/4 5308/1/4
f 5309/1/4 5310/1/4 5311/1/4
f 5311/1/4 5310/1/4 5312/1/4
f 5313/2/4 5314/2/4 5316/2/4
f 5314/4/4 5315/4/4 5317/4/4
f 5316/2/4 5314/2/4 5317/2/4
f 5317/4/4 5315/4/4 5318/4/4
f 5318/2/4 5319/2/4 5320/2/4
f 5320/2/4 5319/2/4 5321/2/4
f 5321/4/4 5322/4/4 5331/4/4
f 5322/2/4 5323/2/4 5332/2/4
f 5331/4/4 5322/4/4 5332/4/4
f 5323/4/4 5324/4/4 5333/4/4
f 5332/2/4 5323/2/4 5333/2/4
f 5324/2/4 5325/2/4 5334/2/4
f 5333/4/4 5324/4/4 5334/4/4
f 5325/4/4 5326/4/4 5335/4/4
f 5334/2/4 5325/2/4 5335/2/4
f 5326/2/4 5327/2/4 5336/2/4
f 5335/4/4 5326/4/4 5336/4/4
f 5327/4/4 5328/4/4 5337/4/4
f 5336/2/4 5327/2/4 5337/2/4
f 5328/2/4 5329/2/4 5338/2/4
f 5337/4/4 5328/4/4 5338/4/4
f 5329/4/4 5330/4/4 5339/4/4
f 5338/2/4 5329/2/4 5339/2/4
f 5339/4/4 5330/4/4 5340/4/4
f 5341/4/4 5342/4/4 5352/4/4
f 5342/2/4 5343/2/4 5353/2/4
f 5352/4/4 5342/4/4 5353/4/4
f 5343/4/4 5344/4/4 5354/4/4
f 5353/2/4 5343/2/4 5354/2/4
f 5344/2/4 5345/2/4 5355/2/4
f 5354/4/4 5344/4/4 5355/4/4
f 5345/4/4 5346/4/4 5356/4/4
f 5355/2/4 5345/2/4 5356/2/4
f 5346/2/4 5347/2/4 5357/2/4
f 5356/4/4 5346/4/4 5357/4/4
f 5347/4/4 5348/4/4 5358/4/4
f 5357/2/4 5347/2/4 5358/2/4
f 5348/2/4 5349/2/4 5359/2/4
f 5358/4/4 5348/4/4 5359/4/4
f 5349/4/4 5350/4/4 5360/4/4
f 5359/2/4 5349/2/4 5360/2/4
f 5360/4/4 5350/4/4 5361/4/4
f 5351/2/4 5352/2/4 5364/2/4
f 5364/2/4 5352/2/4 5365/2/4
f 5362/2/4 5363/2/4 5366/2/4
f 5363/4/4 5364/4/4 5367/4/4
f 5366/2/4 5363/2/4 5367/2/4
f 5367/4/4 5364/4/4 5368/4/4
f 5369/1/4 5370/1/4 5371/1/4
f 5371/1/4 5370/1/4 5372/1/4
f 5373/1/4 5374/1/4 5375/1/4
f 5375/1/4 5374/1/4 5376/1/4
f 5377/1/4 5378/1/4 5379/1/4
f 5379/1/4 5378/1/4 5380/1/4
f 5384/1/4 5385/1/4 5386/1/4
f 5384/1/4 5386/1/4 5388/1/4
f 5386/1/4 5387/1/4 5388/1/4
f 5388/1/4 5387/1/4 5389/1/4
f 5381/2/4 5382/2/4 5390/2/4
f 5390/2/4 5382/2/4 5391/2/4
f 5383/3/4 5384/3/4 5393/3/4
f 5384/1/4 5388/1/4 5394/1/4
f 5393/3/4 5384/3/4 5394/3/4
f 5394/1/4 5388/1/4 5395/1/4
f 5391/4/4 5392/4/4 5396/4/4
f 5396/4/4 5392/4/4 5397/4/4
f 5398/4/4 5399/4/4 5408/4/4
f 5399/2/4 5400/2/4 5409/2/4
f 5408/4/4 5399/4/4 5409/4/4
f 5400/4/4 5401/4/4 5410/4/4
f 5409/2/4 5400/2/4 5410/2/4
f 5401/2/4 5402/2/4 5411/2/4
f 5410/4/4 5401/4/4 5411/4/4
f 5402/4/4 5403/4/4 5412/4/4
f 5411/2/4 5402/2/4 5412/2/4
f 5403/2/4 5404/2/4 5413/2/4
f 5412/4/4 5403/4/4 5413/4/4
f 5404/4/4 5405/4/4 5414/4/4
f 5413/2/4 5404/2/4 5414/2/4
f 5405/2/4 5406/2/4 5415/2/4
f 5414/4/4 5405/4/4 5415/4/4
f 5406/4/4 5407/4/4 5416/4/4
f 5415/2/4 5406/2/4 5416/2/4
f 5416/4/4 5407/4/4 5417/4/4
f 5418/4/4 5419/4/4 5428/4/4
f 5419/2/4 5420/2/4 5429/2/4
f 5428/4/4 5419/4/4 5429/4/4
f 5420/4/4 5421/4/4 5430/4/4
f 5429/2/4 5420/2/4 5430/2/4
f 5421/2/4 5422/2/4 5431/2/4
f 5430/4/4 5421/4/4 5431/4/4
f 5422/4/4 5423/4/4 5432/4/4
f 5431/2/4 5422/2/4 5432/2/4
f 5423/2/4 5424/2/4 5433/2/4
f 5432/4/4 5423/4/4 5433/4/4
f 5424/4/4 5425/4/4 5434/4/4
f 5433/2/4 5424/2/4 5434/2/4
f 5425/2/4 5426/2/4 5435/2/4
f 5434/4/4 5425/4/4 5435/4/4
f 5426/4/4 5427/4/4 5436/4/4
f 5435/2/4 5426/2/4 5436/2/4
f 5436/4/4 5427/4/4 5437/4/4
f 5438/4/4 5439/4/4 5441/4/4
f 5441/4/4 5439/4/4 5442/4/4
f 5444/1/4 5445/1/4 5446/1/4
f 5444/1/4 5446/1/4 5448/1/4
f 5446/1/4 5447/1/4 5448/1/4
f 5448/1/4 5447/1/4 5449/1/4
f 5440/2/4 5441/2/4 5450/2/4
f 5450/2/4 5441/2/4 5451/2/4
f 5443/3/4 5444/3/4 5452/3/4
f 5444/1/4 5448/1/4 5453/1/4
f 5452/3/4 5444/3/4 5453/3/4
f 5453/1/4 5448/1/4 5454/1/4
f 5455/1/4 5456/1/4 5457/1/4
f 5457/1/4 5456/1/4 5458/1/4
f 5459/1/4 5460/1/4 5461/1/4
f 5461/1/4 5460/1/4 5462/1/4
f 5463/1/4 5464/1/4 5465/1/4
f 5465/1/4 5464/1/4 5466/1/4
f 5467/4/4 5468/4/4 5469/4/4
f 5469/4/4 5468/4/4 5470/4/4
f 5470/2/4 5471/2/4 5473/2/4
f 5471/4/4 5472/4/4 5474/4/4
f 5473/2/4 5471/2/4 5474/2/4
f 5474/4/4 5472/4/4 5475/4/4
f 5475/2/4 5476/2/4 5477/2/4
f 5477/2/4 5476/2/4 5478/2/4
f 5479/4/4 5480/4/4 5489/4/4
f 5480/2/4 5481/2/4 5490/2/4
f 5489/4/4 5480/4/4 5490/4/4
f 5481/4/4 5482/4/4 5491/4/4
f 5490/2/4 5481/2/4 5491/2/4
f 5482/2/4 5483/2/4 5492/2/4
f 5491/4/4 5482/4/4 5492/4/4
f 5483/4/4 5484/4/4 5493/4/4
f 5492/2/4 5483/2/4 5493/2/4
f 5484/2/4 5485/2/4 5494/2/4
f 5493/4/4 5484/4/4 5494/4/4
f 5485/4/4 5486/4/4 5495/4/4
f 5494/2/4 5485/2/4 5495/2/4
f 5486/2/4 5487/2/4 5496/2/4
f 5495/4/4 5486/4/4 5496/4/4
f 5487/4/4 5488/4/4 5497/4/4
f 5496/2/4 5487/2/4 5497/2/4
f 5497/4/4 5488/4/4 5498/4/4
f 5499/4/4 5500/4/4 5509/4/4
f 5500/2/4 5501/2/4 5510/2/4
f 5509/4/4 5500/4/4 5510/4/4
f 5501/4/4 5502/4/4 5511/4/4
f 5510/2/4 5501/2/4 5511/2/4
f 5502/2/4 5503/2/4 5512/2/4
f 5511/4/4 5502/4/4 5512/4/4
f 5503/4/4 5504/4/4 5513/4/4
f 5512/2/4 5503/2/4 5513/2/4
f 5504/2/4 5505/2/4 5514/2/4
f 5513/4/4 5504/4/4 5514/4/4
f 5505/4/4 5506/4/4 5515/4/4
f 5514/2/4 5505/2/4 5515/2/4
f 5506/2/4 5507/2/4 5516/2/4
f 5515/4/4 5506/4/4 5516/4/4
f 5507/4/4 5508/4/4 5517/4/4
f 5516/2/4 5507/2/4 5517/2/4
f 5517/4/4 5508/4/4 5518/4/4
f 5519/2/4 5520/2/4 5523/2/4
f 5523/2/4 5520/2/4 5524/2/4
f 5521/2/4 5522/2/4 5526/2/4
f 5522/4/4 5523/4/4 5527/4/4
f 5526/2/4 5522/2/4 5527/2/4
f 5527/4/4 5523/4/4 5528/4/4
f 5525/4/4 5526/4/4 5529/4/4
f 5529/4/4 5526/4/4 5530/4/4
f 5531/1/4 5532/1/4 5533/1/4
f 5533/1/4 5532/1/4 5534/1/4
f 5535/1/4 5536/1/4 5537/1/4
f 5537/1/4 5536/1/4 5538/1/4
f 5539/1/4 5540/1/4 5541/1/4
f 5541/1/4 5540/1/4 5542/1/4
f 5543/1/4 5544/1/4 5545/1/4
f 5545/1/4 5544/1/4 5546/1/4
f 5547/1/4 5548/1/4 5549/1/4
f 5549/1/4 5548/1/4 5550/1/4
f 5554/1/4 5555/1/4 5556/1/4
f 5554/1/4 5556/1/4 5558/1/4
f 5556/1/4 5557/1/4 5558/1/4
f 5558/1/4 5557/1/4 5559/1/4
f 5551/2/4 5552/2/4 5560/2/4
f 5560/2/4 5552/2/4 5561/2/4
f 5553/3/4 5554/3/4 5562/3/4
f 5554/1/4 5558/1/4 5563/1/4
f 5562/3/4 5554/3/4 5563/3/4
f 5563/1/4 5558/1/4 5564/1/4
f 5565/2/4 5566/2/4 5568/2/4
f 5566/4/4 5567/4/4 5569/4/4
f 5568/2/4 5566/2/4 5569/2/4
f 5569/4/4 5567/4/4 5570/4/4
f 5570/2/4 5571/2/4 5572/2/4
f 5572/2/4 5571/2/4 5573/2/4
f 5574/4/4 5575/4/4 5584/4/4
f 5575/2/4 5576/2/4 5585/2/4
f 5584/4/4 5575/4/4 5585/4/4
f 5576/4/4 5577/4/4 5586/4/4
f 5585/2/4 5576/2/4 5586/2/4
f 5577/2/4 5578/2/4 5587/2/4
f 5586/4/4 5577/4/4 5587/4/4
f 5578/4/4 5579/4/4 5588/4/4
f 5587/2/4 5578/2/4 5588/2/4
f 5579/2/4 5580/2/4 5589/2/4
f 5588/4/4 5579/4/4 5589/4/4
f 5580/4/4 5581/4/4 5590/4/4
f 5589/2/4 5580/2/4 5590/2/4
f 5581/2/4 5582/2/4 5591/2/4
f 5590/4/4 5581/4/4 5591/4/4
f 5582/4/4 5583/4/4 5592/4/4
f 5591/2/4 5582/2/4 5592/2/4
f 5592/4/4 5583/4/4 5593/4/4
f 5594/4/4 5595/4/4 5604/4/4
f 5595/2/4 5596/2/4 5605/2/4
f 5604/4/4 5595/4/4 5605/4/4
f 5596/4/4 5597/4/4 5606/4/4
f 5605/2/4 5596/2/4 5606/2/4
f 5597/2/4 5598/2/4 5607/2/4
f 5606/4/4 5597/4/4 5607/4/4
f 5598/4/4 5599/4/4 5608/4/4
f 5607/2/4 5598/2/4 5608/2/4
f 5599/2/4 5600/2/4 5609/2/4
f 5608/4/4 5599/4/4 5609/4/4
f 5600/4/4 5601/4/4 5610/4/4
f 5609/2/4 5600/2/4 5610/2/4
f 5601/2/4 5602/2/4 5611/2/4
f 5610/4/4 5601/4/4 5611/4/4
f 5602/4/4 5603/4/4 5612/4/4
f 5611/2/4 5602/2/4 5612/2/4
f 5612/4/4 5603/4/4 5613/4/4
f 5614/2/4 5615/2/4 5618/2/4
f 5618/2/4 5615/2/4 5619/2/4
f 5616/2/4 5617/2/4 5620/2/4
f 5617/4/4 5618/4/4 5621/4/4
f 5620/2/4 5617/2/4 5621/2/4
f 5621/4/4 5618/4/4 5622/4/4
f 5626/1/4 5627/1/4 5628/1/4
f 5628/1/4 5627/1/4 5629/1/4
f 5623/2/4 5624/2/4 5630/2/4
f 5630/2/4 5624/2/4 5631/2/4
f 5625/3/4 5626/3/4 5632/3/4
f 5626/1/4 5628/1/4 5633/1/4
f 5632/3/4 5626/3/4 5633/3/4
f 5633/1/4 5628/1/4 5634/1/4
f 5635/1/4 5636/1/4 5637/1/4
f 5637/1/4 5636/1/4 5638/1/4
f 5639/1/4 5640/1/4 5641/1/4
f 5641/1/4 5640/1/4 5642/1/4
f 5643/1/4 5644/1/4 5645/1/4
f 5645/1/4 5644/1/4 5646/1/4
f 5647/1/4 5648/1/4 5649/1/4
f 5649/1/4 5648/1/4 5650/1/4
f 5654/1/4 5655/1/4 5656/1/4
f 5654/1/4 5656/1/4 5658/1/4
f 5656/1/4 5657/1/4 5658/1/4
f 5658/1/4 5657/1/4 5659/1/4
f 5651/2/4 5652/2/4 5660/2/4
f 5660/2/4 5652/2/4 5661/2/4
f 5653/3/4 5654/3/4 5663/3/4
f 5654/1/4 5658/1/4 5664/1/4
f 5663/3/4 5654/3/4 5664/3/4
f 5664/1/4 5658/1/4 5665/1/4
f 5661/4/4 5662/4/4 5666/4/4
f 5666/4/4 5662/4/4 5667/4/4
f 5668/2/4 5669/2/4 5671/2/4
f 5669/4/4 5670/4/4 5672/4/4
f 5671/2/4 5669/2/4 5672/2/4
f 5672/4/4 5670/4/4 5673/4/4
f 5673/2/4 5674/2/4 5675/2/4
f 5675/2/4 5674/2/4 5676/2/4
f 5676/4/4 5677/4/4 5686/4/4
f 5677/2/4 5678/2/4 5687/2/4
f 5686/4/4 5677/4/4 5687/4/4
f 5678/4/4 5679/4/4 5688/4/4
f 5687/2/4 5678/2/4 5688/2/4
f 5679/2/4 5680/2/4 5689/2/4
f 5688/4/4 5679/4/4 5689/4/4
f 5680/4/4 5681/4/4 5690/4/4
f 5689/2/4 5680/2/4 5690/2/4
f 5681/2/4 5682/2/4 5691/2/4
f 5690/4/4 5681/4/4 5691/4/4
f 5682/4/4 5683/4/4 5692/4/4
f 5691/2/4 5682/2/4 5692/2/4
f 5683/2/4 5684/2/4 5693/2/4
f 5692/4/4 5683/4/4 5693/4/4
f 5684/4/4 5685/4/4 5694/4/4
f 5693/2/4 5684/2/4 5694/2/4
f 5694/4/4 5685/4/4 5695/4/4
f 5696/4/4 5697/4/4 5707/4/4
f 5697/2/4 5698/2/4 5708/2/4
f 5707/4/4 5697/4/4 5708/4/4
f 5698/4/4 5699/4/4 5709/4/4
f 5708/2/4 5698/2/4 5709/2/4
f 5699/2/4 5700/2/4 5710/2/4
f 5709/4/4 5699/4/4 5710/4/4
f 5700/4/4 5701/4/4 5711/4/4
f 5710/2/4 5700/2/4 5711/2/4
f 5701/2/4 5702/2/4 5712/2/4
f 5711/4/4 5701/4/4 5712/4/4
f 5702/4/4 5703/4/4 5713/4/4
f 5712/2/4 5702/2/4 5713/2/4
f 5703/2/4 5704/2/4 5714/2/4
f 5713/4/4 5703/4/4 5714/4/4
f 5704/4/4 5705/4/4 5715/4/4
f 5714/2/4 5704/2/4 5715/2/4
f 5715/4/4 5705/4/4 5716/4/4
f 5706/2/4 5707/2/4 5719/2/4
f 5719/2/4 5707/2/4 5720/2/4
f 5717/2/4 5718/2/4 5721/2/4
f 5718/4/4 5719/4/4 5722/4/4
f 5721/2/4 5718/2/4 5722/2/4
f 5722/4/4 5719/4/4 5723/4/4
f 5724/4/4 5725/4/4 5727/4/4
f 5727/4/4 5725/4/4 5728/4/4
f 5730/1/4 5731/1/4 5732/1/4
f 5730/1/4 5732/1/4 5734/1/4
f 5732/1/4 5733/1/4 5734/1/4
f 5734/1/4 5733/1/4 5735/1/4
f 5726/2/4 5727/2/4 5736/2/4
f 5736/2/4 5727/2/4 5737/2/4
f 5729/3/4 5730/3/4 5738/3/4
f 5730/1/4 5734/1/4 5739/1/4
f 5738/3/4 5730/3/4 5739/3/4
f 5739/1/4 5734/1/4 5740/1/4
f 5741/1/4 5742/1/4 5743/1/4
f 5743/1/4 5742/1/4 5744/1/4
f 5745/1/4 5746/1/4 5747/1/4
f 5747/1/4 5746/1/4 5748/1/4
f 5749/1/4 5750/1/4 5751/1/4
f 5751/1/4 5750/1/4 5752/1/4
f 5753/1/4 5754/1/4 5755/1/4
f 5755/1/4 5754/1/4 5756/1/4
f 5757/1/4 5758/1/4 5759/1/4
f 5759/1/4 5758/1/4 5760/1/4
f 5761/1/4 5762/1/4 5763/1/4
f 5763/1/4 5762/1/4 5764/1/4
f 5768/1/4 5769/1/4 5770/1/4
f 5768/1/4 5770/1/4 5772/1/4
f 5770/1/4 5771/1/4 5772/1/4
f 5772/1/4 5771/1/4 5773/1/4
f 5765/2/4 5766/2/4 5774/2/4
f 5774/2/4 5766/2/4 5775/2/4
f 5767/3/4 5768/3/4 5777/3/4
f 5768/1/4 5772/1/4 5778/1/4
f 5777/3/4 5768/3/4 5778/3/4
f 5778/1/4 5772/1/4 5779/1/4
f 5775/4/4 5776/4/4 5780/4/4
f 5780/4/4 5776/4/4 5781/4/4
f 5781/2/4 5782/2/4 5784/2/4
f 5782/4/4 5783/4/4 5785/4/4
f 5784/2/4 5782/2/4 5785/2/4
f 5785/4/4 5783/4/4 5786/4/4
f 5786/2/4 5787/2/4 5788/2/4
f 5788/2/4 5787/2/4 5789/2/4
f 5789/4/4 5790/4/4 5800/4/4
f 5790/2/4 5791/2/4 5801/2/4
f 5800/4/4 5790/4/4 5801/4/4
f 5791/4/4 5792/4/4 5802/4/4
f 5801/2/4 5791/2/4 5802/2/4
f 5792/2/4 5793/2/4 5803/2/4
f 5802/4/4 5792/4/4 5803/4/4
f 5793/4/4 5794/4/4 5804/4/4
f 5803/2/4 5793/2/4 5804/2/4
f 5794/2/4 5795/2/4 5805/2/4
f 5804/4/4 5794/4/4 5805/4/4
f 5795/4/4 5796/4/4 5806/4/4
f 5805/2/4 5795/2/4 5806/2/4
f 5796/2/4 5797/2/4 5807/2/4
f 5806/4/4 5796/4/4 5807/4/4
f 5797/4/4 5798/4/4 5808/4/4
f 5807/2/4 5797/2/4 5808/2/4
f 5808/4/4 5798/4/4 5809/4/4
f 5799/2/4 5800/2/4 5812/2/4
f 5812/2/4 5800/2/4 5813/2/4
f 5810/2/4 5811/2/4 5815/2/4
f 5811/4/4 5812/4/4 5816/4/4
f 5815/2/4 5811/2/4 5816/2/4
f 5816/4/4 5812/4/4 5817/4/4
f 5814/4/4 5815/4/4 5819/4/4
f 5819/4/4 5815/4/4 5820/4/4
f 5822/1/4 5823/1/4 5824/1/4
f 5822/1/4 5824/1/4 5826/1/4
f 5824/1/4 5825/1/4 5826/1/4
f 5826/1/4 5825/1/4 5827/1/4
f 5818/2/4 5819/2/4 5828/2/4
f 5828/2/4 5819/2/4 5829/2/4
f 5821/3/4 5822/3/4 5830/3/4
f 5822/1/4 5826/1/4 5831/1/4
f 5830/3/4 5822/3/4 5831/3/4
f 5831/1/4 5826/1/4 5832/1/4
f 5833/1/4 5834/1/4 5835/1/4
f 5835/1/4 5834/1/4 5836/1/4
f 5837/1/4 5838/1/4 5839/1/4
f 5839/1/4 5838/1/4 5840/1/4
f 5841/1/4 5842/1/4 5843/1/4
f 5843/1/4 5842/1/4 5844/1/4
f 5845/1/4 5846/1/4 5847/1/4
f 5847/1/4 5846/1/4 5848/1/4
f 5849/1/4 5850/1/4 5851/1/4
f 5851/1/4 5850/1/4 5852/1/4
f 5853/1/4 5854/1/4 5855/1/4
f 5855/1/4 5854/1/4 5856/1/4
f 5860/1/4 5861/1/4 5862/1/4
f 5860/1/4 5862/1/4 5864/1/4
f 5862/1/4 5863/1/4 5864/1/4
f 5864/1/4 5863/1/4 5865/1/4
f 5857/2/4 5858/2/4 5866/2/4
f 5866/2/4 5858/2/4 5867/2/4
f 5859/3/4 5860/3/4 5868/3/4
f 5860/1/4 5864/1/4 5869/1/4
f 5868/3/4 5860/3/4 5869/3/4
f 5869/1/4 5864/1/4 5870/1/4
f 5871/4/4 5872/4/4 5873/4/4
f 5873/4/4 5872/4/4 5874/4/4
f 5875/2/4 5876/2/4 5878/2/4
f 5876/4/4 5877/4/4 5879/4/4
f 5878/2/4 5876/2/4 5879/2/4
f 5879/4/4 5877/4/4 5880/4/4
f 5880/2/4 5881/2/4 5884/2/4
f 5884/2/4 5881/2/4 5885/2/4
f 5882/2/4 5883/2/4 5886/2/4
f 5883/4/4 5884/4/4 5887/4/4
f 5886/2/4 5883/2/4 5887/2/4
f 5887/4/4 5884/4/4 5888/4/4
f 5889/4/4 5890/4/4 5891/4/4
f 5891/4/4 5890/4/4 5892/4/4
f 5896/1/4 5897/1/4 5898/1/4
f 5898/1/4 5897/1/4 5899/1/4
f 5893/2/4 5894/2/4 5900/2/4
f 5900/2/4 5894/2/4 5901/2/4
f 5895/3/4 5896/3/4 5902/3/4
f 5896/1/4 5898/1/4 5903/1/4
f 5902/3/4 5896/3/4 5903/3/4
f 5903/1/4 5898/1/4 5904/1/4
f 5905/1/4 5906/1/4 5907/1/4
f 5907/1/4 5906/1/4 5908/1/4
f 5909/1/4 5910/1/4 5911/1/4
f 5911/1/4 5910/1/4 5912/1/4
f 5913/1/4 5914/1/4 5915/1/4
f 5915/1/4 5914/1/4 5916/1/4
f 5917/1/4 5918/1/4 5919/1/4
f 5919/1/4 5918/1/4 5920/1/4
f 5921/1/4 5922/1/4 5923/1/4
f 5923/1/4 5922/1/4 5924/1/4
f 5925/1/4 5926/1/4 5927/1/4
f 5927/1/4 5926/1/4 5928/1/4
f 5932/1/4 5933/1/4 5934/1/4
f 5932/1/4 5934/1/4 5936/1/4
f 5934/1/4 5935/1/4 5936/1/4
f 5936/1/4 5935/1/4 5937/1/4
f 5929/2/4 5930/2/4 5938/2/4
f 5938/2/4 5930/2/4 5939/2/4
f 5931/3/4 5932/3/4 5941/3/4
f 5932/1/4 5936/1/4 5942/1/4
f 5941/3/4 5932/3/4 5942/3/4
f 5942/1/4 5936/1/4 5943/1/4
f 5939/4/4 5940/4/4 5944/4/4
f 5944/4/4 5940/4/4 5945/4/4
f 5945/2/4 5946/2/4 5949/2/4
f 5946/4/4 5947/4/4 5950/4/4
f 5949/2/4 5946/2/4 5950/2/4
f 5950/4/4 5947/4/4 5951/4/4
f 5948/4/4 5949/4/4 5953/4/4
f 5953/4/4 5949/4/4 5954/4/4
f 5956/1/4 5957/1/4 5958/1/4
f 5956/1/4 5958/1/4 5960/1/4
f 5958/1/4 5959/1/4 5960/1/4
f 5960/1/4 5959/1/4 5961/1/4
f 5952/2/4 5953/2/4 5962/2/4
f 5962/2/4 5953/2/4 5963/2/4
f 5955/3/4 5956/3/4 5964/3/4
f 5956/1/4 5960/1/4 5965/1/4
f 5964/3/4 5956/3/4 5965/3/4
f 5965/1/4 5960/1/4 5966/1/4
f 5967/1/4 5968/1/4 5969/1/4
f 5969/1/4 5968/1/4 5970/1/4
f 5971/1/4 5972/1/4 5973/1/4
f 5973/1/4 5972/1/4 5974/1/4
f 5975/1/4 5976/1/4 5977/1/4
f 5977/1/4 5976/1/4 5978/1/4
f 5978/1/4 5976/1/4 5979/1/4
f 5980/1/4 5981/1/4 5982/1/4
f 5982/1/4 5981/1/4 5983/1/4
f 5984/1/4 5985/1/4 5986/1/4
f 5986/1/4 5985/1/4 5987/1/4
f 5988/1/4 5989/1/4 5990/1/4
f 5990/1/4 5989/1/4 5991/1/4
f 5995/1/4 5996/1/4 5997/1/4
f 5995/1/4 5997/1/4 5999/1/4
f 5997/1/4 5998/1/4 5999/1/4
f 5999/1/4 5998/1/4 6000/1/4
f 5992/2/4 5993/2/4 6001/2/4
f 6001/2/4 5993/2/4 6002/2/4
f 5994/3/4 5995/3/4 6004/3/4
f 5995/1/4 5999/1/4 6005/1/4
f 6004/3/4 5995/3/4 6005/3/4
f 6005/1/4 5999/1/4 6006/1/4
f 6002/4/4 6003/4/4 6008/4/4
f 6008/4/4 6003/4/4 6009/4/4
f 6011/1/4 6012/1/4 6013/1/4
f 6011/1/4 6013/1/4 6015/1/4
f 6013/1/4 6014/1/4 6015/1/4
f 6015/1/4 6014/1/4 6016/1/4
f 6007/2/4 6008/2/4 6017/2/4
f 6017/2/4 6008/2/4 6018/2/4
f 6010/3/4 6011/3/4 6019/3/4
f 6011/1/4 6015/1/4 6020/1/4
f 6019/3/4 6011/3/4 6020/3/4
f 6020/1/4 6015/1/4 6021/1/4
f 6022/1/4 6023/1/4 6024/1/4
f 6024/1/4 6023/1/4 6025/1/4
f 6026/1/4 6027/1/4 6028/1/4
f 6028/1/4 6027/1/4 6029/1/4
f 6030/1/4 6031/1/4 6032/1/4
f 6032/1/4 6031/1/4 6033/1/4
f 6034/1/4 6035/1/4 6036/1/4
f 6036/1/4 6035/1/4 6037/1/4
f 6037/1/4 6035/1/4 6038/1/4
f 6039/1/4 6040/1/4 6041/1/4
f 6041/1/4 6040/1/4 6042/1/4
f 6043/1/4 6044/1/4 6045/1/4
f 6045/1/4 6044/1/4 6046/1/4
f 6050/1/4 6051/1/4 6052/1/4
f 6050/1/4 6052/1/4 6054/1/4
f 6052/1/4 6053/1/4 6054/1/4
f 6054/1/4 6053/1/4 6055/1/4
f 6047/2/4 6048/2/4 6056/2/4
f 6056/2/4 6048/2/4 6057/2/4
f 6049/3/4 6050/3/4 6058/3/4
f 6050/1/4 6054/1/4 6059/1/4
f 6058/3/4 6050/3/4 6059/3/4
f 6059/1/4 6054/1/4 6060/1/4
f 6064/2/5 6062/2/5 6061/2/5
f 6065/2/5 6062/2/5 6064/2/5
f 6068/2/5 6064/2/5 6063/2/5
f 6068/2/5 6066/2/5 6065/2/5
f 6068/2/5 6065/2/5 6064/2/5
f 6069/2/5 6066/2/5 6068/2/5
f 6072/2/5 6068/2/5 6067/2/5
f 6072/2/5 6070/2/5 6069/2/5
f 6072/2/5 6069/2/5 6068/2/5
f 6073/2/5 6070/2/5 6072/2/5
f 6076/2/5 6072/2/5 6071/2/5
f 6076/2/5 6074/2/5 6073/2/5
f 6076/2/5 6073/2/5 6072/2/5
f 6077/2/5 6074/2/5 6076/2/5
f 6080/2/5 6076/2/5 6075/2/5
f 6080/2/5 6078/2/5 6077/2/5
f 6080/2/5 6077/2/5 6076/2/5
f 6081/2/5 6078/2/5 6080/2/5
f 6084/2/5 6080/2/5 6079/2/5
f 6084/2/5 6082/2/5 6081/2/5
f 6084/2/5 6081/2/5 6080/2/5
f 6085/2/5 6082/2/5 6084/2/5
f 6088/2/5 6084/2/5 6083/2/5
f 6088/2/5 6086/2/5 6085/2/5
f 6088/2/5 6085/2/5 6084/2/5
f 6089/2/5 6086/2/5 6088/2/5
f 6092/2/5 6088/2/5 6087/2/5
f 6092/2/5 6090/2/5 6089/2/5
f 6092/2/5 6089/2/5 6088/2/5
f 6093/2/5 6090/2/5 6092/2/5
f 6096/2/5 6092/2/5 6091/2/5
f 6096/2/5 6094/2/5 6093/2/5
f 6096/2/5 6093/2/5 6092/2/5
f 6098/2/5 6096/2/5 6095/2/5
f 6099/2/5 6098/2/5 6097/2/5
f 6100/2/5 6096/2/5 6098/2/5
f 6100/2/5 6098/2/5 6099/2/5
f 6101/2/5 6096/2/5 6100/2/5
f 6102/2/5 6094/2/5 6096/2/5
f 6102/2/5 6096/2/5 6101/2/5
f 6103/2/5 6094/2/5 6102/2/5
f 6104/2/5 6094/2/5 6103/2/5
f 6105/2/5 6094/2/5 6104/2/5
f 6106/2/5 6094/2/5 6105/2/5
f 6107/2/5 6105/2/5 6104/2/5
f 6108/2/5 6105/2/5 6107/2/5
f 6109/2/5 6105/2/5 6108/2/5
f 6110/2/5 6105/2/5 6109/2/5
f 6111/2/5 6109/2/5 6108/2/5
f 6112/2/5 6109/2/5 6111/2/5
f 6113/2/5 6109/2/5 6112/2/5
f 6114/2/5 6109/2/5 6113/2/5
f 6115/2/5 6113/2/5 6112/2/5
f 6116/2/5 6113/2/5 6115/2/5
f 6117/2/5 6113/2/5 6116/2/5
f 6118/2/5 6113/2/5 6117/2/5
f 6119/2/5 6117/2/5 6116/2/5
f 6120/2/5 6117/2/5 6119/2/5
f 6121/2/5 6117/2/5 6120/2/5
f 6122/2/5 6117/2/5 6121/2/5
f 6123/2/5 6121/2/5 6120/2/5
f 6124/2/5 6121/2/5 6123/2/5
f 6125/2/5 6121/2/5 6124/2/5
f 6126/2/5 6121/2/5 6125/2/5
f 6127/2/5 6125/2/5 6124/2/5
f 6128/2/5 6125/2/5 6127/2/5
f 6129/2/5 6125/2/5 6128/2/5
f 6130/2/5 6125/2/5 6129/2/5
f 6131/2/5 6129/2/5 6128/2/5
f 6132/2/5 6129/2/5 6131/2/5
f 6133/2/5 6129/2/5 6132/2/5
f 6134/2/5 6129/2/5 6133/2/5
f 6135/2/5 6133/2/5 6132/2/5
f 6136/2/5 6133/2/5 6135/2/5
f 6139/3/5 6138/3/5 6137/3/5
f 6140/3/5 6138/3/5 6139/3/5
f 6143/3/5 6142/3/5 6141/3/5
f 6144/3/5 6142/3/5 6143/3/5
f 6147/3/5 6146/3/5 6145/3/5
f 6148/3/5 6146/3/5 6147/3/5
f 6151/3/5 6150/3/5 6149/3/5
f 6152/3/5 6150/3/5 6151/3/5
f 6155/3/5 6154/3/5 6153/3/5
f 6156/3/5 6154/3/5 6155/3/5
f 6159/3/5 6158/3/5 6157/3/5
f 6160/3/5 6158/3/5 6159/3/5
f 6163/3/5 6162/3/5 6161/3/5
f 6164/3/5 6162/3/5 6163/3/5
f 6167/3/5 6166/3/5 6165/3/5
f 6168/3/5 6166/3/5 6167/3/5
f 6171/4/5 6170/4/5 6169/4/5
f 6172/4/5 6170/4/5 6171/4/5
f 6175/3/5 6174/3/5 6173/3/5
f 6176/3/5 6174/3/5 6175/3/5
f 6179/3/5 6178/3/5 6177/3/5
f 6180/3/5 6178/3/5 6179/3/5
f 6183/3/5 6182/3/5 6181/3/5
f 6184/3/5 6182/3/5 6183/3/5
f 6187/3/5 6186/3/5 6185/3/5
f 6188/3/5 6186/3/5 6187/3/5
f 6191/2/5 6190/2/5 6189/2/5
f 6192/2/5 6190/2/5 6191/2/5
f 6195/3/5 6194/3/5 6193/3/5
f 6196/3/5 6194/3/5 6195/3/5
f 6199/3/5 6198/3/5 6197/3/5
f 6200/3/5 6198/3/5 6199/3/5
f 6203/3/5 6202/3/5 6201/3/5
f 6204/3/5 6202/3/5 6203/3/5
f 6207/3/5 6206/3/5 6205/3/5
f 6208/3/5 6206/3/5 6207/3/5
f 6211/3/5 6210/3/5 6209/3/5
f 6212/3/5 6210/3/5 6211/3/5
f 6215/3/5 6214/3/5 6213/3/5
f 6216/3/5 6214/3/5 6215/3/5
f 6219/3/5 6218/3/5 6217/3/5
f 6220/3/5 6218/3/5 6219/3/5
f 6223/3/5 6222/3/5 6221/3/5
f 6224/3/5 6222/3/5 6223/3/5
f 6227/3/5 6226/3/5 6225/3/5
f 6228/3/5 6226/3/5 6227/3/5
f 6231/3/5 6230/3/5 6229/3/5
f 6232/3/5 6230/3/5 6231/3/5
f 6235/3/5 6234/3/5 6233/3/5
f 6236/3/5 6234/3/5 6235/3/5
f 6239/3/5 6238/3/5 6237/3/5
f 6240/3/5 6238/3/5 6239/3/5
f 6243/3/5 6242/3/5 6241/3/5
f 6244/3/5 6242/3/5 6243/3/5
f 6247/3/5 6246/3/5 6245/3/5
f 6248/3/5 6246/3/5 6247/3/5
f 6251/3/5 6250/3/5 6249/3/5
f 6252/3/5 6250/3/5 6251/3/5
f 6255/3/5 6254/3/5 6253/3/5
f 6256/3/5 6254/3/5 6255/3/5
f 6259/3/5 6258/3/5 6257/3/5
f 6260/3/5 6258/3/5 6259/3/5
f 6263/3/5 6262/3/5 6261/3/5
f 6264/3/5 6262/3/5 6263/3/5
f 6267/3/5 6266/3/5 6265/3/5
f 6268/3/5 6266/3/5 6267/3/5
f 6271/3/5 6270/3/5 6269/3/5
f 6272/3/5 6270/3/5 6271/3/5
f 6275/3/5 6274/3/5 6273/3/5
f 6276/3/5 6274/3/5 6275/3/5
f 6279/3/5 6278/3/5 6277/3/5
f 6280/3/5 6278/3/5 6279/3/5
f 6283/3/5 6282/3/5 6281/3/5
f 6284/3/5 6282/3/5 6283/3/5
f 6287/3/5 6286/3/5 6285/3/5
f 6288/3/5 6286/3/5 6287/3/5
f 6291/3/5 6290/3/5 6289/3/5
f 6292/3/5 6290/3/5 6291/3/5
f 6295/3/5 6294/3/5 6293/3/5
f 6296/3/5 6294/3/5 6295/3/5
f 6299/3/5 6298/3/5 6297/3/5
f 6300/3/5 6298/3/5 6299/3/5
f 6303/3/5 6302/3/5 6301/3/5
f 6304/3/5 6302/3/5 6303/3/5
f 6307/3/5 6306/3/5 6305/3/5
f 6308/3/5 6306/3/5 6307/3/5
f 6311/3/5 6310/3/5 6309/3/5
f 6312/3/5 6310/3/5 6311/3/5
f 6315/3/5 6314/3/5 6313/3/5
f 6316/3/5 6314/3/5 6315/3/5
f 6319/3/5 6318/3/5 6317/3/5
f 6320/3/5 6318/3/5 6319/3/5
f 6323/3/5 6322/3/5 6321/3/5
f 6324/3/5 6322/3/5 6323/3/5
f 6327/3/5 6326/3/5 6325/3/5
f 6328/3/5 6326/3/5 6327/3/5
f 6331/3/5 6330/3/5 6329/3/5
f 6332/3/5 6330/3/5 6331/3/5
f 6335/3/5 6334/3/5 6333/3/5
f 6336/3/5 6334/3/5 6335/3/5
f 6339/3/5 6338/3/5 6337/3/5
f 6340/3/5 6338/3/5 6339/3/5
f 6343/3/5 6342/3/5 6341/3/5
f 6344/3/5 6342/3/5 6343/3/5
f 6347/3/5 6346/3/5 6345/3/5
f 6348/3/5 6346/3/5 6347/3/5
f 6351/3/5 6350/3/5 6349/3/5
f 6352/3/5 6350/3/5 6351/3/5
f 6355/3/5 6354/3/5 6353/3/5
f 6356/3/5 6354/3/5 6355/3/5
f 6359/3/5 6358/3/5 6357/3/5
f 6360/3/5 6358/3/5 6359/3/5
f 6363/3/5 6362/3/5 6361/3/5
f 6364/3/5 6362/3/5 6363/3/5
f 6367/3/5 6366/3/5 6365/3/5
f 6368/3/5 6366/3/5 6367/3/5
f 6371/3/5 6370/3/5 6369/3/5
f 6372/3/5 6370/3/5 6371/3/5
f 6376/3/5 6374/3/5 6373/3/5
f 6377/3/5 6374/3/5 6376/3/5
f 6380/3/5 6376/3/5 6375/3/5
f 6380/3/5 6378/3/5 6377/3/5
f 6380/3/5 6377/3/5 6376/3/5
f 6381/3/5 6378/3/5 6380/3/5
f 6384/3/5 6380/3/5 6379/3/5
f 6384/3/5 6382/3/5 6381/3/5
f 6384/3/5 6381/3/5 6380/3/5
f 6385/3/5 6382/3/5 6384/3/5
f 6388/3/5 6384/3/5 6383/3/5
f 6388/3/5 6386/3/5 6385/3/5
f 6388/3/5 6385/3/5 6384/3/5
f 6389/3/5 6386/3/5 6388/3/5
f 6390/3/5 6386/3/5 6389/3/5
f 6391/3/5 6386/3/5 6390/3/5
f 6394/3/5 6388/3/5 6387/3/5
f 6394/3/5 6389/3/5 6388/3/5
f 6395/3/5 6389/3/5 6394/3/5
f 6396/3/5 6389/3/5 6395/3/5
f 6397/3/5 6391/3/5 6390/3/5
f 6397/3/5 6392/3/5 6391/3/5
f 6398/3/5 6392/3/5 6397/3/5
f 6399/3/5 6392/3/5 6398/3/5
f 6402/3/5 6395/3/5 6394/3/5
f 6402/3/5 6394/3/5 6393/3/5
f 6403/3/5 6395/3/5 6402/3/5
f 6404/3/5 6395/3/5 6403/3/5
f 6405/3/5 6400/3/5 6399/3/5
f 6405/3/5 6399/3/5 6398/3/5
f 6406/3/5 6400/3/5 6405/3/5
f 6407/3/5 6400/3/5 6406/3/5
f 6409/3/5 6403/3/5 6402/3/5
f 6409/3/5 6402/3/5 6401/3/5
f 6410/3/5 6403/3/5 6409/3/5
f 6411/3/5 6408/3/5 6407/3/5
f 6411/3/5 6407/3/5 6406/3/5
f 6412/3/5 6408/3/5 6411/3/5
f 6414/3/5 6409/3/5 6401/3/5
f 6415/3/5 6409/3/5 6414/3/5
f 6416/3/5 6409/3/5 6415/3/5
f 6417/3/5 6408/3/5 6412/3/5
f 6418/3/5 6408/3/5 6417/3/5
f 6419/3/5 6408/3/5 6418/3/5
f 6421/3/5 6414/3/5 6413/3/5
f 6421/3/5 6415/3/5 6414/3/5
f 6422/3/5 6415/3/5 6421/3/5
f 6423/3/5 6420/3/5 6419/3/5
f 6423/3/5 6419/3/5 6418/3/5
f 6424/3/5 6420/3/5 6423/3/5
f 6426/3/5 6421/3/5 6413/3/5
f 6427/3/5 6421/3/5 6426/3/5
f 6428/3/5 6421/3/5 6427/3/5
f 6429/3/5 6420/3/5 6424/3/5
f 6430/3/5 6420/3/5 6429/3/5
f 6431/3/5 6420/3/5 6430/3/5
f 6435/3/5 6434/3/5 6433/3/5
f 6436/3/5 6434/3/5 6435/3/5
f 6437/3/5 6426/3/5 6425/3/5
f 6437/3/5 6427/3/5 6426/3/5
f 6438/3/5 6427/3/5 6437/3/5
f 6439/3/5 6427/3/5 6438/3/5
f 6442/3/5 6432/3/5 6431/3/5
f 6442/3/5 6431/3/5 6430/3/5
f 6443/3/5 6432/3/5 6442/3/5
f 6444/3/5 6432/3/5 6443/3/5
f 6445/3/5 6439/3/5 6438/3/5
f 6445/3/5 6440/3/5 6439/3/5
f 6448/3/5 6443/3/5 6442/3/5
f 6448/3/5 6442/3/5 6441/3/5
f 6449/3/5 6446/3/5 6445/3/5
f 6449/3/5 6445/3/5 6438/3/5
f 6450/3/5 6446/3/5 6449/3/5
f 6451/3/5 6446/3/5 6450/3/5
f 6454/3/5 6448/3/5 6447/3/5
f 6455/3/5 6443/3/5 6448/3/5
f 6455/3/5 6448/3/5 6454/3/5
f 6456/3/5 6443/3/5 6455/3/5
f 6457/3/5 6452/3/5 6451/3/5
f 6457/3/5 6451/3/5 6450/3/5
f 6460/3/5 6454/3/5 6453/3/5
f 6460/3/5 6455/3/5 6454/3/5
f 6461/3/5 6458/3/5 6457/3/5
f 6461/3/5 6457/3/5 6450/3/5
f 6462/3/5 6458/3/5 6461/3/5
f 6463/3/5 6458/3/5 6462/3/5
f 6466/3/5 6460/3/5 6459/3/5
f 6467/3/5 6455/3/5 6460/3/5
f 6467/3/5 6460/3/5 6466/3/5
f 6468/3/5 6455/3/5 6467/3/5
f 6469/3/5 6464/3/5 6463/3/5
f 6469/3/5 6463/3/5 6462/3/5
f 6470/3/5 6464/3/5 6469/3/5
f 6471/3/5 6464/3/5 6470/3/5
f 6474/3/5 6466/3/5 6465/3/5
f 6474/3/5 6467/3/5 6466/3/5
f 6475/3/5 6467/3/5 6474/3/5
f 6476/3/5 6467/3/5 6475/3/5
f 6477/3/5 6472/3/5 6471/3/5
f 6477/3/5 6471/3/5 6470/3/5
f 6478/3/5 6472/3/5 6477/3/5
f 6479/3/5 6472/3/5 6478/3/5
f 6480/3/5 6475/3/5 6474/3/5
f 6480/3/5 6474/3/5 6473/3/5
f 6481/3/5 6475/3/5 6480/3/5
f 6482/3/5 6475/3/5 6481/3/5
f 6483/3/5 6479/3/5 6478/3/5
f 6483/3/5 6481/3/5 6480/3/5
f 6483/3/5 6480/3/5 6479/3/5
f 6484/3/5 6481/3/5 6483/3/5
f 6485/3/5 6481/3/5 6484/3/5
f 6486/3/5 6481/3/5 6485/3/5
f 6487/3/5 6485/3/5 6484/3/5
f 6488/3/5 6485/3/5 6487/3/5
f 6489/3/5 6485/3/5 6488/3/5
f 6490/3/5 6485/3/5 6489/3/5
f 6491/3/5 6489/3/5 6488/3/5
f 6492/3/5 6489/3/5 6491/3/5
f 6493/3/5 6489/3/5 6492/3/5
f 6494/3/5 6489/3/5 6493/3/5
f 6495/3/5 6493/3/5 6492/3/5
f 6496/3/5 6493/3/5 6495/3/5
f 6499/3/5 6498/3/5 6497/3/5
f 6500/3/5 6498/3/5 6499/3/5
f 6503/5/5 6502/5/5 6501/5/5
f 6504/5/5 6502/5/5 6503/5/5
f 6507/5/5 6506/5/5 6505/5/5
f 6508/5/5 6506/5/5 6507/5/5
f 6512/1/5 6510/1/5 6509/1/5
f 6513/1/5 6510/1/5 6512/1/5
f 6513/1/5 6512/1/5 6511/1/5
f 6516/1/5 6513/1/5 6511/1/5
f 6516/1/5 6514/1/5 6513/1/5
f 6517/1/5 6514/1/5 6516/1/5
f 6517/1/5 6516/1/5 6515/1/5
f 6520/1/5 6517/1/5 6515/1/5
f 6520/1/5 6518/1/5 6517/1/5
f 6521/1/5 6518/1/5 6520/1/5
f 6521/1/5 6520/1/5 6519/1/5
f 6524/1/5 6521/1/5 6519/1/5
f 6524/1/5 6522/1/5 6521/1/5
f 6525/1/5 6522/1/5 6524/1/5
f 6528/1/5 6524/1/5 6523/1/5
f 6528/1/5 6526/1/5 6525/1/5
f 6528/1/5 6525/1/5 6524/1/5
f 6529/1/5 6526/1/5 6528/1/5
f 6532/1/5 6528/1/5 6527/1/5
f 6532/1/5 6530/1/5 6529/1/5
f 6532/1/5 6529/1/5 6528/1/5
f 6533/1/5 6530/1/5 6532/1/5
f 6536/1/5 6532/1/5 6531/1/5
f 6536/1/5 6534/1/5 6533/1/5
f 6536/1/5 6533/1/5 6532/1/5
f 6537/1/5 6534/1/5 6536/1/5
f 6537/1/5 6536/1/5 6535/1/5
f 6539/1/5 6537/1/5 6535/1/5
f 6539/1/5 6538/1/5 6537/1/5
f 6540/1/5 6538/1/5 6539/1/5
f 6541/1/5 6538/1/5 6540/1/5
f 6542/1/5 6538/1/5 6541/1/5
f 6543/1/5 6541/1/5 6540/1/5
f 6544/1/5 6541/1/5 6543/1/5
f 6545/1/5 6541/1/5 6544/1/5
f 6546/1/5 6541/1/5 6545/1/5
f 6547/1/5 6545/1/5 6544/1/5
f 6548/1/5 6545/1/5 6547/1/5
f 6549/1/5 6545/1/5 6548/1/5
f 6550/1/5 6545/1/5 6549/1/5
f 6551/1/5 6549/1/5 6548/1/5
f 6552/1/5 6549/1/5 6551/1/5
f 6553/1/5 6549/1/5 6552/1/5
f 6554/1/5 6549/1/5 6553/1/5
f 6555/1/5 6553/1/5 6552/1/5
f 6556/1/5 6553/1/5 6555/1/5
f 6557/1/5 6553/1/5 6556/1/5
f 6558/1/5 6553/1/5 6557/1/5
f 6559/1/5 6557/1/5 6556/1/5
f 6560/1/5 6557/1/5 6559/1/5
f 6561/1/5 6557/1/5 6560/1/5
f 6562/1/5 6557/1/5 6561/1/5
f 6563/1/5 6561/1/5 6560/1/5
f 6564/1/5 6561/1/5 6563/1/5
f 6565/1/5 6561/1/5 6564/1/5
f 6566/1/5 6561/1/5 6565/1/5
f 6567/1/5 6565/1/5 6564/1/5
f 6568/1/5 6565/1/5 6567/1/5
f 6571/1/5 6570/1/5 6569/1/5
f 6572/1/5 6570/1/5 6571/1/5
f 6578/1/5 6574/1/5 6573/1/5
f 6579/1/5 6576/1/5 6575/1/5
f 6582/1/5 6578/1/5 6577/1/5
f 6583/1/5 6580/1/5 6579/1/5
f 6585/1/5 6582/1/5 6581/1/5
f 6586/1/5 6574/1/5 6578/1/5
f 6586/1/5 6582/1/5 6585/1/5
f 6586/1/5 6578/1/5 6582/1/5
f 6587/1/5 6584/1/5 6583/1/5
f 6587/1/5 6579/1/5 6575/1/5
f 6587/1/5 6583/1/5 6579/1/5
f 6588/1/5 6584/1/5 6587/1/5
f 6592/1/5 6590/1/5 6589/1/5
f 6596/1/5 6592/1/5 6591/1/5
f 6597/1/5 6594/1/5 6593/1/5
f 6599/1/5 6596/1/5 6595/1/5
f 6600/1/5 6590/1/5 6592/1/5
f 6600/1/5 6596/1/5 6599/1/5
f 6600/1/5 6592/1/5 6596/1/5
f 6601/1/5 6598/1/5 6597/1/5
f 6601/1/5 6597/1/5 6593/1/5
f 6602/1/5 6598/1/5 6601/1/5
f 6606/1/5 6604/1/5 6603/1/5
f 6609/1/5 6606/1/5 6605/1/5
f 6610/1/5 6604/1/5 6606/1/5
f 6610/1/5 6606/1/5 6609/1/5
f 6611/1/5 6608/1/5 6607/1/5
f 6612/1/5 6608/1/5 6611/1/5
f 6616/1/5 6614/1/5 6613/1/5
f 6620/1/5 6616/1/5 6615/1/5
f 6621/1/5 6618/1/5 6617/1/5
f 6623/1/5 6620/1/5 6619/1/5
f 6624/1/5 6614/1/5 6616/1/5
f 6624/1/5 6620/1/5 6623/1/5
f 6624/1/5 6616/1/5 6620/1/5
f 6625/1/5 6622/1/5 6621/1/5
f 6625/1/5 6621/1/5 6617/1/5
f 6626/1/5 6622/1/5 6625/1/5
f 6630/1/5 6628/1/5 6627/1/5
f 6634/1/5 6630/1/5 6629/1/5
f 6635/1/5 6632/1/5 6631/1/5
f 6637/1/5 6634/1/5 6633/1/5
f 6638/1/5 6628/1/5 6630/1/5
f 6638/1/5 6634/1/5 6637/1/5
f 6638/1/5 6630/1/5 6634/1/5
f 6639/1/5 6636/1/5 6635/1/5
f 6639/1/5 6635/1/5 6631/1/5
f 6640/1/5 6636/1/5 6639/1/5
f 6644/1/5 6642/1/5 6641/1/5
f 6647/1/5 6644/1/5 6643/1/5
f 6648/1/5 6642/1/5 6644/1/5
f 6648/1/5 6644/1/5 6647/1/5
f 6649/1/5 6646/1/5 6645/1/5
f 6650/1/5 6646/1/5 6649/1/5
f 6654/1/5 6652/1/5 6651/1/5
f 6658/1/5 6654/1/5 6653/1/5
f 6659/1/5 6656/1/5 6655/1/5
f 6661/1/5 6658/1/5 6657/1/5
f 6662/1/5 6652/1/5 6654/1/5
f 6662/1/5 6658/1/5 6661/1/5
f 6662/1/5 6654/1/5 6658/1/5
f 6663/1/5 6660/1/5 6659/1/5
f 6663/1/5 6659/1/5 6655/1/5
f 6664/1/5 6660/1/5 6663/1/5
f 6668/1/5 6666/1/5 6665/1/5
f 6672/1/5 6668/1/5 6667/1/5
f 6673/1/5 6670/1/5 6669/1/5
f 6675/1/5 6672/1/5 6671/1/5
f 6676/1/5 6666/1/5 6668/1/5
f 6676/1/5 6672/1/5 6675/1/5
f 6676/1/5 6668/1/5 6672/1/5
f 6677/1/5 6674/1/5 6673/1/5
f 6677/1/5 6673/1/5 6669/1/5
f 6678/1/5 6674/1/5 6677/1/5
f 6681/1/5 6680/1/5 6679/1/5
f 6682/1/5 6680/1/5 6681/1/5
f 6687/1/5 6684/1/5 6683/1/5
f 6688/1/5 6684/1/5 6687/1/5
f 6689/1/5 6686/1/5 6685/1/5
f 6690/1/5 6686/1/5 6689/1/5
f 6691/1/5 6684/1/5 6688/1/5
f 6692/1/5 6684/1/5 6691/1/5
f 6693/1/5 6689/1/5 6685/1/5
f 6694/1/5 6689/1/5 6693/1/5
f 6695/1/5 6684/1/5 6692/1/5
f 6696/1/5 6684/1/5 6695/1/5
f 6701/1/5 6698/1/5 6697/1/5
f 6702/1/5 6698/1/5 6701/1/5
f 6703/1/5 6700/1/5 6699/1/5
f 6704/1/5 6700/1/5 6703/1/5
f 6705/1/5 6698/1/5 6702/1/5
f 6706/1/5 6698/1/5 6705/1/5
f 6709/1/5 6708/1/5 6707/1/5
f 6710/1/5 6708/1/5 6709/1/5
f 6715/1/5 6712/1/5 6711/1/5
f 6716/1/5 6712/1/5 6715/1/5
f 6717/1/5 6714/1/5 6713/1/5
f 6718/1/5 6714/1/5 6717/1/5
f 6719/1/5 6712/1/5 6716/1/5
f 6720/1/5 6712/1/5 6719/1/5
f 6725/1/5 6722/1/5 6721/1/5
f 6726/1/5 6722/1/5 6725/1/5
f 6727/1/5 6724/1/5 6723/1/5
f 6728/1/5 6724/1/5 6727/1/5
f 6729/1/5 6722/1/5 6726/1/5
f 6730/1/5 6722/1/5 6729/1/5
f 6733/1/5 6732/1/5 6731/1/5
f 6734/1/5 6732/1/5 6733/1/5
f 6739/1/5 6736/1/5 6735/1/5
f 6740/1/5 6736/1/5 6739/1/5
f 6741/1/5 6738/1/5 6737/1/5
f 6742/1/5 6738/1/5 6741/1/5
f 6743/1/5 6736/1/5 6740/1/5
f 6744/1/5 6736/1/5 6743/1/5
f 6749/1/5 6746/1/5 6745/1/5
f 6750/1/5 6746/1/5 6749/1/5
f 6751/1/5 6748/1/5 6747/1/5
f 6752/1/5 6748/1/5 6751/1/5
f 6753/1/5 6746/1/5 6750/1/5
f 6754/1/5 6746/1/5 6753/1/5
f 6755/1/5 6751/1/5 6747/1/5
f 6756/1/5 6751/1/5 6755/1/5
f 6757/2/6 6758/2/6 6759/2/6
f 6759/2/6 6758/2/6 6760/2/6
f 6757/2/6 6759/2/6 6762/2/6
f 6761/2/6 6762/2/6 6763/2/6
f 6762/2/6 6759/2/6 6764/2/6
f 6763/2/6 6762/2/6 6764/2/6
f 6761/2/6 6763/2/6 6765/2/6
f 6761/2/6 6765/2/6 6767/2/6
f 6765/2/6 6766/2/6 6767/2/6
f 6767/2/6 6766/2/6 6768/2/6
f 6769/2/6 6770/2/6 6771/2/6
f 6771/2/6 6770/2/6 6772/2/6
f 6769/2/6 6771/2/6 6774/2/6
f 6773/2/6 6774/2/6 6775/2/6
f 6774/2/6 6771/2/6 6776/2/6
f 6775/2/6 6774/2/6 6776/2/6
f 6773/2/6 6775/2/6 6777/2/6
f 6773/2/6 6777/2/6 6779/2/6
f 6777/2/6 6778/2/6 6779/2/6
f 6779/2/6 6778/2/6 6780/2/6
f 6781/2/6 6782/2/6 6783/2/6
f 6783/2/6 6782/2/6 6784/2/6
f 6781/2/6 6783/2/6 6786/2/6
f 6785/2/6 6786/2/6 6787/2/6
f 6786/2/6 6783/2/6 6788/2/6
f 6787/2/6 6786/2/6 6788/2/6
f 6785/2/6 6787/2/6 6789/2/6
f 6785/2/6 6789/2/6 6791/2/6
f 6789/2/6 6790/2/6 6791/2/6
f 6791/2/6 6790/2/6 6792/2/6
f 6792/2/6 6790/2/6 6793/2/6
f 6792/2/6 6793/2/6 6795/2/6
f 6793/2/6 6794/2/6 6795/2/6
f 6795/2/6 6794/2/6 6796/2/6
f 6797/2/6 6798/2/6 6799/2/6
f 6799/2/6 6798/2/6 6800/2/6
f 6797/2/6 6799/2/6 6802/2/6
f 6801/2/6 6802/2/6 6803/2/6
f 6802/2/6 6799/2/6 6804/2/6
f 6803/2/6 6802/2/6 6804/2/6
f 6801/2/6 6803/2/6 6805/2/6
f 6801/2/6 6805/2/6 6807/2/6
f 6805/2/6 6806/2/6 6807/2/6
f 6807/2/6 6806/2/6 6808/2/6
f 6808/2/6 6806/2/6 6809/2/6
f 6808/2/6 6809/2/6 6811/2/6
f 6809/2/6 6810/2/6 6811/2/6
f 6811/2/6 6810/2/6 6812/2/6
f 6813/2/6 6814/2/6 6815/2/6
f 6815/2/6 6814/2/6 6816/2/6
f 6813/2/6 6815/2/6 6818/2/6
f 6817/2/6 6818/2/6 6819/2/6
f 6818/2/6 6815/2/6 6820/2/6
f 6819/2/6 6818/2/6 6820/2/6
f 6817/2/6 6819/2/6 6821/2/6
f 6817/2/6 6821/2/6 6823/2/6
f 6821/2/6 6822/2/6 6823/2/6
f 6823/2/6 6822/2/6 6824/2/6
f 6824/2/6 6822/2/6 6825/2/6
f 6824/2/6 6825/2/6 6827/2/6
f 6825/2/6 6826/2/6 6827/2/6
f 6827/2/6 6826/2/6 6828/2/6
f 6829/2/6 6830/2/6 6831/2/6
f 6831/2/6 6830/2/6 6832/2/6
f 6829/2/6 6831/2/6 6834/2/6
f 6833/2/6 6834/2/6 6835/2/6
f 6834/2/6 6831/2/6 6836/2/6
f 6835/2/6 6834/2/6 6836/2/6
f 6833/2/6 6835/2/6 6837/2/6
f 6833/2/6 6837/2/6 6839/2/6
f 6837/2/6 6838/2/6 6839/2/6
f 6839/2/6 6838/2/6 6840/2/6
f 6840/2/6 6838/2/6 6841/2/6
f 6840/2/6 6841/2/6 6843/2/6
f 6841/2/6 6842/2/6 6843/2/6
f 6843/2/6 6842/2/6 6844/2/6
f 6845/2/6 6846/2/6 6848/2/6
f 6847/2/6 6848/2/6 6849/2/6
f 6848/2/6 6846/2/6 6850/2/6
f 6849/2/6 6848/2/6 6850/2/6
f 6850/2/6 6846/2/6 6851/2/6
f 6851/2/6 6846/2/6 6852/2/6
f 6853/2/6 6854/2/6 6856/2/6
f 6856/2/6 6854/2/6 6857/2/6
f 6855/2/6 6856/2/6 6860/2/6
f 6860/2/6 6856/2/6 6861/2/6
f 6857/2/6 6858/2/6 6862/2/6
f 6862/2/6 6858/2/6 6863/2/6
f 6859/2/6 6860/2/6 6866/2/6
f 6866/2/6 6860/2/6 6867/2/6
f 6867/2/6 6860/2/6 6868/2/6
f 6863/2/6 6864/2/6 6869/2/6
f 6869/2/6 6864/2/6 6870/2/6
f 6870/2/6 6864/2/6 6871/2/6
f 6865/2/6 6866/2/6 6874/2/6
f 6866/2/6 6867/2/6 6874/2/6
f 6874/2/6 6867/2/6 6875/2/6
f 6871/2/6 6872/2/6 6876/2/6
f 6870/2/6 6871/2/6 6876/2/6
f 6876/2/6 6872/2/6 6877/2/6
f 6873/2/6 6874/2/6 6880/2/6
f 6880/2/6 6874/2/6 6881/2/6
f 6877/2/6 6878/2/6 6882/2/6
f 6882/2/6 6878/2/6 6883/2/6
f 6879/2/6 6880/2/6 6886/2/6
f 6883/2/6 6884/2/6 6887/2/6
f 6885/2/6 6886/2/6 6889/2/6
f 6886/2/6 6880/2/6 6889/2/6
f 6889/2/6 6880/2/6 6890/2/6
f 6887/2/6 6888/2/6 6893/2/6
f 6883/2/6 6887/2/6 6893/2/6
f 6893/2/6 6888/2/6 6894/2/6
f 6885/2/6 6889/2/6 6896/2/6
f 6896/2/6 6889/2/6 6897/2/6
f 6891/2/6 6892/2/6 6899/2/6
f 6899/2/6 6892/2/6 6900/2/6
f 6894/2/6 6888/2/6 6902/2/6
f 6902/2/6 6888/2/6 6903/2/6
f 6900/2/6 6901/2/6 6906/2/6
f 6898/2/6 6899/2/6 6906/2/6
f 6899/2/6 6900/2/6 6906/2/6
f 6906/2/6 6901/2/6 6907/2/6
f 6905/2/6 6906/2/6 6910/2/6
f 6907/2/6 6908/2/6 6910/2/6
f 6906/2/6 6907/2/6 6910/2/6
f 6910/2/6 6908/2/6 6911/2/6
f 6895/2/6 6896/2/6 6914/2/6
f 6914/2/6 6896/2/6 6915/2/6
f 6903/2/6 6904/2/6 6916/2/6
f 6916/2/6 6904/2/6 6917/2/6
f 6913/2/6 6914/2/6 6919/2/6
f 6911/2/6 6912/2/6 6920/2/6
f 6909/2/6 6910/2/6 6920/2/6
f 6910/2/6 6911/2/6 6920/2/6
f 6920/2/6 6912/2/6 6921/2/6
f 6919/2/6 6920/2/6 6923/2/6
f 6921/2/6 6922/2/6 6923/2/6
f 6920/2/6 6921/2/6 6923/2/6
f 6923/2/6 6922/2/6 6924/2/6
f 6924/2/6 6922/2/6 6925/2/6
f 6919/2/6 6923/2/6 6926/2/6
f 6919/2/6 6926/2/6 6928/2/6
f 6926/2/6 6927/2/6 6928/2/6
f 6928/2/6 6927/2/6 6929/2/6
f 6919/2/6 6928/2/6 6930/2/6
f 6913/2/6 6919/2/6 6933/2/6
f 6931/2/6 6932/2/6 6933/2/6
f 6919/2/6 6930/2/6 6933/2/6
f 6930/2/6 6931/2/6 6933/2/6
f 6933/2/6 6932/2/6 6934/2/6
f 6934/2/6 6932/2/6 6935/2/6
f 6935/2/6 6932/2/6 6936/2/6
f 6913/2/6 6933/2/6 6937/2/6
f 6937/2/6 6933/2/6 6938/2/6
f 6917/2/6 6918/2/6 6941/2/6
f 6941/2/6 6918/2/6 6942/2/6
f 6934/2/6 6935/2/6 6943/2/6
f 6943/2/6 6935/2/6 6944/2/6
f 6944/2/6 6935/2/6 6945/2/6
f 6945/2/6 6935/2/6 6946/2/6
f 6944/2/6 6945/2/6 6947/2/6
f 6947/2/6 6945/2/6 6948/2/6
f 6948/2/6 6945/2/6 6949/2/6
f 6949/2/6 6945/2/6 6950/2/6
f 6938/2/6 6939/2/6 6951/2/6
f 6951/2/6 6939/2/6 6952/2/6
f 6948/2/6 6949/2/6 6954/2/6
f 6954/2/6 6949/2/6 6955/2/6
f 6955/2/6 6949/2/6 6956/2/6
f 6956/2/6 6949/2/6 6957/2/6
f 6940/2/6 6941/2/6 6959/2/6
f 6959/2/6 6941/2/6 6960/2/6
f 6952/2/6 6953/2/6 6961/2/6
f 6955/2/6 6956/2/6 6963/2/6
f 6963/2/6 6956/2/6 6964/2/6
f 6958/2/6 6959/2/6 6966/2/6
f 6961/2/6 6962/2/6 6967/2/6
f 6952/2/6 6961/2/6 6967/2/6
f 6967/2/6 6962/2/6 6968/2/6
f 6965/2/6 6966/2/6 6969/2/6
f 6966/2/6 6959/2/6 6969/2/6
f 6969/2/6 6959/2/6 6970/2/6
f 6968/2/6 6962/2/6 6971/2/6
f 6971/2/6 6962/2/6 6972/2/6
f 6965/2/6 6969/2/6 6975/2/6
f 6975/2/6 6969/2/6 6976/2/6
f 6972/2/6 6973/2/6 6977/2/6
f 6977/2/6 6973/2/6 6978/2/6
f 6974/2/6 6975/2/6 6981/2/6
f 6981/2/6 6975/2/6 6982/2/6
f 6978/2/6 6979/2/6 6983/2/6
f 6983/2/6 6979/2/6 6984/2/6
f 6984/2/6 6979/2/6 6985/2/6
f 6980/2/6 6981/2/6 6988/2/6
f 6988/2/6 6981/2/6 6989/2/6
f 6989/2/6 6981/2/6 6990/2/6
f 6985/2/6 6986/2/6 6991/2/6
f 6984/2/6 6985/2/6 6991/2/6
f 6991/2/6 6986/2/6 6992/2/6
f 6988/2/6 6989/2/6 6995/2/6
f 6987/2/6 6988/2/6 6995/2/6
f 6995/2/6 6989/2/6 6996/2/6
f 6992/2/6 6993/2/6 6997/2/6
f 6997/2/6 6993/2/6 6998/2/6
f 6994/2/6 6995/2/6 6999/2/6
f 6999/2/6 6995/2/6 7000/2/6
f 6998/2/6 6999/2/6 7001/2/6
f 7001/2/6 6999/2/6 7002/2/6
f 7003/3/6 7004/3/6 7005/3/6
f 7005/3/6 7004/3/6 7006/3/6
f 7007/3/6 7008/3/6 7009/3/6
f 7009/3/6 7008/3/6 7010/3/6
f 7011/3/6 7012/3/6 7013/3/6
f 7013/3/6 7012/3/6 7014/3/6
f 7015/4/6 7016/4/6 7018/4/6
f 7018/4/6 7016/4/6 7019/4/6
f 7017/4/6 7018/4/6 7022/4/6
f 7022/4/6 7018/4/6 7023/4/6
f 7023/4/6 7018/4/6 7024/4/6
f 7019/4/6 7020/4/6 7025/4/6
f 7025/4/6 7020/4/6 7026/4/6
f 7026/4/6 7020/4/6 7027/4/6
f 7021/4/6 7022/4/6 7030/4/6
f 7022/4/6 7023/4/6 7030/4/6
f 7030/4/6 7023/4/6 7031/4/6
f 7027/4/6 7028/4/6 7032/4/6
f 7026/4/6 7027/4/6 7032/4/6
f 7032/4/6 7028/4/6 7033/4/6
f 7029/4/6 7030/4/6 7036/4/6
f 7036/4/6 7030/4/6 7037/4/6
f 7037/4/6 7030/4/6 7038/4/6
f 7033/4/6 7034/4/6 7039/4/6
f 7039/4/6 7034/4/6 7040/4/6
f 7040/4/6 7034/4/6 7041/4/6
f 7035/4/6 7036/4/6 7043/4/6
f 7036/4/6 7037/4/6 7043/4/6
f 7043/4/6 7037/4/6 7044/4/6
f 7041/4/6 7042/4/6 7045/4/6
f 7040/4/6 7041/4/6 7045/4/6
f 7045/4/6 7042/4/6 7046/4/6
f 7035/4/6 7043/4/6 7048/4/6
f 7048/4/6 7043/4/6 7049/4/6
f 7046/4/6 7042/4/6 7050/4/6
f 7050/4/6 7042/4/6 7051/4/6
f 7047/4/6 7048/4/6 7054/4/6
f 7051/4/6 7052/4/6 7055/4/6
f 7053/4/6 7054/4/6 7057/4/6
f 7054/4/6 7048/4/6 7057/4/6
f 7057/4/6 7048/4/6 7058/4/6
f 7055/4/6 7056/4/6 7059/4/6
f 7051/4/6 7055/4/6 7059/4/6
f 7059/4/6 7056/4/6 7060/4/6
f 7053/4/6 7057/4/6 7062/4/6
f 7062/4/6 7057/4/6 7063/4/6
f 7060/4/6 7056/4/6 7064/4/6
f 7064/4/6 7056/4/6 7065/4/6
f 7061/4/6 7062/4/6 7067/4/6
f 7067/4/6 7062/4/6 7068/4/6
f 7069/3/6 7070/3/6 7071/3/6
f 7071/3/6 7070/3/6 7072/3/6
f 7073/4/6 7074/4/6 7075/4/6
f 7075/4/6 7074/4/6 7076/4/6
f 7065/4/6 7066/4/6 7079/4/6
f 7079/4/6 7066/4/6 7080/4/6
f 7076/4/6 7077/4/6 7081/4/6
f 7078/4/6 7079/4/6 7084/4/6
f 7081/4/6 7082/4/6 7085/4/6
f 7076/4/6 7081/4/6 7085/4/6
f 7085/4/6 7082/4/6 7086/4/6
f 7083/4/6 7084/4/6 7087/4/6
f 7084/4/6 7079/4/6 7087/4/6
f 7087/4/6 7079/4/6 7088/4/6
f 7086/4/6 7082/4/6 7089/4/6
f 7089/4/6 7082/4/6 7090/4/6
f 7083/4/6 7087/4/6 7093/4/6
f 7093/4/6 7087/4/6 7094/4/6
f 7090/4/6 7091/4/6 7095/4/6
f 7092/4/6 7093/4/6 7098/4/6
f 7095/4/6 7096/4/6 7099/4/6
f 7090/4/6 7095/4/6 7099/4/6
f 7099/4/6 7096/4/6 7100/4/6
f 7100/4/6 7096/4/6 7101/4/6
f 7097/4/6 7098/4/6 7104/4/6
f 7098/4/6 7093/4/6 7105/4/6
f 7104/4/6 7098/4/6 7105/4/6
f 7105/4/6 7093/4/6 7106/4/6
f 7101/4/6 7102/4/6 7107/4/6
f 7100/4/6 7101/4/6 7107/4/6
f 7107/4/6 7102/4/6 7108/4/6
f 7103/4/6 7104/4/6 7111/4/6
f 7104/4/6 7105/4/6 7111/4/6
f 7111/4/6 7105/4/6 7112/4/6
f 7108/4/6 7109/4/6 7113/4/6
f 7113/4/6 7109/4/6 7114/4/6
f 7114/4/6 7109/4/6 7115/4/6
f 7110/4/6 7111/4/6 7118/4/6
f 7118/4/6 7111/4/6 7119/4/6
f 7119/4/6 7111/4/6 7120/4/6
f 7115/4/6 7116/4/6 7121/4/6
f 7114/4/6 7115/4/6 7121/4/6
f 7121/4/6 7116/4/6 7122/4/6
f 7118/4/6 7119/4/6 7123/4/6
f 7117/4/6 7118/4/6 7123/4/6
f 7123/4/6 7119/4/6 7124/4/6
f 7122/4/6 7123/4/6 7125/4/6
f 7125/4/6 7123/4/6 7126/4/6
f 7127/3/6 7128/3/6 7129/3/6
f 7129/3/6 7128/3/6 7130/3/6
f 7131/3/6 7132/3/6 7133/3/6
f 7133/3/6 7132/3/6 7134/3/6
f 7135/3/6 7136/3/6 7137/3/6
f 7137/3/6 7136/3/6 7138/3/6
f 7139/3/6 7140/3/6 7141/3/6
f 7141/3/6 7140/3/6 7142/3/6
f 7143/3/6 7144/3/6 7145/3/6
f 7145/3/6 7144/3/6 7146/3/6
f 7147/3/6 7148/3/6 7149/3/6
f 7149/3/6 7148/3/6 7150/3/6
f 7151/3/6 7152/3/6 7153/3/6
f 7153/3/6 7152/3/6 7154/3/6
f 7155/4/6 7156/4/6 7158/4/6
f 7158/4/6 7156/4/6 7159/4/6
f 7157/4/6 7158/4/6 7162/4/6
f 7162/4/6 7158/4/6 7163/4/6
f 7159/4/6 7160/4/6 7164/4/6
f 7164/4/6 7160/4/6 7165/4/6
f 7161/4/6 7162/4/6 7168/4/6
f 7168/4/6 7162/4/6 7169/4/6
f 7165/4/6 7166/4/6 7170/4/6
f 7170/4/6 7166/4/6 7171/4/6
f 7167/4/6 7168/4/6 7174/4/6
f 7174/4/6 7168/4/6 7175/4/6
f 7171/4/6 7172/4/6 7176/4/6
f 7176/4/6 7172/4/6 7177/4/6
f 7173/4/6 7174/4/6 7180/4/6
f 7180/4/6 7174/4/6 7181/4/6
f 7177/4/6 7178/4/6 7182/4/6
f 7182/4/6 7178/4/6 7183/4/6
f 7179/4/6 7180/4/6 7186/4/6
f 7186/4/6 7180/4/6 7187/4/6
f 7183/4/6 7184/4/6 7188/4/6
f 7188/4/6 7184/4/6 7189/4/6
f 7185/4/6 7186/4/6 7192/4/6
f 7192/4/6 7186/4/6 7193/4/6
f 7189/4/6 7190/4/6 7194/4/6
f 7194/4/6 7190/4/6 7195/4/6
f 7197/3/6 7198/3/6 7199/3/6
f 7199/3/6 7198/3/6 7200/3/6
f 7191/4/6 7192/4/6 7201/4/6
f 7201/4/6 7192/4/6 7202/4/6
f 7195/4/6 7196/4/6 7205/4/6
f 7205/4/6 7196/4/6 7206/4/6
f 7202/4/6 7203/4/6 7207/4/6
f 7207/4/6 7203/4/6 7208/4/6
f 7204/4/6 7205/4/6 7211/4/6
f 7211/4/6 7205/4/6 7212/4/6
f 7208/4/6 7209/4/6 7213/4/6
f 7213/4/6 7209/4/6 7214/4/6
f 7210/4/6 7211/4/6 7217/4/6
f 7217/4/6 7211/4/6 7218/4/6
f 7214/4/6 7215/4/6 7219/4/6
f 7219/4/6 7215/4/6 7220/4/6
f 7216/4/6 7217/4/6 7223/4/6
f 7223/4/6 7217/4/6 7224/4/6
f 7220/4/6 7221/4/6 7225/4/6
f 7225/4/6 7221/4/6 7226/4/6
f 7222/4/6 7223/4/6 7229/4/6
f 7229/4/6 7223/4/6 7230/4/6
f 7226/4/6 7227/4/6 7231/4/6
f 7231/4/6 7227/4/6 7232/4/6
f 7228/4/6 7229/4/6 7235/4/6
f 7235/4/6 7229/4/6 7236/4/6
f 7232/4/6 7233/4/6 7237/4/6
f 7237/4/6 7233/4/6 7238/4/6
f 7234/4/6 7235/4/6 7239/4/6
f 7239/4/6 7235/4/6 7240/4/6
f 7238/4/6 7239/4/6 7241/4/6
f 7241/4/6 7239/4/6 7242/4/6
f 7243/3/6 7244/3/6 7245/3/6
f 7245/3/6 7244/3/6 7246/3/6
f 7247/3/6 7248/3/6 7249/3/6
f 7249/3/6 7248/3/6 7250/3/6
f 7251/3/6 7252/3/6 7253/3/6
f 7253/3/6 7252/3/6 7254/3/6
f 7255/2/6 7256/2/6 7258/2/6
f 7258/2/6 7256/2/6 7259/2/6
f 7257/2/6 7258/2/6 7262/2/6
f 7262/2/6 7258/2/6 7263/2/6
f 7259/2/6 7260/2/6 7264/2/6
f 7264/2/6 7260/2/6 7265/2/6
f 7261/2/6 7262/2/6 7268/2/6
f 7268/2/6 7262/2/6 7269/2/6
f 7269/2/6 7262/2/6 7270/2/6
f 7265/2/6 7266/2/6 7271/2/6
f 7271/2/6 7266/2/6 7272/2/6
f 7272/2/6 7266/2/6 7273/2/6
f 7267/2/6 7268/2/6 7276/2/6
f 7268/2/6 7269/2/6 7276/2/6
f 7276/2/6 7269/2/6 7277/2/6
f 7277/2/6 7269/2/6 7278/2/6
f 7273/2/6 7274/2/6 7279/2/6
f 7272/2/6 7273/2/6 7279/2/6
f 7279/2/6 7274/2/6 7280/2/6
f 7280/2/6 7274/2/6 7281/2/6
f 7276/2/6 7277/2/6 7283/2/6
f 7275/2/6 7276/2/6 7283/2/6
f 7283/2/6 7277/2/6 7284/2/6
f 7281/2/6 7282/2/6 7285/2/6
f 7280/2/6 7281/2/6 7285/2/6
f 7285/2/6 7282/2/6 7286/2/6
f 7275/2/6 7283/2/6 7288/2/6
f 7288/2/6 7283/2/6 7289/2/6
f 7286/2/6 7282/2/6 7290/2/6
f 7290/2/6 7282/2/6 7291/2/6
f 7287/2/6 7288/2/6 7294/2/6
f 7294/2/6 7288/2/6 7295/2/6
f 7291/2/6 7292/2/6 7296/2/6
f 7296/2/6 7292/2/6 7297/2/6
f 7299/3/6 7300/3/6 7301/3/6
f 7301/3/6 7300/3/6 7302/3/6
f 7293/2/6 7294/2/6 7303/2/6
f 7303/2/6 7294/2/6 7304/2/6
f 7297/2/6 7298/2/6 7307/2/6
f 7307/2/6 7298/2/6 7308/2/6
f 7304/2/6 7305/2/6 7309/2/6
f 7309/2/6 7305/2/6 7310/2/6
f 7306/2/6 7307/2/6 7313/2/6
f 7313/2/6 7307/2/6 7314/2/6
f 7310/2/6 7311/2/6 7315/2/6
f 7312/2/6 7313/2/6 7318/2/6
f 7315/2/6 7316/2/6 7319/2/6
f 7310/2/6 7315/2/6 7319/2/6
f 7319/2/6 7316/2/6 7320/2/6
f 7320/2/6 7316/2/6 7321/2/6
f 7317/2/6 7318/2/6 7324/2/6
f 7318/2/6 7313/2/6 7325/2/6
f 7324/2/6 7318/2/6 7325/2/6
f 7325/2/6 7313/2/6 7326/2/6
f 7321/2/6 7322/2/6 7327/2/6
f 7320/2/6 7321/2/6 7327/2/6
f 7327/2/6 7322/2/6 7328/2/6
f 7328/2/6 7322/2/6 7329/2/6
f 7323/2/6 7324/2/6 7332/2/6
f 7324/2/6 7325/2/6 7332/2/6
f 7332/2/6 7325/2/6 7333/2/6
f 7333/2/6 7325/2/6 7334/2/6
f 7329/2/6 7330/2/6 7335/2/6
f 7328/2/6 7329/2/6 7335/2/6
f 7335/2/6 7330/2/6 7336/2/6
f 7332/2/6 7333/2/6 7339/2/6
f 7331/2/6 7332/2/6 7339/2/6
f 7339/2/6 7333/2/6 7340/2/6
f 7336/2/6 7337/2/6 7341/2/6
f 7341/2/6 7337/2/6 7342/2/6
f 7338/2/6 7339/2/6 7343/2/6
f 7343/2/6 7339/2/6 7344/2/6
f 7342/2/6 7343/2/6 7345/2/6
f 7345/2/6 7343/2/6 7346/2/6
f 7347/3/6 7348/3/6 7349/3/6
f 7349/3/6 7348/3/6 7350/3/6
f 7351/3/6 7352/3/6 7353/3/6
f 7353/3/6 7352/3/6 7354/3/6
f 7355/3/6 7356/3/6 7357/3/6
f 7357/3/6 7356/3/6 7358/3/6
f 7359/3/6 7360/3/6 7361/3/6
f 7361/3/6 7360/3/6 7362/3/6
f 7363/3/6 7364/3/6 7365/3/6
f 7365/3/6 7364/3/6 7366/3/6
f 7367/3/6 7368/3/6 7369/3/6
f 7369/3/6 7368/3/6 7370/3/6
f 7371/3/6 7372/3/6 7373/3/6
f 7373/3/6 7372/3/6 7374/3/6
f 7375/3/6 7376/3/6 7377/3/6
f 7377/3/6 7376/3/6 7378/3/6
f 7379/3/6 7380/3/6 7381/3/6
f 7381/3/6 7380/3/6 7382/3/6
f 7383/3/6 7384/3/6 7385/3/6
f 7385/3/6 7384/3/6 7386/3/6
f 7387/3/6 7388/3/6 7389/3/6
f 7389/3/6 7388/3/6 7390/3/6
f 7391/3/6 7392/3/6 7393/3/6
f 7393/3/6 7392/3/6 7394/3/6
f 7395/3/6 7396/3/6 7397/3/6
f 7397/3/6 7396/3/6 7398/3/6
f 7399/3/6 7400/3/6 7401/3/6
f 7401/3/6 7400/3/6 7402/3/6
f 7403/3/6 7404/3/6 7405/3/6
f 7405/3/6 7404/3/6 7406/3/6
f 7407/3/6 7408/3/6 7409/3/6
f 7409/3/6 7408/3/6 7410/3/6
f 7411/3/6 7412/3/6 7413/3/6
f 7413/3/6 7412/3/6 7414/3/6
f 7415/3/6 7416/3/6 7417/3/6
f 7417/3/6 7416/3/6 7418/3/6
f 7419/3/6 7420/3/6 7421/3/6
f 7421/3/6 7420/3/6 7422/3/6
f 7423/3/6 7424/3/6 7425/3/6
f 7425/3/6 7424/3/6 7426/3/6
f 7427/3/6 7428/3/6 7429/3/6
f 7429/3/6 7428/3/6 7430/3/6
f 7431/3/6 7432/3/6 7433/3/6
f 7433/3/6 7432/3/6 7434/3/6
f 7435/3/6 7436/3/6 7437/3/6
f 7437/3/6 7436/3/6 7438/3/6
f 7439/3/6 7440/3/6 7441/3/6
f 7441/3/6 7440/3/6 7442/3/6
f 7443/3/6 7444/3/6 7445/3/6
f 7445/3/6 7444/3/6 7446/3/6
f 7447/3/6 7448/3/6 7449/3/6
f 7449/3/6 7448/3/6 7450/3/6
f 7451/3/6 7452/3/6 7453/3/6
f 7453/3/6 7452/3/6 7454/3/6
f 7455/3/6 7456/3/6 7457/3/6
f 7457/3/6 7456/3/6 7458/3/6
f 7459/3/6 7460/3/6 7461/3/6
f 7461/3/6 7460/3/6 7462/3/6
f 7463/3/6 7464/3/6 7465/3/6
f 7465/3/6 7464/3/6 7466/3/6
f 7467/3/6 7468/3/6 7469/3/6
f 7469/3/6 7468/3/6 7470/3/6
f 7471/3/6 7472/3/6 7473/3/6
f 7473/3/6 7472/3/6 7474/3/6
f 7475/3/6 7476/3/6 7477/3/6
f 7477/3/6 7476/3/6 7478/3/6
f 7479/3/6 7480/3/6 7481/3/6
f 7481/3/6 7480/3/6 7482/3/6
f 7483/3/6 7484/3/6 7485/3/6
f 7485/3/6 7484/3/6 7486/3/6
f 7487/3/6 7488/3/6 7489/3/6
f 7489/3/6 7488/3/6 7490/3/6
f 7491/3/6 7492/3/6 7493/3/6
f 7493/3/6 7492/3/6 7494/3/6
f 7495/3/6 7496/3/6 7497/3/6
f 7497/3/6 7496/3/6 7498/3/6
f 7499/3/6 7500/3/6 7501/3/6
f 7501/3/6 7500/3/6 7502/3/6
f 7503/3/6 7504/3/6 7505/3/6
f 7505/3/6 7504/3/6 7506/3/6
f 7507/3/6 7508/3/6 7509/3/6
f 7509/3/6 7508/3/6 7510/3/6
f 7511/3/6 7512/3/6 7513/3/6
f 7513/3/6 7512/3/6 7514/3/6
f 7515/3/6 7516/3/6 7518/3/6
f 7518/3/6 7516/3/6 7519/3/6
f 7517/3/6 7518/3/6 7519/3/6
f 7517/3/6 7519/3/6 7522/3/6
f 7519/3/6 7520/3/6 7522/3/6
f 7522/3/6 7520/3/6 7523/3/6
f 7521/3/6 7522/3/6 7523/3/6
f 7521/3/6 7523/3/6 7526/3/6
f 7523/3/6 7524/3/6 7526/3/6
f 7526/3/6 7524/3/6 7527/3/6
f 7525/3/6 7526/3/6 7527/3/6
f 7525/3/6 7527/3/6 7530/3/6
f 7527/3/6 7528/3/6 7530/3/6
f 7530/3/6 7528/3/6 7531/3/6
f 7529/3/6 7530/3/6 7534/3/6
f 7531/3/6 7532/3/6 7534/3/6
f 7530/3/6 7531/3/6 7534/3/6
f 7534/3/6 7532/3/6 7535/3/6
f 7533/3/6 7534/3/6 7537/3/6
f 7535/3/6 7536/3/6 7537/3/6
f 7534/3/6 7535/3/6 7537/3/6
f 7537/3/6 7536/3/6 7538/3/6
f 7533/3/6 7537/3/6 7539/3/6
f 7539/3/6 7537/3/6 7540/3/6
f 7538/3/6 7536/3/6 7541/3/6
f 7541/3/6 7536/3/6 7542/3/6
f 7533/3/6 7539/3/6 7544/3/6
f 7542/3/6 7536/3/6 7545/3/6
f 7543/3/6 7544/3/6 7547/3/6
f 7544/3/6 7539/3/6 7547/3/6
f 7547/3/6 7539/3/6 7548/3/6
f 7545/3/6 7546/3/6 7549/3/6
f 7542/3/6 7545/3/6 7549/3/6
f 7549/3/6 7546/3/6 7550/3/6
f 7543/3/6 7547/3/6 7551/3/6
f 7551/3/6 7547/3/6 7552/3/6
f 7550/3/6 7546/3/6 7553/3/6
f 7553/3/6 7546/3/6 7554/3/6
f 7543/3/6 7551/3/6 7556/3/6
f 7554/3/6 7546/3/6 7557/3/6
f 7555/3/6 7556/3/6 7559/3/6
f 7556/3/6 7551/3/6 7559/3/6
f 7559/3/6 7551/3/6 7560/3/6
f 7557/3/6 7558/3/6 7561/3/6
f 7554/3/6 7557/3/6 7561/3/6
f 7561/3/6 7558/3/6 7562/3/6
f 7562/3/6 7558/3/6 7563/3/6
f 7563/3/6 7558/3/6 7564/3/6
f 7564/3/6 7558/3/6 7565/3/6
f 7565/3/6 7558/3/6 7566/3/6
f 7555/3/6 7559/3/6 7567/3/6
f 7566/3/6 7558/3/6 7570/3/6
f 7567/3/6 7568/3/6 7571/3/6
f 7555/3/6 7567/3/6 7571/3/6
f 7571/3/6 7568/3/6 7572/3/6
f 7569/3/6 7570/3/6 7573/3/6
f 7570/3/6 7558/3/6 7573/3/6
f 7573/3/6 7558/3/6 7574/3/6
f 7572/3/6 7568/3/6 7575/3/6
f 7569/3/6 7573/3/6 7578/3/6
f 7575/3/6 7576/3/6 7579/3/6
f 7577/3/6 7578/3/6 7582/3/6
f 7579/3/6 7580/3/6 7583/3/6
f 7572/3/6 7575/3/6 7583/3/6
f 7575/3/6 7579/3/6 7583/3/6
f 7583/3/6 7580/3/6 7584/3/6
f 7581/3/6 7582/3/6 7585/3/6
f 7582/3/6 7578/3/6 7585/3/6
f 7578/3/6 7573/3/6 7585/3/6
f 7585/3/6 7573/3/6 7586/3/6
f 7584/3/6 7580/3/6 7587/3/6
f 7581/3/6 7585/3/6 7590/3/6
f 7587/3/6 7588/3/6 7591/3/6
f 7589/3/6 7590/3/6 7592/3/6
f 7587/3/6 7591/3/6 7593/3/6
f 7591/3/6 7592/3/6 7593/3/6
f 7584/3/6 7587/3/6 7593/3/6
f 7593/3/6 7592/3/6 7594/3/6
f 7592/3/6 7590/3/6 7595/3/6
f 7594/3/6 7592/3/6 7595/3/6
f 7590/3/6 7585/3/6 7595/3/6
f 7595/3/6 7585/3/6 7596/3/6
f 7594/3/6 7595/3/6 7597/3/6
f 7597/3/6 7595/3/6 7598/3/6
f 7598/3/6 7595/3/6 7599/3/6
f 7599/3/6 7595/3/6 7600/3/6
f 7598/3/6 7599/3/6 7601/3/6
f 7601/3/6 7599/3/6 7602/3/6
f 7602/3/6 7599/3/6 7603/3/6
f 7603/3/6 7599/3/6 7604/3/6
f 7602/3/6 7603/3/6 7605/3/6
f 7605/3/6 7603/3/6 7606/3/6
f 7606/3/6 7603/3/6 7607/3/6
f 7607/3/6 7603/3/6 7608/3/6
f 7606/3/6 7607/3/6 7609/3/6
f 7609/3/6 7607/3/6 7610/3/6
f 7610/3/6 7607/3/6 7611/3/6
f 7611/3/6 7607/3/6 7612/3/6
f 7610/3/6 7611/3/6 7613/3/6
f 7613/3/6 7611/3/6 7614/3/6
f 7615/5/6 7616/5/6 7617/5/6
f 7617/5/6 7616/5/6 7618/5/6
f 7619/5/6 7620/5/6 7621/5/6
f 7621/5/6 7620/5/6 7622/5/6
f 7623/1/6 7624/1/6 7625/1/6
f 7625/1/6 7624/1/6 7626/1/6
f 7627/1/6 7628/1/6 7631/1/6
f 7631/1/6 7628/1/6 7632/1/6
f 7629/1/6 7630/1/6 7633/1/6
f 7633/1/6 7630/1/6 7634/1/6
f 7635/1/6 7636/1/6 7639/1/6
f 7639/1/6 7636/1/6 7640/1/6
f 7637/1/6 7638/1/6 7641/1/6
f 7641/1/6 7638/1/6 7642/1/6
f 7642/1/6 7638/1/6 7643/1/6
f 7643/1/6 7638/1/6 7644/1/6
f 7645/1/6 7646/1/6 7647/1/6
f 7647/1/6 7646/1/6 7648/1/6
f 7649/1/6 7650/1/6 7651/1/6
f 7651/1/6 7650/1/6 7652/1/6
f 7653/1/6 7654/1/6 7655/1/6
f 7655/1/6 7654/1/6 7656/1/6
f 7657/1/6 7658/1/6 7661/1/6
f 7661/1/6 7658/1/6 7662/1/6
f 7659/1/6 7660/1/6 7663/1/6
f 7663/1/6 7660/1/6 7664/1/6
f 7664/1/6 7660/1/6 7665/1/6
f 7665/1/6 7660/1/6 7666/1/6
f 7667/1/6 7668/1/6 7671/1/6
f 7671/1/6 7668/1/6 7672/1/6
f 7669/1/6 7670/1/6 7673/1/6
f 7673/1/6 7670/1/6 7674/1/6
f 7674/1/6 7670/1/6 7675/1/6
f 7675/1/6 7670/1/6 7676/1/6
f 7677/1/6 7678/1/6 7679/1/6
f 7679/1/6 7678/1/6 7680/1/6
f 7681/1/6 7682/1/6 7686/1/6
f 7683/1/6 7684/1/6 7687/1/6
f 7687/1/6 7684/1/6 7688/1/6
f 7685/1/6 7686/1/6 7689/1/6
f 7686/1/6 7682/1/6 7690/1/6
f 7689/1/6 7686/1/6 7690/1/6
f 7691/1/6 7692/1/6 7696/1/6
f 7693/1/6 7694/1/6 7697/1/6
f 7697/1/6 7694/1/6 7698/1/6
f 7695/1/6 7696/1/6 7699/1/6
f 7696/1/6 7692/1/6 7700/1/6
f 7699/1/6 7696/1/6 7700/1/6
f 7701/1/6 7702/1/6 7706/1/6
f 7703/1/6 7704/1/6 7707/1/6
f 7705/1/6 7706/1/6 7710/1/6
f 7707/1/6 7708/1/6 7711/1/6
f 7703/1/6 7707/1/6 7711/1/6
f 7711/1/6 7708/1/6 7712/1/6
f 7709/1/6 7710/1/6 7713/1/6
f 7706/1/6 7702/1/6 7714/1/6
f 7713/1/6 7710/1/6 7714/1/6
f 7710/1/6 7706/1/6 7714/1/6
f 7715/1/6 7716/1/6 7720/1/6
f 7717/1/6 7718/1/6 7721/1/6
f 7721/1/6 7718/1/6 7722/1/6
f 7719/1/6 7720/1/6 7723/1/6
f 7720/1/6 7716/1/6 7724/1/6
f 7723/1/6 7720/1/6 7724/1/6
f 7725/1/6 7726/1/6 7730/1/6
f 7727/1/6 7728/1/6 7731/1/6
f 7731/1/6 7728/1/6 7732/1/6
f 7729/1/6 7730/1/6 7733/1/6
f 7730/1/6 7726/1/6 7734/1/6
f 7733/1/6 7730/1/6 7734/1/6
f 7735/1/6 7736/1/6 7740/1/6
f 7737/1/6 7738/1/6 7741/1/6
f 7741/1/6 7738/1/6 7742/1/6
f 7739/1/6 7740/1/6 7743/1/6
f 7740/1/6 7736/1/6 7744/1/6
f 7743/1/6 7740/1/6 7744/1/6
f 7745/1/6 7746/1/6 7750/1/6
f 7747/1/6 7748/1/6 7751/1/6
f 7749/1/6 7750/1/6 7754/1/6
f 7751/1/6 7752/1/6 7755/1/6
f 7747/1/6 7751/1/6 7755/1/6
f 7755/1/6 7752/1/6 7756/1/6
f 7753/1/6 7754/1/6 7757/1/6
f 7750/1/6 7746/1/6 7758/1/6
f 7757/1/6 7754/1/6 7758/1/6
f 7754/1/6 7750/1/6 7758/1/6
f 7759/1/6 7760/1/6 7763/1/6
f 7761/1/6 7762/1/6 7766/1/6
f 7763/1/6 7764/1/6 7767/1/6
f 7759/1/6 7763/1/6 7767/1/6
f 7767/1/6 7764/1/6 7768/1/6
f 7765/1/6 7766/1/6 7769/1/6
f 7766/1/6 7762/1/6 7770/1/6
f 7769/1/6 7766/1/6 7770/1/6
f 7771/1/6 7772/1/6 7776/1/6
f 7773/1/6 7774/1/6 7777/1/6
f 7777/1/6 7774/1/6 7778/1/6
f 7775/1/6 7776/1/6 7779/1/6
f 7776/1/6 7772/1/6 7780/1/6
f 7779/1/6 7776/1/6 7780/1/6
f 7781/1/6 7782/1/6 7784/1/6
f 7784/1/6 7782/1/6 7785/1/6
f 7783/1/6 7784/1/6 7788/1/6
f 7785/1/6 7786/1/6 7788/1/6
f 7784/1/6 7785/1/6 7788/1/6
f 7788/1/6 7786/1/6 7789/1/6
f 7787/1/6 7788/1/6 7792/1/6
f 7789/1/6 7790/1/6 7792/1/6
f 7788/1/6 7789/1/6 7792/1/6
f 7792/1/6 7790/1/6 7793/1/6
f 7791/1/6 7792/1/6 7796/1/6
f 7793/1/6 7794/1/6 7796/1/6
f 7792/1/6 7793/1/6 7796/1/6
f 7796/1/6 7794/1/6 7797/1/6
f 7795/1/6 7796/1/6 7800/1/6
f 7797/1/6 7798/1/6 7800/1/6
f 7796/1/6 7797/1/6 7800/1/6
f 7800/1/6 7798/1/6 7801/1/6
f 7799/1/6 7800/1/6 7804/1/6
f 7801/1/6 7802/1/6 7804/1/6
f 7800/1/6 7801/1/6 7804/1/6
f 7804/1/6 7802/1/6 7805/1/6
f 7803/1/6 7804/1/6 7808/1/6
f 7805/1/6 7806/1/6 7808/1/6
f 7804/1/6 7805/1/6 7808/1/6
f 7808/1/6 7806/1/6 7809/1/6
f 7807/1/6 7808/1/6 7812/1/6
f 7809/1/6 7810/1/6 7812/1/6
f 7808/1/6 7809/1/6 7812/1/6
f 7812/1/6 7810/1/6 7813/1/6
f 7811/1/6 7812/1/6 7816/1/6
f 7813/1/6 7814/1/6 7816/1/6
f 7812/1/6 7813/1/6 7816/1/6
f 7816/1/6 7814/1/6 7817/1/6
f 7815/1/6 7816/1/6 7820/1/6
f 7817/1/6 7818/1/6 7820/1/6
f 7816/1/6 7817/1/6 7820/1/6
f 7820/1/6 7818/1/6 7821/1/6
f 7819/1/6 7820/1/6 7824/1/6
f 7821/1/6 7822/1/6 7824/1/6
f 7820/1/6 7821/1/6 7824/1/6
f 7824/1/6 7822/1/6 7825/1/6
f 7823/1/6 7824/1/6 7828/1/6
f 7825/1/6 7826/1/6 7828/1/6
f 7824/1/6 7825/1/6 7828/1/6
f 7828/1/6 7826/1/6 7829/1/6
f 7827/1/6 7828/1/6 7832/1/6
f 7829/1/6 7830/1/6 7832/1/6
f 7828/1/6 7829/1/6 7832/1/6
f 7832/1/6 7830/1/6 7833/1/6
f 7831/1/6 7832/1/6 7836/1/6
f 7833/1/6 7834/1/6 7836/1/6
f 7832/1/6 7833/1/6 7836/1/6
f 7836/1/6 7834/1/6 7837/1/6
f 7835/1/6 7836/1/6 7840/1/6
f 7837/1/6 7838/1/6 7840/1/6
f 7836/1/6 7837/1/6 7840/1/6
f 7840/1/6 7838/1/6 7841/1/6
f 7839/1/6 7840/1/6 7844/1/6
f 7841/1/6 7842/1/6 7844/1/6
f 7840/1/6 7841/1/6 7844/1/6
f 7844/1/6 7842/1/6 7845/1/6
f 7843/1/6 7844/1/6 7848/1/6
f 7845/1/6 7846/1/6 7848/1/6
f 7844/1/6 7845/1/6 7848/1/6
f 7848/1/6 7846/1/6 7849/1/6
f 7847/1/6 7848/1/6 7852/1/6
f 7849/1/6 7850/1/6 7852/1/6
f 7848/1/6 7849/1/6 7852/1/6
f 7852/1/6 7850/1/6 7853/1/6
f 7851/1/6 7852/1/6 7856/1/6
f 7853/1/6 7854/1/6 7856/1/6
f 7852/1/6 7853/1/6 7856/1/6
f 7856/1/6 7854/1/6 7857/1/6
f 7855/1/6 7856/1/6 7860/1/6
f 7857/1/6 7858/1/6 7860/1/6
f 7856/1/6 7857/1/6 7860/1/6
f 7860/1/6 7858/1/6 7861/1/6
f 7859/1/6 7860/1/6 7864/1/6
f 7861/1/6 7862/1/6 7864/1/6
f 7860/1/6 7861/1/6 7864/1/6
f 7864/1/6 7862/1/6 7865/1/6
f 7863/1/6 7864/1/6 7868/1/6
f 7865/1/6 7866/1/6 7868/1/6
f 7864/1/6 7865/1/6 7868/1/6
f 7868/1/6 7866/1/6 7869/1/6
f 7867/1/6 7868/1/6 7872/1/6
f 7869/1/6 7870/1/6 7872/1/6
f 7868/1/6 7869/1/6 7872/1/6
f 7872/1/6 7870/1/6 7873/1/6
f 7871/1/6 7872/1/6 7876/1/6
f 7873/1/6 7874/1/6 7876/1/6
f 7872/1/6 7873/1/6 7876/1/6
f 7876/1/6 7874/1/6 7877/1/6
f 7875/1/6 7876/1/6 7880/1/6
f 7877/1/6 7878/1/6 7880/1/6
f 7876/1/6 7877/1/6 7880/1/6
f 7880/1/6 7878/1/6 7881/1/6
f 7879/1/6 7880/1/6 7884/1/6
f 7881/1/6 7882/1/6 7884/1/6
f 7880/1/6 7881/1/6 7884/1/6
f 7884/1/6 7882/1/6 7885/1/6
f 7883/1/6 7884/1/6 7888/1/6
f 7885/1/6 7886/1/6 7888/1/6
f 7884/1/6 7885/1/6 7888/1/6
f 7888/1/6 7886/1/6 7889/1/6
f 7887/1/6 7888/1/6 7892/1/6
f 7889/1/6 7890/1/6 7892/1/6
f 7888/1/6 7889/1/6 7892/1/6
f 7892/1/6 7890/1/6 7893/1/6
f 7891/1/6 7892/1/6 7896/1/6
f 7893/1/6 7894/1/6 7896/1/6
f 7892/1/6 7893/1/6 7896/1/6
f 7896/1/6 7894/1/6 7897/1/6
f 7895/1/6 7896/1/6 7900/1/6
f 7897/1/6 7898/1/6 7900/1/6
f 7896/1/6 7897/1/6 7900/1/6
f 7900/1/6 7898/1/6 7901/1/6
f 7899/1/6 7900/1/6 7904/1/6
f 7901/1/6 7902/1/6 7904/1/6
f 7900/1/6 7901/1/6 7904/1/6
f 7904/1/6 7902/1/6 7905/1/6
f 7903/1/6 7904/1/6 7908/1/6
f 7905/1/6 7906/1/6 7908/1/6
f 7904/1/6 7905/1/6 7908/1/6
f 7908/1/6 7906/1/6 7909/1/6
f 7907/1/6 7908/1/6 7912/1/6
f 7909/1/6 7910/1/6 7912/1/6
f 7908/1/6 7909/1/6 7912/1/6
f 7912/1/6 7910/1/6 7913/1/6
f 7911/1/6 7912/1/6 7916/1/6
f 7913/1/6 7914/1/6 7916/1/6
f 7912/1/6 7913/1/6 7916/1/6
f 7916/1/6 7914/1/6 7917/1/6
f 7915/1/6 7916/1/6 7919/1/6
f 7917/1/6 7918/1/6 7919/1/6
f 7916/1/6 7917/1/6 7919/1/6
f 7919/1/6 7918/1/6 7920/1/6
f 7920/1/6 7918/1/6 7921/1/6
f 7921/1/6 7918/1/6 7922/1/6
f 7920/1/6 7921/1/6 7923/1/6
f 7923/1/6 7921/1/6 7924/1/6
f 7924/1/6 7921/1/6 7925/1/6
f 7925/1/6 7921/1/6 7926/1/6
f 7924/1/6 7925/1/6 7927/1/6
f 7927/1/6 7925/1/6 7928/1/6
f 7928/1/6 7925/1/6 7929/1/6
f 7929/1/6 7925/1/6 7930/1/6
f 7928/1/6 7929/1/6 7931/1/6
f 7931/1/6 7929/1/6 7932/1/6
f 7932/1/6 7929/1/6 7933/1/6
f 7933/1/6 7929/1/6 7934/1/6
f 7932/1/6 7933/1/6 7935/1/6
f 7935/1/6 7933/1/6 7936/1/6
f 7936/1/6 7933/1/6 7937/1/6
f 7937/1/6 7933/1/6 7938/1/6
f 7936/1/6 7937/1/6 7939/1/6
f 7939/1/6 7937/1/6 7940/1/6
f 7940/1/6 7937/1/6 7941/1/6
f 7941/1/6 7937/1/6 7942/1/6
f 7940/1/6 7941/1/6 7943/1/6
f 7943/1/6 7941/1/6 7944/1/6
f 7944/1/6 7941/1/6 7945/1/6
f 7945/1/6 7941/1/6 7946/1/6
f 7944/1/6 7945/1/6 7947/1/6
f 7947/1/6 7945/1/6 7948/1/6
f 7948/1/6 7945/1/6 7949/1/6
f 7949/1/6 7945/1/6 7950/1/6
f 7948/1/6 7949/1/6 7951/1/6
f 7951/1/6 7949/1/6 7952/1/6
f 7952/1/6 7949/1/6 7953/1/6
f 7953/1/6 7949/1/6 7954/1/6
f 7952/1/6 7953/1/6 7955/1/6
f 7955/1/6 7953/1/6 7956/1/6
f 7956/1/6 7953/1/6 7957/1/6
f 7957/1/6 7953/1/6 7958/1/6
f 7956/1/6 7957/1/6 7959/1/6
f 7959/1/6 7957/1/6 7960/1/6
f 7960/1/6 7957/1/6 7961/1/6
f 7961/1/6 7957/1/6 7962/1/6
f 7960/1/6 7961/1/6 7963/1/6
f 7963/1/6 7961/1/6 7964/1/6
f 7964/1/6 7961/1/6 7965/1/6
f 7965/1/6 7961/1/6 7966/1/6
f 7964/1/6 7965/1/6 7967/1/6
f 7967/1/6 7965/1/6 7968/1/6
f 7968/1/6 7965/1/6 7969/1/6
f 7969/1/6 7965/1/6 7970/1/6
f 7968/1/6 7969/1/6 7971/1/6
f 7971/1/6 7969/1/6 7972/1/6
f 7972/1/6 7969/1/6 7973/1/6
f 7973/1/6 7969/1/6 7974/1/6
f 7972/1/6 7973/1/6 7975/1/6
f 7975/1/6 7973/1/6 7976/1/6
f 7976/1/6 7973/1/6 7977/1/6
f 7977/1/6 7973/1/6 7978/1/6
f 7976/1/6 7977/1/6 7979/1/6
f 7979/1/6 7977/1/6 7980/1/6
f 7980/1/6 7977/1/6 7981/1/6
f 7981/1/6 7977/1/6 7982/1/6
f 7980/1/6 7981/1/6 7983/1/6
f 7983/1/6 7981/1/6 7984/1/6
f 7984/1/6 7981/1/6 7985/1/6
f 7985/1/6 7981/1/6 7986/1/6
f 7984/1/6 7985/1/6 7987/1/6
f 7987/1/6 7985/1/6 7988/1/6
f 7988/1/6 7985/1/6 7989/1/6
f 7989/1/6 7985/1/6 7990/1/6
f 7988/1/6 7989/1/6 7991/1/6
f 7991/1/6 7989/1/6 7992/1/6
f 7992/1/6 7989/1/6 7993/1/6
f 7993/1/6 7989/1/6 7994/1/6
f 7992/1/6 7993/1/6 7995/1/6
f 7995/1/6 7993/1/6 7996/1/6
f 7996/1/6 7993/1/6 7997/1/6
f 7997/1/6 7993/1/6 7998/1/6
f 7996/1/6 7997/1/6 7999/1/6
f 7999/1/6 7997/1/6 8000/1/6
f 8000/1/6 7997/1/6 8001/1/6
f 8001/1/6 7997/1/6 8002/1/6
f 8000/1/6 8001/1/6 8003/1/6
f 8003/1/6 8001/1/6 8004/1/6
f 8004/1/6 8001/1/6 8005/1/6
f 8005/1/6 8001/1/6 8006/1/6
f 8004/1/6 8005/1/6 8007/1/6
f 8007/1/6 8005/1/6 8008/1/6
f 8008/1/6 8005/1/6 8009/1/6
f 8009/1/6 8005/1/6 8010/1/6
f 8008/1/6 8009/1/6 8011/1/6
f 8011/1/6 8009/1/6 8012/1/6
f 8012/1/6 8009/1/6 8013/1/6
f 8013/1/6 8009/1/6 8014/1/6
f 8012/1/6 8013/1/6 8015/1/6
f 8015/1/6 8013/1/6 8016/1/6
f 8016/1/6 8013/1/6 8017/1/6
f 8017/1/6 8013/1/6 8018/1/6
f 8016/1/6 8017/1/6 8019/1/6
f 8019/1/6 8017/1/6 8020/1/6
f 8020/1/6 8017/1/6 8021/1/6
f 8021/1/6 8017/1/6 8022/1/6
f 8020/1/6 8021/1/6 8023/1/6
f 8023/1/6 8021/1/6 8024/1/6
f 8024/1/6 8021/1/6 8025/1/6
f 8025/1/6 8021/1/6 8026/1/6
f 8024/1/6 8025/1/6 8027/1/6
f 8027/1/6 8025/1/6 8028/1/6
f 8028/1/6 8025/1/6 8029/1/6
f 8029/1/6 8025/1/6 8030/1/6
f 8028/1/6 8029/1/6 8031/1/6
f 8031/1/6 8029/1/6 8032/1/6
f 8032/1/6 8029/1/6 8033/1/6
f 8033/1/6 8029/1/6 8034/1/6
f 8032/1/6 8033/1/6 8035/1/6
f 8035/1/6 8033/1/6 8036/1/6
f 8036/1/6 8033/1/6 8037/1/6
f 8037/1/6 8033/1/6 8038/1/6
f 8036/1/6 8037/1/6 8039/1/6
f 8039/1/6 8037/1/6 8040/1/6
f 8040/1/6 8037/1/6 8041/1/6
f 8041/1/6 8037/1/6 8042/1/6
f 8040/1/6 8041/1/6 8043/1/6
f 8043/1/6 8041/1/6 8044/1/6
f 8044/1/6 8041/1/6 8045/1/6
f 8045/1/6 8041/1/6 8046/1/6
f 8044/1/6 8045/1/6 8047/1/6
f 8047/1/6 8045/1/6 8048/1/6
f 8048/1/6 8045/1/6 8049/1/6
f 8049/1/6 8045/1/6 8050/1/6
f 8048/1/6 8049/1/6 8051/1/6
f 8051/1/6 8049/1/6 8052/1/6
f 8052/1/6 8049/1/6 8053/1/6
f 8053/1/6 8049/1/6 8054/1/6
f 8052/1/6 8053/1/6 8055/1/6
f 8055/1/6 8053/1/6 8056/1/6
